Command: /home/Yasir_Alqulayti/DV/Wishbone_x_I2C/tb/./simv -l sim.log +UVM_TESTNAME=wb_write_byte_on_i2c +UVM_VERBOSITY=UVM_HIGH -timescale 1ns/1ns
Chronologic VCS simulator copyright 1991-2024
Contains Synopsys proprietary information.
Compiler version W-2024.09-SP1_Full64; Runtime version W-2024.09-SP1_Full64;  May 25 12:25 2025
----------------------------------------------------------------
UVM-1.1d.Synopsys
(C) 2007-2013 Mentor Graphics Corporation
(C) 2007-2013 Cadence Design Systems, Inc.
(C) 2006-2013 Synopsys, Inc.
(C) 2011-2013 Cypress Semiconductor Corp.
----------------------------------------------------------------

  ***********       IMPORTANT RELEASE NOTES         ************

  You are using a version of the UVM library that has been compiled
  with `UVM_NO_DEPRECATED undefined.
  See http://www.eda.org/svdb/view.php?id=3313 for more details.

  You are using a version of the UVM library that has been compiled
  with `UVM_OBJECT_MUST_HAVE_CONSTRUCTOR undefined.
  See http://www.eda.org/svdb/view.php?id=3770 for more details.

      (Specify +UVM_NO_RELNOTES to turn off this notice)

UVM_INFO @ 0: reporter [RNTST] Running test wb_write_byte_on_i2c...
UVM_INFO ../tests/wb_i2c_test_lib.sv(19) @ 0: uvm_test_top [wb_write_byte_on_i2c] Inside build phase of base_test (test library class)
UVM_INFO @ 0: reporter [UVMTOP] UVM testbench topology:
--------------------------------------------------------------------------------
Name                         Type                               Size  Value     
--------------------------------------------------------------------------------
uvm_test_top                 wb_write_byte_on_i2c               -     @469      
  tb                         testbench                          -     @482      
    clk_rst                  clock_and_reset_env                -     @510      
      agent                  clock_and_reset_agent              -     @657      
        driver               clock_and_reset_driver             -     @669      
          rsp_port           uvm_analysis_port                  -     @686      
          seq_item_port      uvm_seq_item_pull_port             -     @677      
        sequencer            clock_and_reset_sequencer          -     @695      
          rsp_export         uvm_analysis_export                -     @703      
          seq_item_export    uvm_seq_item_pull_imp              -     @809      
          arbitration_queue  array                              0     -         
          lock_queue         array                              0     -         
          num_last_reqs      integral                           32    'd1       
          num_last_rsps      integral                           32    'd1       
    i2c                      i2c_env                            -     @518      
      slaves[0]              i2c_slave_agent                    -     @826      
        driver               i2c_slave_driver                   -     @981      
          rsp_port           uvm_analysis_port                  -     @998      
          seq_item_port      uvm_seq_item_pull_port             -     @989      
          slave_id           integral                           32    'h0       
        monitor              i2c_slave_monitor                  -     @841      
          i2c_analysis_port  uvm_analysis_port                  -     @849      
          slave_id           integral                           32    'h0       
        sequencer            i2c_slave_sequencer                -     @858      
          rsp_export         uvm_analysis_export                -     @866      
          seq_item_export    uvm_seq_item_pull_imp              -     @972      
          slave_id           integral                           32    'h0       
          arbitration_queue  array                              0     -         
          lock_queue         array                              0     -         
          num_last_reqs      integral                           32    'd1       
          num_last_rsps      integral                           32    'd1       
        is_active            uvm_active_passive_enum            1     UVM_ACTIVE
        slave_id             integral                           32    'h0       
      num_masters            integral                           32    'h0       
      num_slaves             integral                           32    'h1       
    mc_seqr                  mc_sequencer                       -     @526      
      rsp_export             uvm_analysis_export                -     @534      
      seq_item_export        uvm_seq_item_pull_imp              -     @640      
      arbitration_queue      array                              0     -         
      lock_queue             array                              0     -         
      num_last_reqs          integral                           32    'd1       
      num_last_rsps          integral                           32    'd1       
    sb_module                i2c_module                         -     @649      
      i2c_ref_model          wb_x_i2c_ref_model                 -     @1048     
        sbd_port             uvm_analysis_port                  -     @1065     
        wb_imp               uvm_analysis_imp_wb                -     @1056     
      i2c_sbd                i2c_scoreboard                     -     @1022     
        i2c_imp              uvm_analysis_imp_i2c               -     @1039     
        ref_model_imp        uvm_analysis_imp_wb_i2c_ref_model  -     @1030     
    wb                       wb_env                             -     @502      
      masters[0]             wb_master_agent                    -     @1077     
        driver               wb_master_driver                   -     @1232     
          rsp_port           uvm_analysis_port                  -     @1249     
          seq_item_port      uvm_seq_item_pull_port             -     @1240     
          master_id          integral                           32    'h0       
        monitor              wb_master_monitor                  -     @1092     
          wb_port            uvm_analysis_port                  -     @1100     
          master_id          integral                           32    'h0       
        sequencer            wb_master_sequencer                -     @1109     
          rsp_export         uvm_analysis_export                -     @1117     
          seq_item_export    uvm_seq_item_pull_imp              -     @1223     
          master_id          integral                           32    'h0       
          arbitration_queue  array                              0     -         
          lock_queue         array                              0     -         
          num_last_reqs      integral                           32    'd1       
          num_last_rsps      integral                           32    'd1       
        is_active            uvm_active_passive_enum            1     UVM_ACTIVE
        master_id            integral                           32    'h0       
      num_masters            integral                           32    'h1       
      num_slaves             integral                           32    'h0       
--------------------------------------------------------------------------------

UVM_INFO ../sequences/wb_i2c_mcseqs_lib.sv(35) @ 0: uvm_test_top.tb.mc_seqr@@i2c_write_mc_seq [i2c_write_mc_seq] raise objection
UVM_INFO ../clock_and_reset/sv/clock_and_reset_seq.sv(48) @ 0: uvm_test_top.tb.clk_rst.agent.sequencer@@clk10_rst5_seq [clk10_rst5_seq] Starting test_sequence sequence body
UVM_INFO ../clock_and_reset/sv/clock_and_reset_seq.sv(20) @ 0: uvm_test_top.tb.clk_rst.agent.sequencer@@clk10_rst5_seq.cr [clock_and_reset_sequence] starting body clock_and_reset_wait_seq
UVM_INFO ../sequences/wb_i2c_sequences.sv(75) @ 0: uvm_test_top.tb.wb.masters[0].sequencer@@i2c_write_mc_seq.i2c_400k [i2c_400k_seq] Executing sequence
UVM_INFO ../clock_and_reset/sv/clock_and_reset_seq.sv(48) @ 0: uvm_test_top.tb.clk_rst.agent.sequencer@@clk10_rst5_seq [clk10_rst5_seq] Starting test_sequence sequence body
UVM_INFO ../clock_and_reset/sv/clock_and_reset_seq.sv(20) @ 0: uvm_test_top.tb.clk_rst.agent.sequencer@@clk10_rst5_seq.cr [clock_and_reset_sequence] starting body clock_and_reset_wait_seq
UVM_INFO ../clock_and_reset/sv/clock_and_reset_seq.sv(48) @ 0: uvm_test_top.tb.clk_rst.agent.sequencer@@clk10_rst5_seq [clk10_rst5_seq] Starting test_sequence sequence body
UVM_INFO ../clock_and_reset/sv/clock_and_reset_seq.sv(20) @ 0: uvm_test_top.tb.clk_rst.agent.sequencer@@clk10_rst5_seq.cr [clock_and_reset_sequence] starting body clock_and_reset_wait_seq
UVM_INFO ../clock_and_reset/sv/clock_and_reset_seq.sv(48) @ 0: uvm_test_top.tb.clk_rst.agent.sequencer@@clk10_rst5_seq [clk10_rst5_seq] Starting test_sequence sequence body
UVM_INFO ../clock_and_reset/sv/clock_and_reset_seq.sv(20) @ 0: uvm_test_top.tb.clk_rst.agent.sequencer@@clk10_rst5_seq.cr [clock_and_reset_sequence] starting body clock_and_reset_wait_seq
UVM_INFO ../clock_and_reset/sv/clock_and_reset_seq.sv(48) @ 0: uvm_test_top.tb.clk_rst.agent.sequencer@@clk10_rst5_seq [clk10_rst5_seq] Starting test_sequence sequence body
UVM_INFO ../clock_and_reset/sv/clock_and_reset_seq.sv(20) @ 0: uvm_test_top.tb.clk_rst.agent.sequencer@@clk10_rst5_seq.cr [clock_and_reset_sequence] starting body clock_and_reset_wait_seq
UVM_INFO ../clock_and_reset/sv/clock_and_reset_seq.sv(48) @ 0: uvm_test_top.tb.clk_rst.agent.sequencer@@clk10_rst5_seq [clk10_rst5_seq] Starting test_sequence sequence body
UVM_INFO ../clock_and_reset/sv/clock_and_reset_seq.sv(20) @ 0: uvm_test_top.tb.clk_rst.agent.sequencer@@clk10_rst5_seq.cr [clock_and_reset_sequence] starting body clock_and_reset_wait_seq
UVM_INFO ../clock_and_reset/sv/clock_and_reset_seq.sv(48) @ 0: uvm_test_top.tb.clk_rst.agent.sequencer@@clk10_rst5_seq [clk10_rst5_seq] Starting test_sequence sequence body
UVM_INFO ../clock_and_reset/sv/clock_and_reset_seq.sv(20) @ 0: uvm_test_top.tb.clk_rst.agent.sequencer@@clk10_rst5_seq.cr [clock_and_reset_sequence] starting body clock_and_reset_wait_seq
UVM_INFO ../clock_and_reset/sv/clock_and_reset_seq.sv(48) @ 0: uvm_test_top.tb.clk_rst.agent.sequencer@@clk10_rst5_seq [clk10_rst5_seq] Starting test_sequence sequence body
UVM_INFO ../clock_and_reset/sv/clock_and_reset_seq.sv(20) @ 0: uvm_test_top.tb.clk_rst.agent.sequencer@@clk10_rst5_seq.cr [clock_and_reset_sequence] starting body clock_and_reset_wait_seq
UVM_INFO ../clock_and_reset/sv/clock_and_reset_seq.sv(48) @ 0: uvm_test_top.tb.clk_rst.agent.sequencer@@clk10_rst5_seq [clk10_rst5_seq] Starting test_sequence sequence body
UVM_INFO ../clock_and_reset/sv/clock_and_reset_seq.sv(20) @ 0: uvm_test_top.tb.clk_rst.agent.sequencer@@clk10_rst5_seq.cr [clock_and_reset_sequence] starting body clock_and_reset_wait_seq
UVM_INFO ../clock_and_reset/sv/clock_and_reset_seq.sv(48) @ 0: uvm_test_top.tb.clk_rst.agent.sequencer@@clk10_rst5_seq [clk10_rst5_seq] Starting test_sequence sequence body
UVM_INFO ../clock_and_reset/sv/clock_and_reset_seq.sv(20) @ 0: uvm_test_top.tb.clk_rst.agent.sequencer@@clk10_rst5_seq.cr [clock_and_reset_sequence] starting body clock_and_reset_wait_seq
UVM_INFO ../clock_and_reset/sv/clock_and_reset_seq.sv(48) @ 0: uvm_test_top.tb.clk_rst.agent.sequencer@@clk10_rst5_seq [clk10_rst5_seq] Starting test_sequence sequence body
UVM_INFO ../clock_and_reset/sv/clock_and_reset_seq.sv(20) @ 0: uvm_test_top.tb.clk_rst.agent.sequencer@@clk10_rst5_seq.cr [clock_and_reset_sequence] starting body clock_and_reset_wait_seq
UVM_INFO ../clock_and_reset/sv/clock_and_reset_seq.sv(48) @ 0: uvm_test_top.tb.clk_rst.agent.sequencer@@clk10_rst5_seq [clk10_rst5_seq] Starting test_sequence sequence body
UVM_INFO ../clock_and_reset/sv/clock_and_reset_seq.sv(20) @ 0: uvm_test_top.tb.clk_rst.agent.sequencer@@clk10_rst5_seq.cr [clock_and_reset_sequence] starting body clock_and_reset_wait_seq
UVM_INFO ../clock_and_reset/sv/clock_and_reset_seq.sv(48) @ 0: uvm_test_top.tb.clk_rst.agent.sequencer@@clk10_rst5_seq [clk10_rst5_seq] Starting test_sequence sequence body
UVM_INFO ../clock_and_reset/sv/clock_and_reset_seq.sv(20) @ 0: uvm_test_top.tb.clk_rst.agent.sequencer@@clk10_rst5_seq.cr [clock_and_reset_sequence] starting body clock_and_reset_wait_seq
UVM_INFO ../wb/sv/../sv/wb_master_monitor.sv(47) @ 86: uvm_test_top.tb.wb.masters[0].monitor [wb_master_monitor] transaction collected :
-------------------------------------------
Name        Type             Size  Value   
-------------------------------------------
tr_collect  wb_transaction   -     @1549   
  op_type   wb_op_type_enum  1     wb_write
  addr      integral         32    'h40    
  din       integral         8     'h31    
  dout      integral         8     'hff    
  valid_sb  integral         1     'h0     
-------------------------------------------

UVM_INFO ../wb/sv/../sv/wb_master_monitor.sv(47) @ 106: uvm_test_top.tb.wb.masters[0].monitor [wb_master_monitor] transaction collected :
-------------------------------------------
Name        Type             Size  Value   
-------------------------------------------
tr_collect  wb_transaction   -     @1561   
  op_type   wb_op_type_enum  1     wb_write
  addr      integral         32    'h41    
  din       integral         8     'h0     
  dout      integral         8     'hff    
  valid_sb  integral         1     'h0     
-------------------------------------------

UVM_INFO ../wb/sv/../sv/wb_master_monitor.sv(47) @ 126: uvm_test_top.tb.wb.masters[0].monitor [wb_master_monitor] transaction collected :
-------------------------------------------
Name        Type             Size  Value   
-------------------------------------------
tr_collect  wb_transaction   -     @1574   
  op_type   wb_op_type_enum  1     wb_write
  addr      integral         32    'h42    
  din       integral         8     'h80    
  dout      integral         8     'h0     
  valid_sb  integral         1     'h0     
-------------------------------------------

UVM_INFO ../i2c/sv/../sv/i2c_slave_seqs.sv(63) @ 126: uvm_test_top.tb.i2c.slaves[0].sequencer@@i2c_write_mc_seq.i2c_slave [i2c_slave_seq] slave are running now and ready to response
UVM_INFO ../sequences/wb_i2c_sequences.sv(133) @ 126: uvm_test_top.tb.wb.masters[0].sequencer@@i2c_write_mc_seq.i2c_write_byte [i2c_write_byte_seq] Executing sequence
UVM_INFO ../wb/sv/../sv/wb_master_monitor.sv(47) @ 146: uvm_test_top.tb.wb.masters[0].monitor [wb_master_monitor] transaction collected :
-------------------------------------------
Name        Type             Size  Value   
-------------------------------------------
tr_collect  wb_transaction   -     @1586   
  op_type   wb_op_type_enum  1     wb_write
  addr      integral         32    'h43    
  din       integral         8     'haa    
  dout      integral         8     'h0     
  valid_sb  integral         1     'h0     
-------------------------------------------

UVM_INFO ../wb/sv/../sv/wb_master_monitor.sv(47) @ 166: uvm_test_top.tb.wb.masters[0].monitor [wb_master_monitor] transaction collected :
-------------------------------------------
Name        Type             Size  Value   
-------------------------------------------
tr_collect  wb_transaction   -     @1615   
  op_type   wb_op_type_enum  1     wb_write
  addr      integral         32    'h44    
  din       integral         8     'h90    
  dout      integral         8     'h0     
  valid_sb  integral         1     'h0     
-------------------------------------------

UVM_INFO ../wb/sv/../sv/wb_master_monitor.sv(47) @ 186: uvm_test_top.tb.wb.masters[0].monitor [wb_master_monitor] transaction collected :
------------------------------------------
Name        Type             Size  Value  
------------------------------------------
tr_collect  wb_transaction   -     @1627  
  op_type   wb_op_type_enum  1     wb_read
  addr      integral         32    'h44   
  din       integral         8     'h0    
  dout      integral         8     'h0    
  valid_sb  integral         1     'h0    
------------------------------------------

UVM_INFO ../wb/sv/../sv/wb_master_monitor.sv(47) @ 206: uvm_test_top.tb.wb.masters[0].monitor [wb_master_monitor] transaction collected :
------------------------------------------
Name        Type             Size  Value  
------------------------------------------
tr_collect  wb_transaction   -     @1639  
  op_type   wb_op_type_enum  1     wb_read
  addr      integral         32    'h44   
  din       integral         8     'h0    
  dout      integral         8     'h2    
  valid_sb  integral         1     'h0    
------------------------------------------

UVM_INFO ../wb/sv/../sv/wb_master_monitor.sv(47) @ 226: uvm_test_top.tb.wb.masters[0].monitor [wb_master_monitor] transaction collected :
------------------------------------------
Name        Type             Size  Value  
------------------------------------------
tr_collect  wb_transaction   -     @1651  
  op_type   wb_op_type_enum  1     wb_read
  addr      integral         32    'h44   
  din       integral         8     'h0    
  dout      integral         8     'h2    
  valid_sb  integral         1     'h0    
------------------------------------------

UVM_INFO ../wb/sv/../sv/wb_master_monitor.sv(47) @ 246: uvm_test_top.tb.wb.masters[0].monitor [wb_master_monitor] transaction collected :
------------------------------------------
Name        Type             Size  Value  
------------------------------------------
tr_collect  wb_transaction   -     @1663  
  op_type   wb_op_type_enum  1     wb_read
  addr      integral         32    'h44   
  din       integral         8     'h0    
  dout      integral         8     'h2    
  valid_sb  integral         1     'h0    
------------------------------------------

UVM_INFO ../wb/sv/../sv/wb_master_monitor.sv(47) @ 266: uvm_test_top.tb.wb.masters[0].monitor [wb_master_monitor] transaction collected :
------------------------------------------
Name        Type             Size  Value  
------------------------------------------
tr_collect  wb_transaction   -     @1675  
  op_type   wb_op_type_enum  1     wb_read
  addr      integral         32    'h44   
  din       integral         8     'h0    
  dout      integral         8     'h2    
  valid_sb  integral         1     'h0    
------------------------------------------

UVM_INFO ../wb/sv/../sv/wb_master_monitor.sv(47) @ 286: uvm_test_top.tb.wb.masters[0].monitor [wb_master_monitor] transaction collected :
------------------------------------------
Name        Type             Size  Value  
------------------------------------------
tr_collect  wb_transaction   -     @1687  
  op_type   wb_op_type_enum  1     wb_read
  addr      integral         32    'h44   
  din       integral         8     'h0    
  dout      integral         8     'h2    
  valid_sb  integral         1     'h0    
------------------------------------------

UVM_INFO ../wb/sv/../sv/wb_master_monitor.sv(47) @ 306: uvm_test_top.tb.wb.masters[0].monitor [wb_master_monitor] transaction collected :
------------------------------------------
Name        Type             Size  Value  
------------------------------------------
tr_collect  wb_transaction   -     @1699  
  op_type   wb_op_type_enum  1     wb_read
  addr      integral         32    'h44   
  din       integral         8     'h0    
  dout      integral         8     'h2    
  valid_sb  integral         1     'h0    
------------------------------------------

UVM_INFO ../wb/sv/../sv/wb_master_monitor.sv(47) @ 326: uvm_test_top.tb.wb.masters[0].monitor [wb_master_monitor] transaction collected :
------------------------------------------
Name        Type             Size  Value  
------------------------------------------
tr_collect  wb_transaction   -     @1711  
  op_type   wb_op_type_enum  1     wb_read
  addr      integral         32    'h44   
  din       integral         8     'h0    
  dout      integral         8     'h2    
  valid_sb  integral         1     'h0    
------------------------------------------

UVM_INFO ../wb/sv/../sv/wb_master_monitor.sv(47) @ 346: uvm_test_top.tb.wb.masters[0].monitor [wb_master_monitor] transaction collected :
------------------------------------------
Name        Type             Size  Value  
------------------------------------------
tr_collect  wb_transaction   -     @1723  
  op_type   wb_op_type_enum  1     wb_read
  addr      integral         32    'h44   
  din       integral         8     'h0    
  dout      integral         8     'h2    
  valid_sb  integral         1     'h0    
------------------------------------------

UVM_INFO ../wb/sv/../sv/wb_master_monitor.sv(47) @ 366: uvm_test_top.tb.wb.masters[0].monitor [wb_master_monitor] transaction collected :
------------------------------------------
Name        Type             Size  Value  
------------------------------------------
tr_collect  wb_transaction   -     @1735  
  op_type   wb_op_type_enum  1     wb_read
  addr      integral         32    'h44   
  din       integral         8     'h0    
  dout      integral         8     'h2    
  valid_sb  integral         1     'h0    
------------------------------------------

UVM_INFO ../wb/sv/../sv/wb_master_monitor.sv(47) @ 386: uvm_test_top.tb.wb.masters[0].monitor [wb_master_monitor] transaction collected :
------------------------------------------
Name        Type             Size  Value  
------------------------------------------
tr_collect  wb_transaction   -     @1747  
  op_type   wb_op_type_enum  1     wb_read
  addr      integral         32    'h44   
  din       integral         8     'h0    
  dout      integral         8     'h2    
  valid_sb  integral         1     'h0    
------------------------------------------

UVM_INFO ../wb/sv/../sv/wb_master_monitor.sv(47) @ 406: uvm_test_top.tb.wb.masters[0].monitor [wb_master_monitor] transaction collected :
------------------------------------------
Name        Type             Size  Value  
------------------------------------------
tr_collect  wb_transaction   -     @1759  
  op_type   wb_op_type_enum  1     wb_read
  addr      integral         32    'h44   
  din       integral         8     'h0    
  dout      integral         8     'h2    
  valid_sb  integral         1     'h0    
------------------------------------------

UVM_INFO ../wb/sv/../sv/wb_master_monitor.sv(47) @ 426: uvm_test_top.tb.wb.masters[0].monitor [wb_master_monitor] transaction collected :
------------------------------------------
Name        Type             Size  Value  
------------------------------------------
tr_collect  wb_transaction   -     @1771  
  op_type   wb_op_type_enum  1     wb_read
  addr      integral         32    'h44   
  din       integral         8     'h0    
  dout      integral         8     'h2    
  valid_sb  integral         1     'h0    
------------------------------------------

UVM_INFO ../wb/sv/../sv/wb_master_monitor.sv(47) @ 446: uvm_test_top.tb.wb.masters[0].monitor [wb_master_monitor] transaction collected :
------------------------------------------
Name        Type             Size  Value  
------------------------------------------
tr_collect  wb_transaction   -     @1783  
  op_type   wb_op_type_enum  1     wb_read
  addr      integral         32    'h44   
  din       integral         8     'h0    
  dout      integral         8     'h2    
  valid_sb  integral         1     'h0    
------------------------------------------

UVM_INFO ../wb/sv/../sv/wb_master_monitor.sv(47) @ 466: uvm_test_top.tb.wb.masters[0].monitor [wb_master_monitor] transaction collected :
------------------------------------------
Name        Type             Size  Value  
------------------------------------------
tr_collect  wb_transaction   -     @1795  
  op_type   wb_op_type_enum  1     wb_read
  addr      integral         32    'h44   
  din       integral         8     'h0    
  dout      integral         8     'h2    
  valid_sb  integral         1     'h0    
------------------------------------------

UVM_INFO ../wb/sv/../sv/wb_master_monitor.sv(47) @ 486: uvm_test_top.tb.wb.masters[0].monitor [wb_master_monitor] transaction collected :
------------------------------------------
Name        Type             Size  Value  
------------------------------------------
tr_collect  wb_transaction   -     @1807  
  op_type   wb_op_type_enum  1     wb_read
  addr      integral         32    'h44   
  din       integral         8     'h0    
  dout      integral         8     'h2    
  valid_sb  integral         1     'h0    
------------------------------------------

UVM_INFO ../wb/sv/../sv/wb_master_monitor.sv(47) @ 506: uvm_test_top.tb.wb.masters[0].monitor [wb_master_monitor] transaction collected :
------------------------------------------
Name        Type             Size  Value  
------------------------------------------
tr_collect  wb_transaction   -     @1819  
  op_type   wb_op_type_enum  1     wb_read
  addr      integral         32    'h44   
  din       integral         8     'h0    
  dout      integral         8     'h2    
  valid_sb  integral         1     'h0    
------------------------------------------

UVM_INFO ../wb/sv/../sv/wb_master_monitor.sv(47) @ 526: uvm_test_top.tb.wb.masters[0].monitor [wb_master_monitor] transaction collected :
------------------------------------------
Name        Type             Size  Value  
------------------------------------------
tr_collect  wb_transaction   -     @1831  
  op_type   wb_op_type_enum  1     wb_read
  addr      integral         32    'h44   
  din       integral         8     'h0    
  dout      integral         8     'h2    
  valid_sb  integral         1     'h0    
------------------------------------------

UVM_INFO ../wb/sv/../sv/wb_master_monitor.sv(47) @ 546: uvm_test_top.tb.wb.masters[0].monitor [wb_master_monitor] transaction collected :
------------------------------------------
Name        Type             Size  Value  
------------------------------------------
tr_collect  wb_transaction   -     @1843  
  op_type   wb_op_type_enum  1     wb_read
  addr      integral         32    'h44   
  din       integral         8     'h0    
  dout      integral         8     'h2    
  valid_sb  integral         1     'h0    
------------------------------------------

UVM_INFO ../wb/sv/../sv/wb_master_monitor.sv(47) @ 566: uvm_test_top.tb.wb.masters[0].monitor [wb_master_monitor] transaction collected :
------------------------------------------
Name        Type             Size  Value  
------------------------------------------
tr_collect  wb_transaction   -     @1855  
  op_type   wb_op_type_enum  1     wb_read
  addr      integral         32    'h44   
  din       integral         8     'h0    
  dout      integral         8     'h2    
  valid_sb  integral         1     'h0    
------------------------------------------

UVM_INFO ../wb/sv/../sv/wb_master_monitor.sv(47) @ 586: uvm_test_top.tb.wb.masters[0].monitor [wb_master_monitor] transaction collected :
------------------------------------------
Name        Type             Size  Value  
------------------------------------------
tr_collect  wb_transaction   -     @1867  
  op_type   wb_op_type_enum  1     wb_read
  addr      integral         32    'h44   
  din       integral         8     'h0    
  dout      integral         8     'h2    
  valid_sb  integral         1     'h0    
------------------------------------------

UVM_INFO ../wb/sv/../sv/wb_master_monitor.sv(47) @ 606: uvm_test_top.tb.wb.masters[0].monitor [wb_master_monitor] transaction collected :
------------------------------------------
Name        Type             Size  Value  
------------------------------------------
tr_collect  wb_transaction   -     @1879  
  op_type   wb_op_type_enum  1     wb_read
  addr      integral         32    'h44   
  din       integral         8     'h0    
  dout      integral         8     'h2    
  valid_sb  integral         1     'h0    
------------------------------------------

UVM_INFO ../wb/sv/../sv/wb_master_monitor.sv(47) @ 626: uvm_test_top.tb.wb.masters[0].monitor [wb_master_monitor] transaction collected :
------------------------------------------
Name        Type             Size  Value  
------------------------------------------
tr_collect  wb_transaction   -     @1891  
  op_type   wb_op_type_enum  1     wb_read
  addr      integral         32    'h44   
  din       integral         8     'h0    
  dout      integral         8     'h2    
  valid_sb  integral         1     'h0    
------------------------------------------

UVM_INFO ../wb/sv/../sv/wb_master_monitor.sv(47) @ 646: uvm_test_top.tb.wb.masters[0].monitor [wb_master_monitor] transaction collected :
------------------------------------------
Name        Type             Size  Value  
------------------------------------------
tr_collect  wb_transaction   -     @1903  
  op_type   wb_op_type_enum  1     wb_read
  addr      integral         32    'h44   
  din       integral         8     'h0    
  dout      integral         8     'h2    
  valid_sb  integral         1     'h0    
------------------------------------------

UVM_INFO ../wb/sv/../sv/wb_master_monitor.sv(47) @ 666: uvm_test_top.tb.wb.masters[0].monitor [wb_master_monitor] transaction collected :
------------------------------------------
Name        Type             Size  Value  
------------------------------------------
tr_collect  wb_transaction   -     @1915  
  op_type   wb_op_type_enum  1     wb_read
  addr      integral         32    'h44   
  din       integral         8     'h0    
  dout      integral         8     'h2    
  valid_sb  integral         1     'h0    
------------------------------------------

UVM_INFO ../wb/sv/../sv/wb_master_monitor.sv(47) @ 686: uvm_test_top.tb.wb.masters[0].monitor [wb_master_monitor] transaction collected :
------------------------------------------
Name        Type             Size  Value  
------------------------------------------
tr_collect  wb_transaction   -     @1927  
  op_type   wb_op_type_enum  1     wb_read
  addr      integral         32    'h44   
  din       integral         8     'h0    
  dout      integral         8     'h2    
  valid_sb  integral         1     'h0    
------------------------------------------

UVM_INFO ../wb/sv/../sv/wb_master_monitor.sv(47) @ 706: uvm_test_top.tb.wb.masters[0].monitor [wb_master_monitor] transaction collected :
------------------------------------------
Name        Type             Size  Value  
------------------------------------------
tr_collect  wb_transaction   -     @1939  
  op_type   wb_op_type_enum  1     wb_read
  addr      integral         32    'h44   
  din       integral         8     'h0    
  dout      integral         8     'h2    
  valid_sb  integral         1     'h0    
------------------------------------------

UVM_INFO ../wb/sv/../sv/wb_master_monitor.sv(47) @ 726: uvm_test_top.tb.wb.masters[0].monitor [wb_master_monitor] transaction collected :
------------------------------------------
Name        Type             Size  Value  
------------------------------------------
tr_collect  wb_transaction   -     @1951  
  op_type   wb_op_type_enum  1     wb_read
  addr      integral         32    'h44   
  din       integral         8     'h0    
  dout      integral         8     'h2    
  valid_sb  integral         1     'h0    
------------------------------------------

UVM_INFO ../wb/sv/../sv/wb_master_monitor.sv(47) @ 746: uvm_test_top.tb.wb.masters[0].monitor [wb_master_monitor] transaction collected :
------------------------------------------
Name        Type             Size  Value  
------------------------------------------
tr_collect  wb_transaction   -     @1963  
  op_type   wb_op_type_enum  1     wb_read
  addr      integral         32    'h44   
  din       integral         8     'h0    
  dout      integral         8     'h2    
  valid_sb  integral         1     'h0    
------------------------------------------

UVM_INFO ../wb/sv/../sv/wb_master_monitor.sv(47) @ 766: uvm_test_top.tb.wb.masters[0].monitor [wb_master_monitor] transaction collected :
------------------------------------------
Name        Type             Size  Value  
------------------------------------------
tr_collect  wb_transaction   -     @1975  
  op_type   wb_op_type_enum  1     wb_read
  addr      integral         32    'h44   
  din       integral         8     'h0    
  dout      integral         8     'h2    
  valid_sb  integral         1     'h0    
------------------------------------------

UVM_INFO ../wb/sv/../sv/wb_master_monitor.sv(47) @ 786: uvm_test_top.tb.wb.masters[0].monitor [wb_master_monitor] transaction collected :
------------------------------------------
Name        Type             Size  Value  
------------------------------------------
tr_collect  wb_transaction   -     @1987  
  op_type   wb_op_type_enum  1     wb_read
  addr      integral         32    'h44   
  din       integral         8     'h0    
  dout      integral         8     'h2    
  valid_sb  integral         1     'h0    
------------------------------------------

UVM_INFO ../wb/sv/../sv/wb_master_monitor.sv(47) @ 806: uvm_test_top.tb.wb.masters[0].monitor [wb_master_monitor] transaction collected :
------------------------------------------
Name        Type             Size  Value  
------------------------------------------
tr_collect  wb_transaction   -     @1999  
  op_type   wb_op_type_enum  1     wb_read
  addr      integral         32    'h44   
  din       integral         8     'h0    
  dout      integral         8     'h2    
  valid_sb  integral         1     'h0    
------------------------------------------

UVM_INFO ../wb/sv/../sv/wb_master_monitor.sv(47) @ 826: uvm_test_top.tb.wb.masters[0].monitor [wb_master_monitor] transaction collected :
------------------------------------------
Name        Type             Size  Value  
------------------------------------------
tr_collect  wb_transaction   -     @2011  
  op_type   wb_op_type_enum  1     wb_read
  addr      integral         32    'h44   
  din       integral         8     'h0    
  dout      integral         8     'h2    
  valid_sb  integral         1     'h0    
------------------------------------------

UVM_INFO ../wb/sv/../sv/wb_master_monitor.sv(47) @ 846: uvm_test_top.tb.wb.masters[0].monitor [wb_master_monitor] transaction collected :
------------------------------------------
Name        Type             Size  Value  
------------------------------------------
tr_collect  wb_transaction   -     @2023  
  op_type   wb_op_type_enum  1     wb_read
  addr      integral         32    'h44   
  din       integral         8     'h0    
  dout      integral         8     'h2    
  valid_sb  integral         1     'h0    
------------------------------------------

UVM_INFO ../wb/sv/../sv/wb_master_monitor.sv(47) @ 866: uvm_test_top.tb.wb.masters[0].monitor [wb_master_monitor] transaction collected :
------------------------------------------
Name        Type             Size  Value  
------------------------------------------
tr_collect  wb_transaction   -     @2035  
  op_type   wb_op_type_enum  1     wb_read
  addr      integral         32    'h44   
  din       integral         8     'h0    
  dout      integral         8     'h2    
  valid_sb  integral         1     'h0    
------------------------------------------

UVM_INFO ../wb/sv/../sv/wb_master_monitor.sv(47) @ 886: uvm_test_top.tb.wb.masters[0].monitor [wb_master_monitor] transaction collected :
------------------------------------------
Name        Type             Size  Value  
------------------------------------------
tr_collect  wb_transaction   -     @2047  
  op_type   wb_op_type_enum  1     wb_read
  addr      integral         32    'h44   
  din       integral         8     'h0    
  dout      integral         8     'h2    
  valid_sb  integral         1     'h0    
------------------------------------------

UVM_INFO ../wb/sv/../sv/wb_master_monitor.sv(47) @ 906: uvm_test_top.tb.wb.masters[0].monitor [wb_master_monitor] transaction collected :
------------------------------------------
Name        Type             Size  Value  
------------------------------------------
tr_collect  wb_transaction   -     @2059  
  op_type   wb_op_type_enum  1     wb_read
  addr      integral         32    'h44   
  din       integral         8     'h0    
  dout      integral         8     'h2    
  valid_sb  integral         1     'h0    
------------------------------------------

UVM_INFO ../wb/sv/../sv/wb_master_monitor.sv(47) @ 926: uvm_test_top.tb.wb.masters[0].monitor [wb_master_monitor] transaction collected :
------------------------------------------
Name        Type             Size  Value  
------------------------------------------
tr_collect  wb_transaction   -     @2071  
  op_type   wb_op_type_enum  1     wb_read
  addr      integral         32    'h44   
  din       integral         8     'h0    
  dout      integral         8     'h2    
  valid_sb  integral         1     'h0    
------------------------------------------

UVM_INFO ../wb/sv/../sv/wb_master_monitor.sv(47) @ 946: uvm_test_top.tb.wb.masters[0].monitor [wb_master_monitor] transaction collected :
------------------------------------------
Name        Type             Size  Value  
------------------------------------------
tr_collect  wb_transaction   -     @2083  
  op_type   wb_op_type_enum  1     wb_read
  addr      integral         32    'h44   
  din       integral         8     'h0    
  dout      integral         8     'h2    
  valid_sb  integral         1     'h0    
------------------------------------------

UVM_INFO ../wb/sv/../sv/wb_master_monitor.sv(47) @ 966: uvm_test_top.tb.wb.masters[0].monitor [wb_master_monitor] transaction collected :
------------------------------------------
Name        Type             Size  Value  
------------------------------------------
tr_collect  wb_transaction   -     @2095  
  op_type   wb_op_type_enum  1     wb_read
  addr      integral         32    'h44   
  din       integral         8     'h0    
  dout      integral         8     'h2    
  valid_sb  integral         1     'h0    
------------------------------------------

UVM_INFO ../wb/sv/../sv/wb_master_monitor.sv(47) @ 986: uvm_test_top.tb.wb.masters[0].monitor [wb_master_monitor] transaction collected :
------------------------------------------
Name        Type             Size  Value  
------------------------------------------
tr_collect  wb_transaction   -     @2107  
  op_type   wb_op_type_enum  1     wb_read
  addr      integral         32    'h44   
  din       integral         8     'h0    
  dout      integral         8     'h2    
  valid_sb  integral         1     'h0    
------------------------------------------

UVM_INFO ../wb/sv/../sv/wb_master_monitor.sv(47) @ 1006: uvm_test_top.tb.wb.masters[0].monitor [wb_master_monitor] transaction collected :
------------------------------------------
Name        Type             Size  Value  
------------------------------------------
tr_collect  wb_transaction   -     @2119  
  op_type   wb_op_type_enum  1     wb_read
  addr      integral         32    'h44   
  din       integral         8     'h0    
  dout      integral         8     'h2    
  valid_sb  integral         1     'h0    
------------------------------------------

UVM_INFO ../wb/sv/../sv/wb_master_monitor.sv(47) @ 1026: uvm_test_top.tb.wb.masters[0].monitor [wb_master_monitor] transaction collected :
------------------------------------------
Name        Type             Size  Value  
------------------------------------------
tr_collect  wb_transaction   -     @2131  
  op_type   wb_op_type_enum  1     wb_read
  addr      integral         32    'h44   
  din       integral         8     'h0    
  dout      integral         8     'h2    
  valid_sb  integral         1     'h0    
------------------------------------------

UVM_INFO ../wb/sv/../sv/wb_master_monitor.sv(47) @ 1046: uvm_test_top.tb.wb.masters[0].monitor [wb_master_monitor] transaction collected :
------------------------------------------
Name        Type             Size  Value  
------------------------------------------
tr_collect  wb_transaction   -     @2143  
  op_type   wb_op_type_enum  1     wb_read
  addr      integral         32    'h44   
  din       integral         8     'h0    
  dout      integral         8     'h2    
  valid_sb  integral         1     'h0    
------------------------------------------

UVM_INFO ../wb/sv/../sv/wb_master_monitor.sv(47) @ 1066: uvm_test_top.tb.wb.masters[0].monitor [wb_master_monitor] transaction collected :
------------------------------------------
Name        Type             Size  Value  
------------------------------------------
tr_collect  wb_transaction   -     @2155  
  op_type   wb_op_type_enum  1     wb_read
  addr      integral         32    'h44   
  din       integral         8     'h0    
  dout      integral         8     'h2    
  valid_sb  integral         1     'h0    
------------------------------------------

UVM_INFO ../wb/sv/../sv/wb_master_monitor.sv(47) @ 1086: uvm_test_top.tb.wb.masters[0].monitor [wb_master_monitor] transaction collected :
------------------------------------------
Name        Type             Size  Value  
------------------------------------------
tr_collect  wb_transaction   -     @2167  
  op_type   wb_op_type_enum  1     wb_read
  addr      integral         32    'h44   
  din       integral         8     'h0    
  dout      integral         8     'h2    
  valid_sb  integral         1     'h0    
------------------------------------------

UVM_INFO ../wb/sv/../sv/wb_master_monitor.sv(47) @ 1106: uvm_test_top.tb.wb.masters[0].monitor [wb_master_monitor] transaction collected :
------------------------------------------
Name        Type             Size  Value  
------------------------------------------
tr_collect  wb_transaction   -     @2179  
  op_type   wb_op_type_enum  1     wb_read
  addr      integral         32    'h44   
  din       integral         8     'h0    
  dout      integral         8     'h2    
  valid_sb  integral         1     'h0    
------------------------------------------

UVM_INFO ../wb/sv/../sv/wb_master_monitor.sv(47) @ 1126: uvm_test_top.tb.wb.masters[0].monitor [wb_master_monitor] transaction collected :
------------------------------------------
Name        Type             Size  Value  
------------------------------------------
tr_collect  wb_transaction   -     @2191  
  op_type   wb_op_type_enum  1     wb_read
  addr      integral         32    'h44   
  din       integral         8     'h0    
  dout      integral         8     'h2    
  valid_sb  integral         1     'h0    
------------------------------------------

UVM_INFO ../wb/sv/../sv/wb_master_monitor.sv(47) @ 1146: uvm_test_top.tb.wb.masters[0].monitor [wb_master_monitor] transaction collected :
------------------------------------------
Name        Type             Size  Value  
------------------------------------------
tr_collect  wb_transaction   -     @2203  
  op_type   wb_op_type_enum  1     wb_read
  addr      integral         32    'h44   
  din       integral         8     'h0    
  dout      integral         8     'h2    
  valid_sb  integral         1     'h0    
------------------------------------------

UVM_INFO ../wb/sv/../sv/wb_master_monitor.sv(47) @ 1166: uvm_test_top.tb.wb.masters[0].monitor [wb_master_monitor] transaction collected :
------------------------------------------
Name        Type             Size  Value  
------------------------------------------
tr_collect  wb_transaction   -     @2215  
  op_type   wb_op_type_enum  1     wb_read
  addr      integral         32    'h44   
  din       integral         8     'h0    
  dout      integral         8     'h2    
  valid_sb  integral         1     'h0    
------------------------------------------

UVM_INFO ../wb/sv/../sv/wb_master_monitor.sv(47) @ 1186: uvm_test_top.tb.wb.masters[0].monitor [wb_master_monitor] transaction collected :
------------------------------------------
Name        Type             Size  Value  
------------------------------------------
tr_collect  wb_transaction   -     @2227  
  op_type   wb_op_type_enum  1     wb_read
  addr      integral         32    'h44   
  din       integral         8     'h0    
  dout      integral         8     'h2    
  valid_sb  integral         1     'h0    
------------------------------------------

UVM_INFO ../wb/sv/../sv/wb_master_monitor.sv(47) @ 1206: uvm_test_top.tb.wb.masters[0].monitor [wb_master_monitor] transaction collected :
------------------------------------------
Name        Type             Size  Value  
------------------------------------------
tr_collect  wb_transaction   -     @2239  
  op_type   wb_op_type_enum  1     wb_read
  addr      integral         32    'h44   
  din       integral         8     'h0    
  dout      integral         8     'h2    
  valid_sb  integral         1     'h0    
------------------------------------------

UVM_INFO ../wb/sv/../sv/wb_master_monitor.sv(47) @ 1226: uvm_test_top.tb.wb.masters[0].monitor [wb_master_monitor] transaction collected :
------------------------------------------
Name        Type             Size  Value  
------------------------------------------
tr_collect  wb_transaction   -     @2251  
  op_type   wb_op_type_enum  1     wb_read
  addr      integral         32    'h44   
  din       integral         8     'h0    
  dout      integral         8     'h2    
  valid_sb  integral         1     'h0    
------------------------------------------

UVM_INFO ../wb/sv/../sv/wb_master_monitor.sv(47) @ 1246: uvm_test_top.tb.wb.masters[0].monitor [wb_master_monitor] transaction collected :
------------------------------------------
Name        Type             Size  Value  
------------------------------------------
tr_collect  wb_transaction   -     @2263  
  op_type   wb_op_type_enum  1     wb_read
  addr      integral         32    'h44   
  din       integral         8     'h0    
  dout      integral         8     'h2    
  valid_sb  integral         1     'h0    
------------------------------------------

UVM_INFO ../wb/sv/../sv/wb_master_monitor.sv(47) @ 1266: uvm_test_top.tb.wb.masters[0].monitor [wb_master_monitor] transaction collected :
------------------------------------------
Name        Type             Size  Value  
------------------------------------------
tr_collect  wb_transaction   -     @2275  
  op_type   wb_op_type_enum  1     wb_read
  addr      integral         32    'h44   
  din       integral         8     'h0    
  dout      integral         8     'h2    
  valid_sb  integral         1     'h0    
------------------------------------------

UVM_INFO ../wb/sv/../sv/wb_master_monitor.sv(47) @ 1286: uvm_test_top.tb.wb.masters[0].monitor [wb_master_monitor] transaction collected :
------------------------------------------
Name        Type             Size  Value  
------------------------------------------
tr_collect  wb_transaction   -     @2287  
  op_type   wb_op_type_enum  1     wb_read
  addr      integral         32    'h44   
  din       integral         8     'h0    
  dout      integral         8     'h2    
  valid_sb  integral         1     'h0    
------------------------------------------

UVM_INFO ../wb/sv/../sv/wb_master_monitor.sv(47) @ 1306: uvm_test_top.tb.wb.masters[0].monitor [wb_master_monitor] transaction collected :
------------------------------------------
Name        Type             Size  Value  
------------------------------------------
tr_collect  wb_transaction   -     @2299  
  op_type   wb_op_type_enum  1     wb_read
  addr      integral         32    'h44   
  din       integral         8     'h0    
  dout      integral         8     'h2    
  valid_sb  integral         1     'h0    
------------------------------------------

UVM_INFO ../wb/sv/../sv/wb_master_monitor.sv(47) @ 1326: uvm_test_top.tb.wb.masters[0].monitor [wb_master_monitor] transaction collected :
------------------------------------------
Name        Type             Size  Value  
------------------------------------------
tr_collect  wb_transaction   -     @2311  
  op_type   wb_op_type_enum  1     wb_read
  addr      integral         32    'h44   
  din       integral         8     'h0    
  dout      integral         8     'h2    
  valid_sb  integral         1     'h0    
------------------------------------------

UVM_INFO ../wb/sv/../sv/wb_master_monitor.sv(47) @ 1346: uvm_test_top.tb.wb.masters[0].monitor [wb_master_monitor] transaction collected :
------------------------------------------
Name        Type             Size  Value  
------------------------------------------
tr_collect  wb_transaction   -     @2323  
  op_type   wb_op_type_enum  1     wb_read
  addr      integral         32    'h44   
  din       integral         8     'h0    
  dout      integral         8     'h2    
  valid_sb  integral         1     'h0    
------------------------------------------

UVM_INFO ../wb/sv/../sv/wb_master_monitor.sv(47) @ 1366: uvm_test_top.tb.wb.masters[0].monitor [wb_master_monitor] transaction collected :
------------------------------------------
Name        Type             Size  Value  
------------------------------------------
tr_collect  wb_transaction   -     @2335  
  op_type   wb_op_type_enum  1     wb_read
  addr      integral         32    'h44   
  din       integral         8     'h0    
  dout      integral         8     'h2    
  valid_sb  integral         1     'h0    
------------------------------------------

UVM_INFO ../wb/sv/../sv/wb_master_monitor.sv(47) @ 1386: uvm_test_top.tb.wb.masters[0].monitor [wb_master_monitor] transaction collected :
------------------------------------------
Name        Type             Size  Value  
------------------------------------------
tr_collect  wb_transaction   -     @2347  
  op_type   wb_op_type_enum  1     wb_read
  addr      integral         32    'h44   
  din       integral         8     'h0    
  dout      integral         8     'h2    
  valid_sb  integral         1     'h0    
------------------------------------------

UVM_INFO ../wb/sv/../sv/wb_master_monitor.sv(47) @ 1406: uvm_test_top.tb.wb.masters[0].monitor [wb_master_monitor] transaction collected :
------------------------------------------
Name        Type             Size  Value  
------------------------------------------
tr_collect  wb_transaction   -     @2359  
  op_type   wb_op_type_enum  1     wb_read
  addr      integral         32    'h44   
  din       integral         8     'h0    
  dout      integral         8     'h2    
  valid_sb  integral         1     'h0    
------------------------------------------

UVM_INFO ../wb/sv/../sv/wb_master_monitor.sv(47) @ 1426: uvm_test_top.tb.wb.masters[0].monitor [wb_master_monitor] transaction collected :
------------------------------------------
Name        Type             Size  Value  
------------------------------------------
tr_collect  wb_transaction   -     @2371  
  op_type   wb_op_type_enum  1     wb_read
  addr      integral         32    'h44   
  din       integral         8     'h0    
  dout      integral         8     'h2    
  valid_sb  integral         1     'h0    
------------------------------------------

UVM_INFO ../wb/sv/../sv/wb_master_monitor.sv(47) @ 1446: uvm_test_top.tb.wb.masters[0].monitor [wb_master_monitor] transaction collected :
------------------------------------------
Name        Type             Size  Value  
------------------------------------------
tr_collect  wb_transaction   -     @2383  
  op_type   wb_op_type_enum  1     wb_read
  addr      integral         32    'h44   
  din       integral         8     'h0    
  dout      integral         8     'h2    
  valid_sb  integral         1     'h0    
------------------------------------------

UVM_INFO ../wb/sv/../sv/wb_master_monitor.sv(47) @ 1466: uvm_test_top.tb.wb.masters[0].monitor [wb_master_monitor] transaction collected :
------------------------------------------
Name        Type             Size  Value  
------------------------------------------
tr_collect  wb_transaction   -     @2395  
  op_type   wb_op_type_enum  1     wb_read
  addr      integral         32    'h44   
  din       integral         8     'h0    
  dout      integral         8     'h2    
  valid_sb  integral         1     'h0    
------------------------------------------

UVM_INFO ../wb/sv/../sv/wb_master_monitor.sv(47) @ 1486: uvm_test_top.tb.wb.masters[0].monitor [wb_master_monitor] transaction collected :
------------------------------------------
Name        Type             Size  Value  
------------------------------------------
tr_collect  wb_transaction   -     @2407  
  op_type   wb_op_type_enum  1     wb_read
  addr      integral         32    'h44   
  din       integral         8     'h0    
  dout      integral         8     'h2    
  valid_sb  integral         1     'h0    
------------------------------------------

UVM_INFO ../wb/sv/../sv/wb_master_monitor.sv(47) @ 1506: uvm_test_top.tb.wb.masters[0].monitor [wb_master_monitor] transaction collected :
------------------------------------------
Name        Type             Size  Value  
------------------------------------------
tr_collect  wb_transaction   -     @2419  
  op_type   wb_op_type_enum  1     wb_read
  addr      integral         32    'h44   
  din       integral         8     'h0    
  dout      integral         8     'h2    
  valid_sb  integral         1     'h0    
------------------------------------------

UVM_INFO ../wb/sv/../sv/wb_master_monitor.sv(47) @ 1526: uvm_test_top.tb.wb.masters[0].monitor [wb_master_monitor] transaction collected :
------------------------------------------
Name        Type             Size  Value  
------------------------------------------
tr_collect  wb_transaction   -     @2431  
  op_type   wb_op_type_enum  1     wb_read
  addr      integral         32    'h44   
  din       integral         8     'h0    
  dout      integral         8     'h2    
  valid_sb  integral         1     'h0    
------------------------------------------

UVM_INFO ../wb/sv/../sv/wb_master_monitor.sv(47) @ 1546: uvm_test_top.tb.wb.masters[0].monitor [wb_master_monitor] transaction collected :
------------------------------------------
Name        Type             Size  Value  
------------------------------------------
tr_collect  wb_transaction   -     @2443  
  op_type   wb_op_type_enum  1     wb_read
  addr      integral         32    'h44   
  din       integral         8     'h0    
  dout      integral         8     'h2    
  valid_sb  integral         1     'h0    
------------------------------------------

UVM_INFO ../wb/sv/../sv/wb_master_monitor.sv(47) @ 1566: uvm_test_top.tb.wb.masters[0].monitor [wb_master_monitor] transaction collected :
------------------------------------------
Name        Type             Size  Value  
------------------------------------------
tr_collect  wb_transaction   -     @2455  
  op_type   wb_op_type_enum  1     wb_read
  addr      integral         32    'h44   
  din       integral         8     'h0    
  dout      integral         8     'h2    
  valid_sb  integral         1     'h0    
------------------------------------------

UVM_INFO ../wb/sv/../sv/wb_master_monitor.sv(47) @ 1586: uvm_test_top.tb.wb.masters[0].monitor [wb_master_monitor] transaction collected :
------------------------------------------
Name        Type             Size  Value  
------------------------------------------
tr_collect  wb_transaction   -     @2467  
  op_type   wb_op_type_enum  1     wb_read
  addr      integral         32    'h44   
  din       integral         8     'h0    
  dout      integral         8     'h2    
  valid_sb  integral         1     'h0    
------------------------------------------

UVM_INFO ../wb/sv/../sv/wb_master_monitor.sv(47) @ 1606: uvm_test_top.tb.wb.masters[0].monitor [wb_master_monitor] transaction collected :
------------------------------------------
Name        Type             Size  Value  
------------------------------------------
tr_collect  wb_transaction   -     @2479  
  op_type   wb_op_type_enum  1     wb_read
  addr      integral         32    'h44   
  din       integral         8     'h0    
  dout      integral         8     'h2    
  valid_sb  integral         1     'h0    
------------------------------------------

UVM_INFO ../wb/sv/../sv/wb_master_monitor.sv(47) @ 1626: uvm_test_top.tb.wb.masters[0].monitor [wb_master_monitor] transaction collected :
------------------------------------------
Name        Type             Size  Value  
------------------------------------------
tr_collect  wb_transaction   -     @2491  
  op_type   wb_op_type_enum  1     wb_read
  addr      integral         32    'h44   
  din       integral         8     'h0    
  dout      integral         8     'h2    
  valid_sb  integral         1     'h0    
------------------------------------------

UVM_INFO ../wb/sv/../sv/wb_master_monitor.sv(47) @ 1646: uvm_test_top.tb.wb.masters[0].monitor [wb_master_monitor] transaction collected :
------------------------------------------
Name        Type             Size  Value  
------------------------------------------
tr_collect  wb_transaction   -     @2503  
  op_type   wb_op_type_enum  1     wb_read
  addr      integral         32    'h44   
  din       integral         8     'h0    
  dout      integral         8     'h2    
  valid_sb  integral         1     'h0    
------------------------------------------

UVM_INFO ../wb/sv/../sv/wb_master_monitor.sv(47) @ 1666: uvm_test_top.tb.wb.masters[0].monitor [wb_master_monitor] transaction collected :
------------------------------------------
Name        Type             Size  Value  
------------------------------------------
tr_collect  wb_transaction   -     @2515  
  op_type   wb_op_type_enum  1     wb_read
  addr      integral         32    'h44   
  din       integral         8     'h0    
  dout      integral         8     'h2    
  valid_sb  integral         1     'h0    
------------------------------------------

UVM_INFO ../wb/sv/../sv/wb_master_monitor.sv(47) @ 1686: uvm_test_top.tb.wb.masters[0].monitor [wb_master_monitor] transaction collected :
------------------------------------------
Name        Type             Size  Value  
------------------------------------------
tr_collect  wb_transaction   -     @2527  
  op_type   wb_op_type_enum  1     wb_read
  addr      integral         32    'h44   
  din       integral         8     'h0    
  dout      integral         8     'h2    
  valid_sb  integral         1     'h0    
------------------------------------------

UVM_INFO ../wb/sv/../sv/wb_master_monitor.sv(47) @ 1706: uvm_test_top.tb.wb.masters[0].monitor [wb_master_monitor] transaction collected :
------------------------------------------
Name        Type             Size  Value  
------------------------------------------
tr_collect  wb_transaction   -     @2539  
  op_type   wb_op_type_enum  1     wb_read
  addr      integral         32    'h44   
  din       integral         8     'h0    
  dout      integral         8     'h2    
  valid_sb  integral         1     'h0    
------------------------------------------

UVM_INFO ../wb/sv/../sv/wb_master_monitor.sv(47) @ 1726: uvm_test_top.tb.wb.masters[0].monitor [wb_master_monitor] transaction collected :
------------------------------------------
Name        Type             Size  Value  
------------------------------------------
tr_collect  wb_transaction   -     @2551  
  op_type   wb_op_type_enum  1     wb_read
  addr      integral         32    'h44   
  din       integral         8     'h0    
  dout      integral         8     'h2    
  valid_sb  integral         1     'h0    
------------------------------------------

UVM_INFO ../wb/sv/../sv/wb_master_monitor.sv(47) @ 1746: uvm_test_top.tb.wb.masters[0].monitor [wb_master_monitor] transaction collected :
------------------------------------------
Name        Type             Size  Value  
------------------------------------------
tr_collect  wb_transaction   -     @2563  
  op_type   wb_op_type_enum  1     wb_read
  addr      integral         32    'h44   
  din       integral         8     'h0    
  dout      integral         8     'h2    
  valid_sb  integral         1     'h0    
------------------------------------------

UVM_INFO ../wb/sv/../sv/wb_master_monitor.sv(47) @ 1766: uvm_test_top.tb.wb.masters[0].monitor [wb_master_monitor] transaction collected :
------------------------------------------
Name        Type             Size  Value  
------------------------------------------
tr_collect  wb_transaction   -     @2575  
  op_type   wb_op_type_enum  1     wb_read
  addr      integral         32    'h44   
  din       integral         8     'h0    
  dout      integral         8     'h2    
  valid_sb  integral         1     'h0    
------------------------------------------

UVM_INFO ../wb/sv/../sv/wb_master_monitor.sv(47) @ 1786: uvm_test_top.tb.wb.masters[0].monitor [wb_master_monitor] transaction collected :
------------------------------------------
Name        Type             Size  Value  
------------------------------------------
tr_collect  wb_transaction   -     @2587  
  op_type   wb_op_type_enum  1     wb_read
  addr      integral         32    'h44   
  din       integral         8     'h0    
  dout      integral         8     'h2    
  valid_sb  integral         1     'h0    
------------------------------------------

UVM_INFO ../wb/sv/../sv/wb_master_monitor.sv(47) @ 1806: uvm_test_top.tb.wb.masters[0].monitor [wb_master_monitor] transaction collected :
------------------------------------------
Name        Type             Size  Value  
------------------------------------------
tr_collect  wb_transaction   -     @2599  
  op_type   wb_op_type_enum  1     wb_read
  addr      integral         32    'h44   
  din       integral         8     'h0    
  dout      integral         8     'h2    
  valid_sb  integral         1     'h0    
------------------------------------------

UVM_INFO ../wb/sv/../sv/wb_master_monitor.sv(47) @ 1826: uvm_test_top.tb.wb.masters[0].monitor [wb_master_monitor] transaction collected :
------------------------------------------
Name        Type             Size  Value  
------------------------------------------
tr_collect  wb_transaction   -     @2611  
  op_type   wb_op_type_enum  1     wb_read
  addr      integral         32    'h44   
  din       integral         8     'h0    
  dout      integral         8     'h2    
  valid_sb  integral         1     'h0    
------------------------------------------

UVM_INFO ../wb/sv/../sv/wb_master_monitor.sv(47) @ 1846: uvm_test_top.tb.wb.masters[0].monitor [wb_master_monitor] transaction collected :
------------------------------------------
Name        Type             Size  Value  
------------------------------------------
tr_collect  wb_transaction   -     @2623  
  op_type   wb_op_type_enum  1     wb_read
  addr      integral         32    'h44   
  din       integral         8     'h0    
  dout      integral         8     'h2    
  valid_sb  integral         1     'h0    
------------------------------------------

UVM_INFO ../wb/sv/../sv/wb_master_monitor.sv(47) @ 1866: uvm_test_top.tb.wb.masters[0].monitor [wb_master_monitor] transaction collected :
------------------------------------------
Name        Type             Size  Value  
------------------------------------------
tr_collect  wb_transaction   -     @2635  
  op_type   wb_op_type_enum  1     wb_read
  addr      integral         32    'h44   
  din       integral         8     'h0    
  dout      integral         8     'h2    
  valid_sb  integral         1     'h0    
------------------------------------------

UVM_INFO ../wb/sv/../sv/wb_master_monitor.sv(47) @ 1886: uvm_test_top.tb.wb.masters[0].monitor [wb_master_monitor] transaction collected :
------------------------------------------
Name        Type             Size  Value  
------------------------------------------
tr_collect  wb_transaction   -     @2647  
  op_type   wb_op_type_enum  1     wb_read
  addr      integral         32    'h44   
  din       integral         8     'h0    
  dout      integral         8     'h2    
  valid_sb  integral         1     'h0    
------------------------------------------

UVM_INFO ../wb/sv/../sv/wb_master_monitor.sv(47) @ 1906: uvm_test_top.tb.wb.masters[0].monitor [wb_master_monitor] transaction collected :
------------------------------------------
Name        Type             Size  Value  
------------------------------------------
tr_collect  wb_transaction   -     @2659  
  op_type   wb_op_type_enum  1     wb_read
  addr      integral         32    'h44   
  din       integral         8     'h0    
  dout      integral         8     'h2    
  valid_sb  integral         1     'h0    
------------------------------------------

UVM_INFO ../wb/sv/../sv/wb_master_monitor.sv(47) @ 1926: uvm_test_top.tb.wb.masters[0].monitor [wb_master_monitor] transaction collected :
------------------------------------------
Name        Type             Size  Value  
------------------------------------------
tr_collect  wb_transaction   -     @2671  
  op_type   wb_op_type_enum  1     wb_read
  addr      integral         32    'h44   
  din       integral         8     'h0    
  dout      integral         8     'h2    
  valid_sb  integral         1     'h0    
------------------------------------------

UVM_INFO ../wb/sv/../sv/wb_master_monitor.sv(47) @ 1946: uvm_test_top.tb.wb.masters[0].monitor [wb_master_monitor] transaction collected :
------------------------------------------
Name        Type             Size  Value  
------------------------------------------
tr_collect  wb_transaction   -     @2683  
  op_type   wb_op_type_enum  1     wb_read
  addr      integral         32    'h44   
  din       integral         8     'h0    
  dout      integral         8     'h2    
  valid_sb  integral         1     'h0    
------------------------------------------

UVM_INFO ../wb/sv/../sv/wb_master_monitor.sv(47) @ 1966: uvm_test_top.tb.wb.masters[0].monitor [wb_master_monitor] transaction collected :
------------------------------------------
Name        Type             Size  Value  
------------------------------------------
tr_collect  wb_transaction   -     @2695  
  op_type   wb_op_type_enum  1     wb_read
  addr      integral         32    'h44   
  din       integral         8     'h0    
  dout      integral         8     'h2    
  valid_sb  integral         1     'h0    
------------------------------------------

UVM_INFO ../wb/sv/../sv/wb_master_monitor.sv(47) @ 1986: uvm_test_top.tb.wb.masters[0].monitor [wb_master_monitor] transaction collected :
------------------------------------------
Name        Type             Size  Value  
------------------------------------------
tr_collect  wb_transaction   -     @2707  
  op_type   wb_op_type_enum  1     wb_read
  addr      integral         32    'h44   
  din       integral         8     'h0    
  dout      integral         8     'h2    
  valid_sb  integral         1     'h0    
------------------------------------------

UVM_INFO ../wb/sv/../sv/wb_master_monitor.sv(47) @ 2006: uvm_test_top.tb.wb.masters[0].monitor [wb_master_monitor] transaction collected :
------------------------------------------
Name        Type             Size  Value  
------------------------------------------
tr_collect  wb_transaction   -     @2719  
  op_type   wb_op_type_enum  1     wb_read
  addr      integral         32    'h44   
  din       integral         8     'h0    
  dout      integral         8     'h2    
  valid_sb  integral         1     'h0    
------------------------------------------

UVM_INFO ../wb/sv/../sv/wb_master_monitor.sv(47) @ 2026: uvm_test_top.tb.wb.masters[0].monitor [wb_master_monitor] transaction collected :
------------------------------------------
Name        Type             Size  Value  
------------------------------------------
tr_collect  wb_transaction   -     @2731  
  op_type   wb_op_type_enum  1     wb_read
  addr      integral         32    'h44   
  din       integral         8     'h0    
  dout      integral         8     'h2    
  valid_sb  integral         1     'h0    
------------------------------------------

UVM_INFO ../wb/sv/../sv/wb_master_monitor.sv(47) @ 2046: uvm_test_top.tb.wb.masters[0].monitor [wb_master_monitor] transaction collected :
------------------------------------------
Name        Type             Size  Value  
------------------------------------------
tr_collect  wb_transaction   -     @2743  
  op_type   wb_op_type_enum  1     wb_read
  addr      integral         32    'h44   
  din       integral         8     'h0    
  dout      integral         8     'h2    
  valid_sb  integral         1     'h0    
------------------------------------------

UVM_INFO ../wb/sv/../sv/wb_master_monitor.sv(47) @ 2066: uvm_test_top.tb.wb.masters[0].monitor [wb_master_monitor] transaction collected :
------------------------------------------
Name        Type             Size  Value  
------------------------------------------
tr_collect  wb_transaction   -     @2755  
  op_type   wb_op_type_enum  1     wb_read
  addr      integral         32    'h44   
  din       integral         8     'h0    
  dout      integral         8     'h2    
  valid_sb  integral         1     'h0    
------------------------------------------

UVM_INFO ../wb/sv/../sv/wb_master_monitor.sv(47) @ 2086: uvm_test_top.tb.wb.masters[0].monitor [wb_master_monitor] transaction collected :
------------------------------------------
Name        Type             Size  Value  
------------------------------------------
tr_collect  wb_transaction   -     @2767  
  op_type   wb_op_type_enum  1     wb_read
  addr      integral         32    'h44   
  din       integral         8     'h0    
  dout      integral         8     'h2    
  valid_sb  integral         1     'h0    
------------------------------------------

UVM_INFO ../wb/sv/../sv/wb_master_monitor.sv(47) @ 2106: uvm_test_top.tb.wb.masters[0].monitor [wb_master_monitor] transaction collected :
------------------------------------------
Name        Type             Size  Value  
------------------------------------------
tr_collect  wb_transaction   -     @2779  
  op_type   wb_op_type_enum  1     wb_read
  addr      integral         32    'h44   
  din       integral         8     'h0    
  dout      integral         8     'h2    
  valid_sb  integral         1     'h0    
------------------------------------------

UVM_INFO ../wb/sv/../sv/wb_master_monitor.sv(47) @ 2126: uvm_test_top.tb.wb.masters[0].monitor [wb_master_monitor] transaction collected :
------------------------------------------
Name        Type             Size  Value  
------------------------------------------
tr_collect  wb_transaction   -     @2791  
  op_type   wb_op_type_enum  1     wb_read
  addr      integral         32    'h44   
  din       integral         8     'h0    
  dout      integral         8     'h2    
  valid_sb  integral         1     'h0    
------------------------------------------

UVM_INFO ../wb/sv/../sv/wb_master_monitor.sv(47) @ 2146: uvm_test_top.tb.wb.masters[0].monitor [wb_master_monitor] transaction collected :
------------------------------------------
Name        Type             Size  Value  
------------------------------------------
tr_collect  wb_transaction   -     @2803  
  op_type   wb_op_type_enum  1     wb_read
  addr      integral         32    'h44   
  din       integral         8     'h0    
  dout      integral         8     'h2    
  valid_sb  integral         1     'h0    
------------------------------------------

UVM_INFO ../wb/sv/../sv/wb_master_monitor.sv(47) @ 2166: uvm_test_top.tb.wb.masters[0].monitor [wb_master_monitor] transaction collected :
------------------------------------------
Name        Type             Size  Value  
------------------------------------------
tr_collect  wb_transaction   -     @2815  
  op_type   wb_op_type_enum  1     wb_read
  addr      integral         32    'h44   
  din       integral         8     'h0    
  dout      integral         8     'h2    
  valid_sb  integral         1     'h0    
------------------------------------------

UVM_INFO ../wb/sv/../sv/wb_master_monitor.sv(47) @ 2186: uvm_test_top.tb.wb.masters[0].monitor [wb_master_monitor] transaction collected :
------------------------------------------
Name        Type             Size  Value  
------------------------------------------
tr_collect  wb_transaction   -     @2827  
  op_type   wb_op_type_enum  1     wb_read
  addr      integral         32    'h44   
  din       integral         8     'h0    
  dout      integral         8     'h2    
  valid_sb  integral         1     'h0    
------------------------------------------

UVM_INFO ../wb/sv/../sv/wb_master_monitor.sv(47) @ 2206: uvm_test_top.tb.wb.masters[0].monitor [wb_master_monitor] transaction collected :
------------------------------------------
Name        Type             Size  Value  
------------------------------------------
tr_collect  wb_transaction   -     @2839  
  op_type   wb_op_type_enum  1     wb_read
  addr      integral         32    'h44   
  din       integral         8     'h0    
  dout      integral         8     'h2    
  valid_sb  integral         1     'h0    
------------------------------------------

UVM_INFO ../wb/sv/../sv/wb_master_monitor.sv(47) @ 2226: uvm_test_top.tb.wb.masters[0].monitor [wb_master_monitor] transaction collected :
------------------------------------------
Name        Type             Size  Value  
------------------------------------------
tr_collect  wb_transaction   -     @2851  
  op_type   wb_op_type_enum  1     wb_read
  addr      integral         32    'h44   
  din       integral         8     'h0    
  dout      integral         8     'h2    
  valid_sb  integral         1     'h0    
------------------------------------------

UVM_INFO ../wb/sv/../sv/wb_master_monitor.sv(47) @ 2246: uvm_test_top.tb.wb.masters[0].monitor [wb_master_monitor] transaction collected :
------------------------------------------
Name        Type             Size  Value  
------------------------------------------
tr_collect  wb_transaction   -     @2863  
  op_type   wb_op_type_enum  1     wb_read
  addr      integral         32    'h44   
  din       integral         8     'h0    
  dout      integral         8     'h2    
  valid_sb  integral         1     'h0    
------------------------------------------

UVM_INFO ../wb/sv/../sv/wb_master_monitor.sv(47) @ 2266: uvm_test_top.tb.wb.masters[0].monitor [wb_master_monitor] transaction collected :
------------------------------------------
Name        Type             Size  Value  
------------------------------------------
tr_collect  wb_transaction   -     @2875  
  op_type   wb_op_type_enum  1     wb_read
  addr      integral         32    'h44   
  din       integral         8     'h0    
  dout      integral         8     'h2    
  valid_sb  integral         1     'h0    
------------------------------------------

UVM_INFO ../wb/sv/../sv/wb_master_monitor.sv(47) @ 2286: uvm_test_top.tb.wb.masters[0].monitor [wb_master_monitor] transaction collected :
------------------------------------------
Name        Type             Size  Value  
------------------------------------------
tr_collect  wb_transaction   -     @2887  
  op_type   wb_op_type_enum  1     wb_read
  addr      integral         32    'h44   
  din       integral         8     'h0    
  dout      integral         8     'h2    
  valid_sb  integral         1     'h0    
------------------------------------------

UVM_INFO ../wb/sv/../sv/wb_master_monitor.sv(47) @ 2306: uvm_test_top.tb.wb.masters[0].monitor [wb_master_monitor] transaction collected :
------------------------------------------
Name        Type             Size  Value  
------------------------------------------
tr_collect  wb_transaction   -     @2899  
  op_type   wb_op_type_enum  1     wb_read
  addr      integral         32    'h44   
  din       integral         8     'h0    
  dout      integral         8     'h2    
  valid_sb  integral         1     'h0    
------------------------------------------

UVM_INFO ../wb/sv/../sv/wb_master_monitor.sv(47) @ 2326: uvm_test_top.tb.wb.masters[0].monitor [wb_master_monitor] transaction collected :
------------------------------------------
Name        Type             Size  Value  
------------------------------------------
tr_collect  wb_transaction   -     @2911  
  op_type   wb_op_type_enum  1     wb_read
  addr      integral         32    'h44   
  din       integral         8     'h0    
  dout      integral         8     'h2    
  valid_sb  integral         1     'h0    
------------------------------------------

UVM_INFO ../wb/sv/../sv/wb_master_monitor.sv(47) @ 2346: uvm_test_top.tb.wb.masters[0].monitor [wb_master_monitor] transaction collected :
------------------------------------------
Name        Type             Size  Value  
------------------------------------------
tr_collect  wb_transaction   -     @2923  
  op_type   wb_op_type_enum  1     wb_read
  addr      integral         32    'h44   
  din       integral         8     'h0    
  dout      integral         8     'h2    
  valid_sb  integral         1     'h0    
------------------------------------------

UVM_INFO ../wb/sv/../sv/wb_master_monitor.sv(47) @ 2366: uvm_test_top.tb.wb.masters[0].monitor [wb_master_monitor] transaction collected :
------------------------------------------
Name        Type             Size  Value  
------------------------------------------
tr_collect  wb_transaction   -     @2935  
  op_type   wb_op_type_enum  1     wb_read
  addr      integral         32    'h44   
  din       integral         8     'h0    
  dout      integral         8     'h2    
  valid_sb  integral         1     'h0    
------------------------------------------

UVM_INFO ../wb/sv/../sv/wb_master_monitor.sv(47) @ 2386: uvm_test_top.tb.wb.masters[0].monitor [wb_master_monitor] transaction collected :
------------------------------------------
Name        Type             Size  Value  
------------------------------------------
tr_collect  wb_transaction   -     @2947  
  op_type   wb_op_type_enum  1     wb_read
  addr      integral         32    'h44   
  din       integral         8     'h0    
  dout      integral         8     'h2    
  valid_sb  integral         1     'h0    
------------------------------------------

UVM_INFO ../wb/sv/../sv/wb_master_monitor.sv(47) @ 2406: uvm_test_top.tb.wb.masters[0].monitor [wb_master_monitor] transaction collected :
------------------------------------------
Name        Type             Size  Value  
------------------------------------------
tr_collect  wb_transaction   -     @2959  
  op_type   wb_op_type_enum  1     wb_read
  addr      integral         32    'h44   
  din       integral         8     'h0    
  dout      integral         8     'h42   
  valid_sb  integral         1     'h0    
------------------------------------------

UVM_INFO ../wb/sv/../sv/wb_master_monitor.sv(47) @ 2426: uvm_test_top.tb.wb.masters[0].monitor [wb_master_monitor] transaction collected :
------------------------------------------
Name        Type             Size  Value  
------------------------------------------
tr_collect  wb_transaction   -     @2971  
  op_type   wb_op_type_enum  1     wb_read
  addr      integral         32    'h44   
  din       integral         8     'h0    
  dout      integral         8     'h42   
  valid_sb  integral         1     'h0    
------------------------------------------

UVM_INFO ../wb/sv/../sv/wb_master_monitor.sv(47) @ 2446: uvm_test_top.tb.wb.masters[0].monitor [wb_master_monitor] transaction collected :
------------------------------------------
Name        Type             Size  Value  
------------------------------------------
tr_collect  wb_transaction   -     @2983  
  op_type   wb_op_type_enum  1     wb_read
  addr      integral         32    'h44   
  din       integral         8     'h0    
  dout      integral         8     'h42   
  valid_sb  integral         1     'h0    
------------------------------------------

UVM_INFO ../wb/sv/../sv/wb_master_monitor.sv(47) @ 2466: uvm_test_top.tb.wb.masters[0].monitor [wb_master_monitor] transaction collected :
------------------------------------------
Name        Type             Size  Value  
------------------------------------------
tr_collect  wb_transaction   -     @2995  
  op_type   wb_op_type_enum  1     wb_read
  addr      integral         32    'h44   
  din       integral         8     'h0    
  dout      integral         8     'h42   
  valid_sb  integral         1     'h0    
------------------------------------------

UVM_INFO ../wb/sv/../sv/wb_master_monitor.sv(47) @ 2486: uvm_test_top.tb.wb.masters[0].monitor [wb_master_monitor] transaction collected :
------------------------------------------
Name        Type             Size  Value  
------------------------------------------
tr_collect  wb_transaction   -     @3007  
  op_type   wb_op_type_enum  1     wb_read
  addr      integral         32    'h44   
  din       integral         8     'h0    
  dout      integral         8     'h42   
  valid_sb  integral         1     'h0    
------------------------------------------

UVM_INFO ../wb/sv/../sv/wb_master_monitor.sv(47) @ 2506: uvm_test_top.tb.wb.masters[0].monitor [wb_master_monitor] transaction collected :
------------------------------------------
Name        Type             Size  Value  
------------------------------------------
tr_collect  wb_transaction   -     @3019  
  op_type   wb_op_type_enum  1     wb_read
  addr      integral         32    'h44   
  din       integral         8     'h0    
  dout      integral         8     'h42   
  valid_sb  integral         1     'h0    
------------------------------------------

UVM_INFO ../wb/sv/../sv/wb_master_monitor.sv(47) @ 2526: uvm_test_top.tb.wb.masters[0].monitor [wb_master_monitor] transaction collected :
------------------------------------------
Name        Type             Size  Value  
------------------------------------------
tr_collect  wb_transaction   -     @3031  
  op_type   wb_op_type_enum  1     wb_read
  addr      integral         32    'h44   
  din       integral         8     'h0    
  dout      integral         8     'h42   
  valid_sb  integral         1     'h0    
------------------------------------------

UVM_INFO ../wb/sv/../sv/wb_master_monitor.sv(47) @ 2546: uvm_test_top.tb.wb.masters[0].monitor [wb_master_monitor] transaction collected :
------------------------------------------
Name        Type             Size  Value  
------------------------------------------
tr_collect  wb_transaction   -     @3043  
  op_type   wb_op_type_enum  1     wb_read
  addr      integral         32    'h44   
  din       integral         8     'h0    
  dout      integral         8     'h42   
  valid_sb  integral         1     'h0    
------------------------------------------

UVM_INFO ../wb/sv/../sv/wb_master_monitor.sv(47) @ 2566: uvm_test_top.tb.wb.masters[0].monitor [wb_master_monitor] transaction collected :
------------------------------------------
Name        Type             Size  Value  
------------------------------------------
tr_collect  wb_transaction   -     @3055  
  op_type   wb_op_type_enum  1     wb_read
  addr      integral         32    'h44   
  din       integral         8     'h0    
  dout      integral         8     'h42   
  valid_sb  integral         1     'h0    
------------------------------------------

UVM_INFO ../wb/sv/../sv/wb_master_monitor.sv(47) @ 2586: uvm_test_top.tb.wb.masters[0].monitor [wb_master_monitor] transaction collected :
------------------------------------------
Name        Type             Size  Value  
------------------------------------------
tr_collect  wb_transaction   -     @3067  
  op_type   wb_op_type_enum  1     wb_read
  addr      integral         32    'h44   
  din       integral         8     'h0    
  dout      integral         8     'h42   
  valid_sb  integral         1     'h0    
------------------------------------------

UVM_INFO ../wb/sv/../sv/wb_master_monitor.sv(47) @ 2606: uvm_test_top.tb.wb.masters[0].monitor [wb_master_monitor] transaction collected :
------------------------------------------
Name        Type             Size  Value  
------------------------------------------
tr_collect  wb_transaction   -     @3079  
  op_type   wb_op_type_enum  1     wb_read
  addr      integral         32    'h44   
  din       integral         8     'h0    
  dout      integral         8     'h42   
  valid_sb  integral         1     'h0    
------------------------------------------

UVM_INFO ../wb/sv/../sv/wb_master_monitor.sv(47) @ 2626: uvm_test_top.tb.wb.masters[0].monitor [wb_master_monitor] transaction collected :
------------------------------------------
Name        Type             Size  Value  
------------------------------------------
tr_collect  wb_transaction   -     @3091  
  op_type   wb_op_type_enum  1     wb_read
  addr      integral         32    'h44   
  din       integral         8     'h0    
  dout      integral         8     'h42   
  valid_sb  integral         1     'h0    
------------------------------------------

UVM_INFO ../wb/sv/../sv/wb_master_monitor.sv(47) @ 2646: uvm_test_top.tb.wb.masters[0].monitor [wb_master_monitor] transaction collected :
------------------------------------------
Name        Type             Size  Value  
------------------------------------------
tr_collect  wb_transaction   -     @3103  
  op_type   wb_op_type_enum  1     wb_read
  addr      integral         32    'h44   
  din       integral         8     'h0    
  dout      integral         8     'h42   
  valid_sb  integral         1     'h0    
------------------------------------------

UVM_INFO ../wb/sv/../sv/wb_master_monitor.sv(47) @ 2666: uvm_test_top.tb.wb.masters[0].monitor [wb_master_monitor] transaction collected :
------------------------------------------
Name        Type             Size  Value  
------------------------------------------
tr_collect  wb_transaction   -     @3115  
  op_type   wb_op_type_enum  1     wb_read
  addr      integral         32    'h44   
  din       integral         8     'h0    
  dout      integral         8     'h42   
  valid_sb  integral         1     'h0    
------------------------------------------

UVM_INFO ../wb/sv/../sv/wb_master_monitor.sv(47) @ 2686: uvm_test_top.tb.wb.masters[0].monitor [wb_master_monitor] transaction collected :
------------------------------------------
Name        Type             Size  Value  
------------------------------------------
tr_collect  wb_transaction   -     @3127  
  op_type   wb_op_type_enum  1     wb_read
  addr      integral         32    'h44   
  din       integral         8     'h0    
  dout      integral         8     'h42   
  valid_sb  integral         1     'h0    
------------------------------------------

UVM_INFO ../wb/sv/../sv/wb_master_monitor.sv(47) @ 2706: uvm_test_top.tb.wb.masters[0].monitor [wb_master_monitor] transaction collected :
------------------------------------------
Name        Type             Size  Value  
------------------------------------------
tr_collect  wb_transaction   -     @3139  
  op_type   wb_op_type_enum  1     wb_read
  addr      integral         32    'h44   
  din       integral         8     'h0    
  dout      integral         8     'h42   
  valid_sb  integral         1     'h0    
------------------------------------------

UVM_INFO ../wb/sv/../sv/wb_master_monitor.sv(47) @ 2726: uvm_test_top.tb.wb.masters[0].monitor [wb_master_monitor] transaction collected :
------------------------------------------
Name        Type             Size  Value  
------------------------------------------
tr_collect  wb_transaction   -     @3151  
  op_type   wb_op_type_enum  1     wb_read
  addr      integral         32    'h44   
  din       integral         8     'h0    
  dout      integral         8     'h42   
  valid_sb  integral         1     'h0    
------------------------------------------

UVM_INFO ../wb/sv/../sv/wb_master_monitor.sv(47) @ 2746: uvm_test_top.tb.wb.masters[0].monitor [wb_master_monitor] transaction collected :
------------------------------------------
Name        Type             Size  Value  
------------------------------------------
tr_collect  wb_transaction   -     @3163  
  op_type   wb_op_type_enum  1     wb_read
  addr      integral         32    'h44   
  din       integral         8     'h0    
  dout      integral         8     'h42   
  valid_sb  integral         1     'h0    
------------------------------------------

UVM_INFO ../wb/sv/../sv/wb_master_monitor.sv(47) @ 2766: uvm_test_top.tb.wb.masters[0].monitor [wb_master_monitor] transaction collected :
------------------------------------------
Name        Type             Size  Value  
------------------------------------------
tr_collect  wb_transaction   -     @3175  
  op_type   wb_op_type_enum  1     wb_read
  addr      integral         32    'h44   
  din       integral         8     'h0    
  dout      integral         8     'h42   
  valid_sb  integral         1     'h0    
------------------------------------------

UVM_INFO ../wb/sv/../sv/wb_master_monitor.sv(47) @ 2786: uvm_test_top.tb.wb.masters[0].monitor [wb_master_monitor] transaction collected :
------------------------------------------
Name        Type             Size  Value  
------------------------------------------
tr_collect  wb_transaction   -     @3187  
  op_type   wb_op_type_enum  1     wb_read
  addr      integral         32    'h44   
  din       integral         8     'h0    
  dout      integral         8     'h42   
  valid_sb  integral         1     'h0    
------------------------------------------

UVM_INFO ../wb/sv/../sv/wb_master_monitor.sv(47) @ 2806: uvm_test_top.tb.wb.masters[0].monitor [wb_master_monitor] transaction collected :
------------------------------------------
Name        Type             Size  Value  
------------------------------------------
tr_collect  wb_transaction   -     @3199  
  op_type   wb_op_type_enum  1     wb_read
  addr      integral         32    'h44   
  din       integral         8     'h0    
  dout      integral         8     'h42   
  valid_sb  integral         1     'h0    
------------------------------------------

UVM_INFO ../wb/sv/../sv/wb_master_monitor.sv(47) @ 2826: uvm_test_top.tb.wb.masters[0].monitor [wb_master_monitor] transaction collected :
------------------------------------------
Name        Type             Size  Value  
------------------------------------------
tr_collect  wb_transaction   -     @3211  
  op_type   wb_op_type_enum  1     wb_read
  addr      integral         32    'h44   
  din       integral         8     'h0    
  dout      integral         8     'h42   
  valid_sb  integral         1     'h0    
------------------------------------------

UVM_INFO ../wb/sv/../sv/wb_master_monitor.sv(47) @ 2846: uvm_test_top.tb.wb.masters[0].monitor [wb_master_monitor] transaction collected :
------------------------------------------
Name        Type             Size  Value  
------------------------------------------
tr_collect  wb_transaction   -     @3223  
  op_type   wb_op_type_enum  1     wb_read
  addr      integral         32    'h44   
  din       integral         8     'h0    
  dout      integral         8     'h42   
  valid_sb  integral         1     'h0    
------------------------------------------

UVM_INFO ../wb/sv/../sv/wb_master_monitor.sv(47) @ 2866: uvm_test_top.tb.wb.masters[0].monitor [wb_master_monitor] transaction collected :
------------------------------------------
Name        Type             Size  Value  
------------------------------------------
tr_collect  wb_transaction   -     @3235  
  op_type   wb_op_type_enum  1     wb_read
  addr      integral         32    'h44   
  din       integral         8     'h0    
  dout      integral         8     'h42   
  valid_sb  integral         1     'h0    
------------------------------------------

UVM_INFO ../wb/sv/../sv/wb_master_monitor.sv(47) @ 2886: uvm_test_top.tb.wb.masters[0].monitor [wb_master_monitor] transaction collected :
------------------------------------------
Name        Type             Size  Value  
------------------------------------------
tr_collect  wb_transaction   -     @3247  
  op_type   wb_op_type_enum  1     wb_read
  addr      integral         32    'h44   
  din       integral         8     'h0    
  dout      integral         8     'h42   
  valid_sb  integral         1     'h0    
------------------------------------------

UVM_INFO ../wb/sv/../sv/wb_master_monitor.sv(47) @ 2906: uvm_test_top.tb.wb.masters[0].monitor [wb_master_monitor] transaction collected :
------------------------------------------
Name        Type             Size  Value  
------------------------------------------
tr_collect  wb_transaction   -     @3259  
  op_type   wb_op_type_enum  1     wb_read
  addr      integral         32    'h44   
  din       integral         8     'h0    
  dout      integral         8     'h42   
  valid_sb  integral         1     'h0    
------------------------------------------

UVM_INFO ../wb/sv/../sv/wb_master_monitor.sv(47) @ 2926: uvm_test_top.tb.wb.masters[0].monitor [wb_master_monitor] transaction collected :
------------------------------------------
Name        Type             Size  Value  
------------------------------------------
tr_collect  wb_transaction   -     @3271  
  op_type   wb_op_type_enum  1     wb_read
  addr      integral         32    'h44   
  din       integral         8     'h0    
  dout      integral         8     'h42   
  valid_sb  integral         1     'h0    
------------------------------------------

UVM_INFO ../wb/sv/../sv/wb_master_monitor.sv(47) @ 2946: uvm_test_top.tb.wb.masters[0].monitor [wb_master_monitor] transaction collected :
------------------------------------------
Name        Type             Size  Value  
------------------------------------------
tr_collect  wb_transaction   -     @3283  
  op_type   wb_op_type_enum  1     wb_read
  addr      integral         32    'h44   
  din       integral         8     'h0    
  dout      integral         8     'h42   
  valid_sb  integral         1     'h0    
------------------------------------------

UVM_INFO ../wb/sv/../sv/wb_master_monitor.sv(47) @ 2966: uvm_test_top.tb.wb.masters[0].monitor [wb_master_monitor] transaction collected :
------------------------------------------
Name        Type             Size  Value  
------------------------------------------
tr_collect  wb_transaction   -     @3295  
  op_type   wb_op_type_enum  1     wb_read
  addr      integral         32    'h44   
  din       integral         8     'h0    
  dout      integral         8     'h42   
  valid_sb  integral         1     'h0    
------------------------------------------

UVM_INFO ../wb/sv/../sv/wb_master_monitor.sv(47) @ 2986: uvm_test_top.tb.wb.masters[0].monitor [wb_master_monitor] transaction collected :
------------------------------------------
Name        Type             Size  Value  
------------------------------------------
tr_collect  wb_transaction   -     @3307  
  op_type   wb_op_type_enum  1     wb_read
  addr      integral         32    'h44   
  din       integral         8     'h0    
  dout      integral         8     'h42   
  valid_sb  integral         1     'h0    
------------------------------------------

UVM_INFO ../wb/sv/../sv/wb_master_monitor.sv(47) @ 3006: uvm_test_top.tb.wb.masters[0].monitor [wb_master_monitor] transaction collected :
------------------------------------------
Name        Type             Size  Value  
------------------------------------------
tr_collect  wb_transaction   -     @3319  
  op_type   wb_op_type_enum  1     wb_read
  addr      integral         32    'h44   
  din       integral         8     'h0    
  dout      integral         8     'h42   
  valid_sb  integral         1     'h0    
------------------------------------------

UVM_INFO ../wb/sv/../sv/wb_master_monitor.sv(47) @ 3026: uvm_test_top.tb.wb.masters[0].monitor [wb_master_monitor] transaction collected :
------------------------------------------
Name        Type             Size  Value  
------------------------------------------
tr_collect  wb_transaction   -     @3331  
  op_type   wb_op_type_enum  1     wb_read
  addr      integral         32    'h44   
  din       integral         8     'h0    
  dout      integral         8     'h42   
  valid_sb  integral         1     'h0    
------------------------------------------

UVM_INFO ../wb/sv/../sv/wb_master_monitor.sv(47) @ 3046: uvm_test_top.tb.wb.masters[0].monitor [wb_master_monitor] transaction collected :
------------------------------------------
Name        Type             Size  Value  
------------------------------------------
tr_collect  wb_transaction   -     @3343  
  op_type   wb_op_type_enum  1     wb_read
  addr      integral         32    'h44   
  din       integral         8     'h0    
  dout      integral         8     'h42   
  valid_sb  integral         1     'h0    
------------------------------------------

UVM_INFO ../wb/sv/../sv/wb_master_monitor.sv(47) @ 3066: uvm_test_top.tb.wb.masters[0].monitor [wb_master_monitor] transaction collected :
------------------------------------------
Name        Type             Size  Value  
------------------------------------------
tr_collect  wb_transaction   -     @3355  
  op_type   wb_op_type_enum  1     wb_read
  addr      integral         32    'h44   
  din       integral         8     'h0    
  dout      integral         8     'h42   
  valid_sb  integral         1     'h0    
------------------------------------------

UVM_INFO ../wb/sv/../sv/wb_master_monitor.sv(47) @ 3086: uvm_test_top.tb.wb.masters[0].monitor [wb_master_monitor] transaction collected :
------------------------------------------
Name        Type             Size  Value  
------------------------------------------
tr_collect  wb_transaction   -     @3367  
  op_type   wb_op_type_enum  1     wb_read
  addr      integral         32    'h44   
  din       integral         8     'h0    
  dout      integral         8     'h42   
  valid_sb  integral         1     'h0    
------------------------------------------

UVM_INFO ../wb/sv/../sv/wb_master_monitor.sv(47) @ 3106: uvm_test_top.tb.wb.masters[0].monitor [wb_master_monitor] transaction collected :
------------------------------------------
Name        Type             Size  Value  
------------------------------------------
tr_collect  wb_transaction   -     @3379  
  op_type   wb_op_type_enum  1     wb_read
  addr      integral         32    'h44   
  din       integral         8     'h0    
  dout      integral         8     'h42   
  valid_sb  integral         1     'h0    
------------------------------------------

UVM_INFO ../wb/sv/../sv/wb_master_monitor.sv(47) @ 3126: uvm_test_top.tb.wb.masters[0].monitor [wb_master_monitor] transaction collected :
------------------------------------------
Name        Type             Size  Value  
------------------------------------------
tr_collect  wb_transaction   -     @3391  
  op_type   wb_op_type_enum  1     wb_read
  addr      integral         32    'h44   
  din       integral         8     'h0    
  dout      integral         8     'h42   
  valid_sb  integral         1     'h0    
------------------------------------------

UVM_INFO ../wb/sv/../sv/wb_master_monitor.sv(47) @ 3146: uvm_test_top.tb.wb.masters[0].monitor [wb_master_monitor] transaction collected :
------------------------------------------
Name        Type             Size  Value  
------------------------------------------
tr_collect  wb_transaction   -     @3403  
  op_type   wb_op_type_enum  1     wb_read
  addr      integral         32    'h44   
  din       integral         8     'h0    
  dout      integral         8     'h42   
  valid_sb  integral         1     'h0    
------------------------------------------

UVM_INFO ../wb/sv/../sv/wb_master_monitor.sv(47) @ 3166: uvm_test_top.tb.wb.masters[0].monitor [wb_master_monitor] transaction collected :
------------------------------------------
Name        Type             Size  Value  
------------------------------------------
tr_collect  wb_transaction   -     @3415  
  op_type   wb_op_type_enum  1     wb_read
  addr      integral         32    'h44   
  din       integral         8     'h0    
  dout      integral         8     'h42   
  valid_sb  integral         1     'h0    
------------------------------------------

UVM_INFO ../wb/sv/../sv/wb_master_monitor.sv(47) @ 3186: uvm_test_top.tb.wb.masters[0].monitor [wb_master_monitor] transaction collected :
------------------------------------------
Name        Type             Size  Value  
------------------------------------------
tr_collect  wb_transaction   -     @3427  
  op_type   wb_op_type_enum  1     wb_read
  addr      integral         32    'h44   
  din       integral         8     'h0    
  dout      integral         8     'h42   
  valid_sb  integral         1     'h0    
------------------------------------------

UVM_INFO ../wb/sv/../sv/wb_master_monitor.sv(47) @ 3206: uvm_test_top.tb.wb.masters[0].monitor [wb_master_monitor] transaction collected :
------------------------------------------
Name        Type             Size  Value  
------------------------------------------
tr_collect  wb_transaction   -     @3439  
  op_type   wb_op_type_enum  1     wb_read
  addr      integral         32    'h44   
  din       integral         8     'h0    
  dout      integral         8     'h42   
  valid_sb  integral         1     'h0    
------------------------------------------

UVM_INFO ../wb/sv/../sv/wb_master_monitor.sv(47) @ 3226: uvm_test_top.tb.wb.masters[0].monitor [wb_master_monitor] transaction collected :
------------------------------------------
Name        Type             Size  Value  
------------------------------------------
tr_collect  wb_transaction   -     @3451  
  op_type   wb_op_type_enum  1     wb_read
  addr      integral         32    'h44   
  din       integral         8     'h0    
  dout      integral         8     'h42   
  valid_sb  integral         1     'h0    
------------------------------------------

UVM_INFO ../wb/sv/../sv/wb_master_monitor.sv(47) @ 3246: uvm_test_top.tb.wb.masters[0].monitor [wb_master_monitor] transaction collected :
------------------------------------------
Name        Type             Size  Value  
------------------------------------------
tr_collect  wb_transaction   -     @3463  
  op_type   wb_op_type_enum  1     wb_read
  addr      integral         32    'h44   
  din       integral         8     'h0    
  dout      integral         8     'h42   
  valid_sb  integral         1     'h0    
------------------------------------------

UVM_INFO ../wb/sv/../sv/wb_master_monitor.sv(47) @ 3266: uvm_test_top.tb.wb.masters[0].monitor [wb_master_monitor] transaction collected :
------------------------------------------
Name        Type             Size  Value  
------------------------------------------
tr_collect  wb_transaction   -     @3475  
  op_type   wb_op_type_enum  1     wb_read
  addr      integral         32    'h44   
  din       integral         8     'h0    
  dout      integral         8     'h42   
  valid_sb  integral         1     'h0    
------------------------------------------

UVM_INFO ../wb/sv/../sv/wb_master_monitor.sv(47) @ 3286: uvm_test_top.tb.wb.masters[0].monitor [wb_master_monitor] transaction collected :
------------------------------------------
Name        Type             Size  Value  
------------------------------------------
tr_collect  wb_transaction   -     @3487  
  op_type   wb_op_type_enum  1     wb_read
  addr      integral         32    'h44   
  din       integral         8     'h0    
  dout      integral         8     'h42   
  valid_sb  integral         1     'h0    
------------------------------------------

UVM_INFO ../wb/sv/../sv/wb_master_monitor.sv(47) @ 3306: uvm_test_top.tb.wb.masters[0].monitor [wb_master_monitor] transaction collected :
------------------------------------------
Name        Type             Size  Value  
------------------------------------------
tr_collect  wb_transaction   -     @3499  
  op_type   wb_op_type_enum  1     wb_read
  addr      integral         32    'h44   
  din       integral         8     'h0    
  dout      integral         8     'h42   
  valid_sb  integral         1     'h0    
------------------------------------------

UVM_INFO ../wb/sv/../sv/wb_master_monitor.sv(47) @ 3326: uvm_test_top.tb.wb.masters[0].monitor [wb_master_monitor] transaction collected :
------------------------------------------
Name        Type             Size  Value  
------------------------------------------
tr_collect  wb_transaction   -     @3511  
  op_type   wb_op_type_enum  1     wb_read
  addr      integral         32    'h44   
  din       integral         8     'h0    
  dout      integral         8     'h42   
  valid_sb  integral         1     'h0    
------------------------------------------

UVM_INFO ../wb/sv/../sv/wb_master_monitor.sv(47) @ 3346: uvm_test_top.tb.wb.masters[0].monitor [wb_master_monitor] transaction collected :
------------------------------------------
Name        Type             Size  Value  
------------------------------------------
tr_collect  wb_transaction   -     @3523  
  op_type   wb_op_type_enum  1     wb_read
  addr      integral         32    'h44   
  din       integral         8     'h0    
  dout      integral         8     'h42   
  valid_sb  integral         1     'h0    
------------------------------------------

UVM_INFO ../wb/sv/../sv/wb_master_monitor.sv(47) @ 3366: uvm_test_top.tb.wb.masters[0].monitor [wb_master_monitor] transaction collected :
------------------------------------------
Name        Type             Size  Value  
------------------------------------------
tr_collect  wb_transaction   -     @3535  
  op_type   wb_op_type_enum  1     wb_read
  addr      integral         32    'h44   
  din       integral         8     'h0    
  dout      integral         8     'h42   
  valid_sb  integral         1     'h0    
------------------------------------------

UVM_INFO ../wb/sv/../sv/wb_master_monitor.sv(47) @ 3386: uvm_test_top.tb.wb.masters[0].monitor [wb_master_monitor] transaction collected :
------------------------------------------
Name        Type             Size  Value  
------------------------------------------
tr_collect  wb_transaction   -     @3547  
  op_type   wb_op_type_enum  1     wb_read
  addr      integral         32    'h44   
  din       integral         8     'h0    
  dout      integral         8     'h42   
  valid_sb  integral         1     'h0    
------------------------------------------

UVM_INFO ../wb/sv/../sv/wb_master_monitor.sv(47) @ 3406: uvm_test_top.tb.wb.masters[0].monitor [wb_master_monitor] transaction collected :
------------------------------------------
Name        Type             Size  Value  
------------------------------------------
tr_collect  wb_transaction   -     @3559  
  op_type   wb_op_type_enum  1     wb_read
  addr      integral         32    'h44   
  din       integral         8     'h0    
  dout      integral         8     'h42   
  valid_sb  integral         1     'h0    
------------------------------------------

UVM_INFO ../wb/sv/../sv/wb_master_monitor.sv(47) @ 3426: uvm_test_top.tb.wb.masters[0].monitor [wb_master_monitor] transaction collected :
------------------------------------------
Name        Type             Size  Value  
------------------------------------------
tr_collect  wb_transaction   -     @3571  
  op_type   wb_op_type_enum  1     wb_read
  addr      integral         32    'h44   
  din       integral         8     'h0    
  dout      integral         8     'h42   
  valid_sb  integral         1     'h0    
------------------------------------------

UVM_INFO ../wb/sv/../sv/wb_master_monitor.sv(47) @ 3446: uvm_test_top.tb.wb.masters[0].monitor [wb_master_monitor] transaction collected :
------------------------------------------
Name        Type             Size  Value  
------------------------------------------
tr_collect  wb_transaction   -     @3583  
  op_type   wb_op_type_enum  1     wb_read
  addr      integral         32    'h44   
  din       integral         8     'h0    
  dout      integral         8     'h42   
  valid_sb  integral         1     'h0    
------------------------------------------

UVM_INFO ../wb/sv/../sv/wb_master_monitor.sv(47) @ 3466: uvm_test_top.tb.wb.masters[0].monitor [wb_master_monitor] transaction collected :
------------------------------------------
Name        Type             Size  Value  
------------------------------------------
tr_collect  wb_transaction   -     @3595  
  op_type   wb_op_type_enum  1     wb_read
  addr      integral         32    'h44   
  din       integral         8     'h0    
  dout      integral         8     'h42   
  valid_sb  integral         1     'h0    
------------------------------------------

UVM_INFO ../wb/sv/../sv/wb_master_monitor.sv(47) @ 3486: uvm_test_top.tb.wb.masters[0].monitor [wb_master_monitor] transaction collected :
------------------------------------------
Name        Type             Size  Value  
------------------------------------------
tr_collect  wb_transaction   -     @3607  
  op_type   wb_op_type_enum  1     wb_read
  addr      integral         32    'h44   
  din       integral         8     'h0    
  dout      integral         8     'h42   
  valid_sb  integral         1     'h0    
------------------------------------------

UVM_INFO ../wb/sv/../sv/wb_master_monitor.sv(47) @ 3506: uvm_test_top.tb.wb.masters[0].monitor [wb_master_monitor] transaction collected :
------------------------------------------
Name        Type             Size  Value  
------------------------------------------
tr_collect  wb_transaction   -     @3619  
  op_type   wb_op_type_enum  1     wb_read
  addr      integral         32    'h44   
  din       integral         8     'h0    
  dout      integral         8     'h42   
  valid_sb  integral         1     'h0    
------------------------------------------

UVM_INFO ../wb/sv/../sv/wb_master_monitor.sv(47) @ 3526: uvm_test_top.tb.wb.masters[0].monitor [wb_master_monitor] transaction collected :
------------------------------------------
Name        Type             Size  Value  
------------------------------------------
tr_collect  wb_transaction   -     @3631  
  op_type   wb_op_type_enum  1     wb_read
  addr      integral         32    'h44   
  din       integral         8     'h0    
  dout      integral         8     'h42   
  valid_sb  integral         1     'h0    
------------------------------------------

UVM_INFO ../wb/sv/../sv/wb_master_monitor.sv(47) @ 3546: uvm_test_top.tb.wb.masters[0].monitor [wb_master_monitor] transaction collected :
------------------------------------------
Name        Type             Size  Value  
------------------------------------------
tr_collect  wb_transaction   -     @3643  
  op_type   wb_op_type_enum  1     wb_read
  addr      integral         32    'h44   
  din       integral         8     'h0    
  dout      integral         8     'h42   
  valid_sb  integral         1     'h0    
------------------------------------------

UVM_INFO ../wb/sv/../sv/wb_master_monitor.sv(47) @ 3566: uvm_test_top.tb.wb.masters[0].monitor [wb_master_monitor] transaction collected :
------------------------------------------
Name        Type             Size  Value  
------------------------------------------
tr_collect  wb_transaction   -     @3655  
  op_type   wb_op_type_enum  1     wb_read
  addr      integral         32    'h44   
  din       integral         8     'h0    
  dout      integral         8     'h42   
  valid_sb  integral         1     'h0    
------------------------------------------

UVM_INFO ../wb/sv/../sv/wb_master_monitor.sv(47) @ 3586: uvm_test_top.tb.wb.masters[0].monitor [wb_master_monitor] transaction collected :
------------------------------------------
Name        Type             Size  Value  
------------------------------------------
tr_collect  wb_transaction   -     @3667  
  op_type   wb_op_type_enum  1     wb_read
  addr      integral         32    'h44   
  din       integral         8     'h0    
  dout      integral         8     'h42   
  valid_sb  integral         1     'h0    
------------------------------------------

UVM_INFO ../wb/sv/../sv/wb_master_monitor.sv(47) @ 3606: uvm_test_top.tb.wb.masters[0].monitor [wb_master_monitor] transaction collected :
------------------------------------------
Name        Type             Size  Value  
------------------------------------------
tr_collect  wb_transaction   -     @3679  
  op_type   wb_op_type_enum  1     wb_read
  addr      integral         32    'h44   
  din       integral         8     'h0    
  dout      integral         8     'h42   
  valid_sb  integral         1     'h0    
------------------------------------------

UVM_INFO ../wb/sv/../sv/wb_master_monitor.sv(47) @ 3626: uvm_test_top.tb.wb.masters[0].monitor [wb_master_monitor] transaction collected :
------------------------------------------
Name        Type             Size  Value  
------------------------------------------
tr_collect  wb_transaction   -     @3691  
  op_type   wb_op_type_enum  1     wb_read
  addr      integral         32    'h44   
  din       integral         8     'h0    
  dout      integral         8     'h42   
  valid_sb  integral         1     'h0    
------------------------------------------

UVM_INFO ../wb/sv/../sv/wb_master_monitor.sv(47) @ 3646: uvm_test_top.tb.wb.masters[0].monitor [wb_master_monitor] transaction collected :
------------------------------------------
Name        Type             Size  Value  
------------------------------------------
tr_collect  wb_transaction   -     @3703  
  op_type   wb_op_type_enum  1     wb_read
  addr      integral         32    'h44   
  din       integral         8     'h0    
  dout      integral         8     'h42   
  valid_sb  integral         1     'h0    
------------------------------------------

UVM_INFO ../wb/sv/../sv/wb_master_monitor.sv(47) @ 3666: uvm_test_top.tb.wb.masters[0].monitor [wb_master_monitor] transaction collected :
------------------------------------------
Name        Type             Size  Value  
------------------------------------------
tr_collect  wb_transaction   -     @3715  
  op_type   wb_op_type_enum  1     wb_read
  addr      integral         32    'h44   
  din       integral         8     'h0    
  dout      integral         8     'h42   
  valid_sb  integral         1     'h0    
------------------------------------------

UVM_INFO ../wb/sv/../sv/wb_master_monitor.sv(47) @ 3686: uvm_test_top.tb.wb.masters[0].monitor [wb_master_monitor] transaction collected :
------------------------------------------
Name        Type             Size  Value  
------------------------------------------
tr_collect  wb_transaction   -     @3727  
  op_type   wb_op_type_enum  1     wb_read
  addr      integral         32    'h44   
  din       integral         8     'h0    
  dout      integral         8     'h42   
  valid_sb  integral         1     'h0    
------------------------------------------

UVM_INFO ../wb/sv/../sv/wb_master_monitor.sv(47) @ 3706: uvm_test_top.tb.wb.masters[0].monitor [wb_master_monitor] transaction collected :
------------------------------------------
Name        Type             Size  Value  
------------------------------------------
tr_collect  wb_transaction   -     @3739  
  op_type   wb_op_type_enum  1     wb_read
  addr      integral         32    'h44   
  din       integral         8     'h0    
  dout      integral         8     'h42   
  valid_sb  integral         1     'h0    
------------------------------------------

UVM_INFO ../wb/sv/../sv/wb_master_monitor.sv(47) @ 3726: uvm_test_top.tb.wb.masters[0].monitor [wb_master_monitor] transaction collected :
------------------------------------------
Name        Type             Size  Value  
------------------------------------------
tr_collect  wb_transaction   -     @3751  
  op_type   wb_op_type_enum  1     wb_read
  addr      integral         32    'h44   
  din       integral         8     'h0    
  dout      integral         8     'h42   
  valid_sb  integral         1     'h0    
------------------------------------------

UVM_INFO ../wb/sv/../sv/wb_master_monitor.sv(47) @ 3746: uvm_test_top.tb.wb.masters[0].monitor [wb_master_monitor] transaction collected :
------------------------------------------
Name        Type             Size  Value  
------------------------------------------
tr_collect  wb_transaction   -     @3763  
  op_type   wb_op_type_enum  1     wb_read
  addr      integral         32    'h44   
  din       integral         8     'h0    
  dout      integral         8     'h42   
  valid_sb  integral         1     'h0    
------------------------------------------

UVM_INFO ../wb/sv/../sv/wb_master_monitor.sv(47) @ 3766: uvm_test_top.tb.wb.masters[0].monitor [wb_master_monitor] transaction collected :
------------------------------------------
Name        Type             Size  Value  
------------------------------------------
tr_collect  wb_transaction   -     @3775  
  op_type   wb_op_type_enum  1     wb_read
  addr      integral         32    'h44   
  din       integral         8     'h0    
  dout      integral         8     'h42   
  valid_sb  integral         1     'h0    
------------------------------------------

UVM_INFO ../wb/sv/../sv/wb_master_monitor.sv(47) @ 3786: uvm_test_top.tb.wb.masters[0].monitor [wb_master_monitor] transaction collected :
------------------------------------------
Name        Type             Size  Value  
------------------------------------------
tr_collect  wb_transaction   -     @3787  
  op_type   wb_op_type_enum  1     wb_read
  addr      integral         32    'h44   
  din       integral         8     'h0    
  dout      integral         8     'h42   
  valid_sb  integral         1     'h0    
------------------------------------------

UVM_INFO ../wb/sv/../sv/wb_master_monitor.sv(47) @ 3806: uvm_test_top.tb.wb.masters[0].monitor [wb_master_monitor] transaction collected :
------------------------------------------
Name        Type             Size  Value  
------------------------------------------
tr_collect  wb_transaction   -     @3799  
  op_type   wb_op_type_enum  1     wb_read
  addr      integral         32    'h44   
  din       integral         8     'h0    
  dout      integral         8     'h42   
  valid_sb  integral         1     'h0    
------------------------------------------

UVM_INFO ../wb/sv/../sv/wb_master_monitor.sv(47) @ 3826: uvm_test_top.tb.wb.masters[0].monitor [wb_master_monitor] transaction collected :
------------------------------------------
Name        Type             Size  Value  
------------------------------------------
tr_collect  wb_transaction   -     @3811  
  op_type   wb_op_type_enum  1     wb_read
  addr      integral         32    'h44   
  din       integral         8     'h0    
  dout      integral         8     'h42   
  valid_sb  integral         1     'h0    
------------------------------------------

UVM_INFO ../wb/sv/../sv/wb_master_monitor.sv(47) @ 3846: uvm_test_top.tb.wb.masters[0].monitor [wb_master_monitor] transaction collected :
------------------------------------------
Name        Type             Size  Value  
------------------------------------------
tr_collect  wb_transaction   -     @3823  
  op_type   wb_op_type_enum  1     wb_read
  addr      integral         32    'h44   
  din       integral         8     'h0    
  dout      integral         8     'h42   
  valid_sb  integral         1     'h0    
------------------------------------------

UVM_INFO ../wb/sv/../sv/wb_master_monitor.sv(47) @ 3866: uvm_test_top.tb.wb.masters[0].monitor [wb_master_monitor] transaction collected :
------------------------------------------
Name        Type             Size  Value  
------------------------------------------
tr_collect  wb_transaction   -     @3835  
  op_type   wb_op_type_enum  1     wb_read
  addr      integral         32    'h44   
  din       integral         8     'h0    
  dout      integral         8     'h42   
  valid_sb  integral         1     'h0    
------------------------------------------

UVM_INFO ../wb/sv/../sv/wb_master_monitor.sv(47) @ 3886: uvm_test_top.tb.wb.masters[0].monitor [wb_master_monitor] transaction collected :
------------------------------------------
Name        Type             Size  Value  
------------------------------------------
tr_collect  wb_transaction   -     @3847  
  op_type   wb_op_type_enum  1     wb_read
  addr      integral         32    'h44   
  din       integral         8     'h0    
  dout      integral         8     'h42   
  valid_sb  integral         1     'h0    
------------------------------------------

UVM_INFO ../wb/sv/../sv/wb_master_monitor.sv(47) @ 3906: uvm_test_top.tb.wb.masters[0].monitor [wb_master_monitor] transaction collected :
------------------------------------------
Name        Type             Size  Value  
------------------------------------------
tr_collect  wb_transaction   -     @3859  
  op_type   wb_op_type_enum  1     wb_read
  addr      integral         32    'h44   
  din       integral         8     'h0    
  dout      integral         8     'h42   
  valid_sb  integral         1     'h0    
------------------------------------------

UVM_INFO ../wb/sv/../sv/wb_master_monitor.sv(47) @ 3926: uvm_test_top.tb.wb.masters[0].monitor [wb_master_monitor] transaction collected :
------------------------------------------
Name        Type             Size  Value  
------------------------------------------
tr_collect  wb_transaction   -     @3871  
  op_type   wb_op_type_enum  1     wb_read
  addr      integral         32    'h44   
  din       integral         8     'h0    
  dout      integral         8     'h42   
  valid_sb  integral         1     'h0    
------------------------------------------

UVM_INFO ../wb/sv/../sv/wb_master_monitor.sv(47) @ 3946: uvm_test_top.tb.wb.masters[0].monitor [wb_master_monitor] transaction collected :
------------------------------------------
Name        Type             Size  Value  
------------------------------------------
tr_collect  wb_transaction   -     @3883  
  op_type   wb_op_type_enum  1     wb_read
  addr      integral         32    'h44   
  din       integral         8     'h0    
  dout      integral         8     'h42   
  valid_sb  integral         1     'h0    
------------------------------------------

UVM_INFO ../wb/sv/../sv/wb_master_monitor.sv(47) @ 3966: uvm_test_top.tb.wb.masters[0].monitor [wb_master_monitor] transaction collected :
------------------------------------------
Name        Type             Size  Value  
------------------------------------------
tr_collect  wb_transaction   -     @3895  
  op_type   wb_op_type_enum  1     wb_read
  addr      integral         32    'h44   
  din       integral         8     'h0    
  dout      integral         8     'h42   
  valid_sb  integral         1     'h0    
------------------------------------------

UVM_INFO ../wb/sv/../sv/wb_master_monitor.sv(47) @ 3986: uvm_test_top.tb.wb.masters[0].monitor [wb_master_monitor] transaction collected :
------------------------------------------
Name        Type             Size  Value  
------------------------------------------
tr_collect  wb_transaction   -     @3907  
  op_type   wb_op_type_enum  1     wb_read
  addr      integral         32    'h44   
  din       integral         8     'h0    
  dout      integral         8     'h42   
  valid_sb  integral         1     'h0    
------------------------------------------

UVM_INFO ../wb/sv/../sv/wb_master_monitor.sv(47) @ 4006: uvm_test_top.tb.wb.masters[0].monitor [wb_master_monitor] transaction collected :
------------------------------------------
Name        Type             Size  Value  
------------------------------------------
tr_collect  wb_transaction   -     @3919  
  op_type   wb_op_type_enum  1     wb_read
  addr      integral         32    'h44   
  din       integral         8     'h0    
  dout      integral         8     'h42   
  valid_sb  integral         1     'h0    
------------------------------------------

UVM_INFO ../wb/sv/../sv/wb_master_monitor.sv(47) @ 4026: uvm_test_top.tb.wb.masters[0].monitor [wb_master_monitor] transaction collected :
------------------------------------------
Name        Type             Size  Value  
------------------------------------------
tr_collect  wb_transaction   -     @3931  
  op_type   wb_op_type_enum  1     wb_read
  addr      integral         32    'h44   
  din       integral         8     'h0    
  dout      integral         8     'h42   
  valid_sb  integral         1     'h0    
------------------------------------------

UVM_INFO ../wb/sv/../sv/wb_master_monitor.sv(47) @ 4046: uvm_test_top.tb.wb.masters[0].monitor [wb_master_monitor] transaction collected :
------------------------------------------
Name        Type             Size  Value  
------------------------------------------
tr_collect  wb_transaction   -     @3943  
  op_type   wb_op_type_enum  1     wb_read
  addr      integral         32    'h44   
  din       integral         8     'h0    
  dout      integral         8     'h42   
  valid_sb  integral         1     'h0    
------------------------------------------

UVM_INFO ../wb/sv/../sv/wb_master_monitor.sv(47) @ 4066: uvm_test_top.tb.wb.masters[0].monitor [wb_master_monitor] transaction collected :
------------------------------------------
Name        Type             Size  Value  
------------------------------------------
tr_collect  wb_transaction   -     @3955  
  op_type   wb_op_type_enum  1     wb_read
  addr      integral         32    'h44   
  din       integral         8     'h0    
  dout      integral         8     'h42   
  valid_sb  integral         1     'h0    
------------------------------------------

UVM_INFO ../wb/sv/../sv/wb_master_monitor.sv(47) @ 4086: uvm_test_top.tb.wb.masters[0].monitor [wb_master_monitor] transaction collected :
------------------------------------------
Name        Type             Size  Value  
------------------------------------------
tr_collect  wb_transaction   -     @3967  
  op_type   wb_op_type_enum  1     wb_read
  addr      integral         32    'h44   
  din       integral         8     'h0    
  dout      integral         8     'h42   
  valid_sb  integral         1     'h0    
------------------------------------------

UVM_INFO ../wb/sv/../sv/wb_master_monitor.sv(47) @ 4106: uvm_test_top.tb.wb.masters[0].monitor [wb_master_monitor] transaction collected :
------------------------------------------
Name        Type             Size  Value  
------------------------------------------
tr_collect  wb_transaction   -     @3979  
  op_type   wb_op_type_enum  1     wb_read
  addr      integral         32    'h44   
  din       integral         8     'h0    
  dout      integral         8     'h42   
  valid_sb  integral         1     'h0    
------------------------------------------

UVM_INFO ../wb/sv/../sv/wb_master_monitor.sv(47) @ 4126: uvm_test_top.tb.wb.masters[0].monitor [wb_master_monitor] transaction collected :
------------------------------------------
Name        Type             Size  Value  
------------------------------------------
tr_collect  wb_transaction   -     @3991  
  op_type   wb_op_type_enum  1     wb_read
  addr      integral         32    'h44   
  din       integral         8     'h0    
  dout      integral         8     'h42   
  valid_sb  integral         1     'h0    
------------------------------------------

UVM_INFO ../wb/sv/../sv/wb_master_monitor.sv(47) @ 4146: uvm_test_top.tb.wb.masters[0].monitor [wb_master_monitor] transaction collected :
------------------------------------------
Name        Type             Size  Value  
------------------------------------------
tr_collect  wb_transaction   -     @4003  
  op_type   wb_op_type_enum  1     wb_read
  addr      integral         32    'h44   
  din       integral         8     'h0    
  dout      integral         8     'h42   
  valid_sb  integral         1     'h0    
------------------------------------------

UVM_INFO ../wb/sv/../sv/wb_master_monitor.sv(47) @ 4166: uvm_test_top.tb.wb.masters[0].monitor [wb_master_monitor] transaction collected :
------------------------------------------
Name        Type             Size  Value  
------------------------------------------
tr_collect  wb_transaction   -     @4015  
  op_type   wb_op_type_enum  1     wb_read
  addr      integral         32    'h44   
  din       integral         8     'h0    
  dout      integral         8     'h42   
  valid_sb  integral         1     'h0    
------------------------------------------

UVM_INFO ../wb/sv/../sv/wb_master_monitor.sv(47) @ 4186: uvm_test_top.tb.wb.masters[0].monitor [wb_master_monitor] transaction collected :
------------------------------------------
Name        Type             Size  Value  
------------------------------------------
tr_collect  wb_transaction   -     @4027  
  op_type   wb_op_type_enum  1     wb_read
  addr      integral         32    'h44   
  din       integral         8     'h0    
  dout      integral         8     'h42   
  valid_sb  integral         1     'h0    
------------------------------------------

UVM_INFO ../wb/sv/../sv/wb_master_monitor.sv(47) @ 4206: uvm_test_top.tb.wb.masters[0].monitor [wb_master_monitor] transaction collected :
------------------------------------------
Name        Type             Size  Value  
------------------------------------------
tr_collect  wb_transaction   -     @4039  
  op_type   wb_op_type_enum  1     wb_read
  addr      integral         32    'h44   
  din       integral         8     'h0    
  dout      integral         8     'h42   
  valid_sb  integral         1     'h0    
------------------------------------------

UVM_INFO ../wb/sv/../sv/wb_master_monitor.sv(47) @ 4226: uvm_test_top.tb.wb.masters[0].monitor [wb_master_monitor] transaction collected :
------------------------------------------
Name        Type             Size  Value  
------------------------------------------
tr_collect  wb_transaction   -     @4051  
  op_type   wb_op_type_enum  1     wb_read
  addr      integral         32    'h44   
  din       integral         8     'h0    
  dout      integral         8     'h42   
  valid_sb  integral         1     'h0    
------------------------------------------

UVM_INFO ../wb/sv/../sv/wb_master_monitor.sv(47) @ 4246: uvm_test_top.tb.wb.masters[0].monitor [wb_master_monitor] transaction collected :
------------------------------------------
Name        Type             Size  Value  
------------------------------------------
tr_collect  wb_transaction   -     @4063  
  op_type   wb_op_type_enum  1     wb_read
  addr      integral         32    'h44   
  din       integral         8     'h0    
  dout      integral         8     'h42   
  valid_sb  integral         1     'h0    
------------------------------------------

UVM_INFO ../wb/sv/../sv/wb_master_monitor.sv(47) @ 4266: uvm_test_top.tb.wb.masters[0].monitor [wb_master_monitor] transaction collected :
------------------------------------------
Name        Type             Size  Value  
------------------------------------------
tr_collect  wb_transaction   -     @4075  
  op_type   wb_op_type_enum  1     wb_read
  addr      integral         32    'h44   
  din       integral         8     'h0    
  dout      integral         8     'h42   
  valid_sb  integral         1     'h0    
------------------------------------------

UVM_INFO ../wb/sv/../sv/wb_master_monitor.sv(47) @ 4286: uvm_test_top.tb.wb.masters[0].monitor [wb_master_monitor] transaction collected :
------------------------------------------
Name        Type             Size  Value  
------------------------------------------
tr_collect  wb_transaction   -     @4087  
  op_type   wb_op_type_enum  1     wb_read
  addr      integral         32    'h44   
  din       integral         8     'h0    
  dout      integral         8     'h42   
  valid_sb  integral         1     'h0    
------------------------------------------

UVM_INFO ../wb/sv/../sv/wb_master_monitor.sv(47) @ 4306: uvm_test_top.tb.wb.masters[0].monitor [wb_master_monitor] transaction collected :
------------------------------------------
Name        Type             Size  Value  
------------------------------------------
tr_collect  wb_transaction   -     @4099  
  op_type   wb_op_type_enum  1     wb_read
  addr      integral         32    'h44   
  din       integral         8     'h0    
  dout      integral         8     'h42   
  valid_sb  integral         1     'h0    
------------------------------------------

UVM_INFO ../wb/sv/../sv/wb_master_monitor.sv(47) @ 4326: uvm_test_top.tb.wb.masters[0].monitor [wb_master_monitor] transaction collected :
------------------------------------------
Name        Type             Size  Value  
------------------------------------------
tr_collect  wb_transaction   -     @4111  
  op_type   wb_op_type_enum  1     wb_read
  addr      integral         32    'h44   
  din       integral         8     'h0    
  dout      integral         8     'h42   
  valid_sb  integral         1     'h0    
------------------------------------------

UVM_INFO ../wb/sv/../sv/wb_master_monitor.sv(47) @ 4346: uvm_test_top.tb.wb.masters[0].monitor [wb_master_monitor] transaction collected :
------------------------------------------
Name        Type             Size  Value  
------------------------------------------
tr_collect  wb_transaction   -     @4123  
  op_type   wb_op_type_enum  1     wb_read
  addr      integral         32    'h44   
  din       integral         8     'h0    
  dout      integral         8     'h42   
  valid_sb  integral         1     'h0    
------------------------------------------

UVM_INFO ../wb/sv/../sv/wb_master_monitor.sv(47) @ 4366: uvm_test_top.tb.wb.masters[0].monitor [wb_master_monitor] transaction collected :
------------------------------------------
Name        Type             Size  Value  
------------------------------------------
tr_collect  wb_transaction   -     @4135  
  op_type   wb_op_type_enum  1     wb_read
  addr      integral         32    'h44   
  din       integral         8     'h0    
  dout      integral         8     'h42   
  valid_sb  integral         1     'h0    
------------------------------------------

UVM_INFO ../wb/sv/../sv/wb_master_monitor.sv(47) @ 4386: uvm_test_top.tb.wb.masters[0].monitor [wb_master_monitor] transaction collected :
------------------------------------------
Name        Type             Size  Value  
------------------------------------------
tr_collect  wb_transaction   -     @4147  
  op_type   wb_op_type_enum  1     wb_read
  addr      integral         32    'h44   
  din       integral         8     'h0    
  dout      integral         8     'h42   
  valid_sb  integral         1     'h0    
------------------------------------------

UVM_INFO ../wb/sv/../sv/wb_master_monitor.sv(47) @ 4406: uvm_test_top.tb.wb.masters[0].monitor [wb_master_monitor] transaction collected :
------------------------------------------
Name        Type             Size  Value  
------------------------------------------
tr_collect  wb_transaction   -     @4159  
  op_type   wb_op_type_enum  1     wb_read
  addr      integral         32    'h44   
  din       integral         8     'h0    
  dout      integral         8     'h42   
  valid_sb  integral         1     'h0    
------------------------------------------

UVM_INFO ../wb/sv/../sv/wb_master_monitor.sv(47) @ 4426: uvm_test_top.tb.wb.masters[0].monitor [wb_master_monitor] transaction collected :
------------------------------------------
Name        Type             Size  Value  
------------------------------------------
tr_collect  wb_transaction   -     @4171  
  op_type   wb_op_type_enum  1     wb_read
  addr      integral         32    'h44   
  din       integral         8     'h0    
  dout      integral         8     'h42   
  valid_sb  integral         1     'h0    
------------------------------------------

UVM_INFO ../wb/sv/../sv/wb_master_monitor.sv(47) @ 4446: uvm_test_top.tb.wb.masters[0].monitor [wb_master_monitor] transaction collected :
------------------------------------------
Name        Type             Size  Value  
------------------------------------------
tr_collect  wb_transaction   -     @4183  
  op_type   wb_op_type_enum  1     wb_read
  addr      integral         32    'h44   
  din       integral         8     'h0    
  dout      integral         8     'h42   
  valid_sb  integral         1     'h0    
------------------------------------------

UVM_INFO ../wb/sv/../sv/wb_master_monitor.sv(47) @ 4466: uvm_test_top.tb.wb.masters[0].monitor [wb_master_monitor] transaction collected :
------------------------------------------
Name        Type             Size  Value  
------------------------------------------
tr_collect  wb_transaction   -     @4195  
  op_type   wb_op_type_enum  1     wb_read
  addr      integral         32    'h44   
  din       integral         8     'h0    
  dout      integral         8     'h42   
  valid_sb  integral         1     'h0    
------------------------------------------

UVM_INFO ../wb/sv/../sv/wb_master_monitor.sv(47) @ 4486: uvm_test_top.tb.wb.masters[0].monitor [wb_master_monitor] transaction collected :
------------------------------------------
Name        Type             Size  Value  
------------------------------------------
tr_collect  wb_transaction   -     @4207  
  op_type   wb_op_type_enum  1     wb_read
  addr      integral         32    'h44   
  din       integral         8     'h0    
  dout      integral         8     'h42   
  valid_sb  integral         1     'h0    
------------------------------------------

UVM_INFO ../wb/sv/../sv/wb_master_monitor.sv(47) @ 4506: uvm_test_top.tb.wb.masters[0].monitor [wb_master_monitor] transaction collected :
------------------------------------------
Name        Type             Size  Value  
------------------------------------------
tr_collect  wb_transaction   -     @4219  
  op_type   wb_op_type_enum  1     wb_read
  addr      integral         32    'h44   
  din       integral         8     'h0    
  dout      integral         8     'h42   
  valid_sb  integral         1     'h0    
------------------------------------------

UVM_INFO ../wb/sv/../sv/wb_master_monitor.sv(47) @ 4526: uvm_test_top.tb.wb.masters[0].monitor [wb_master_monitor] transaction collected :
------------------------------------------
Name        Type             Size  Value  
------------------------------------------
tr_collect  wb_transaction   -     @4231  
  op_type   wb_op_type_enum  1     wb_read
  addr      integral         32    'h44   
  din       integral         8     'h0    
  dout      integral         8     'h42   
  valid_sb  integral         1     'h0    
------------------------------------------

UVM_INFO ../wb/sv/../sv/wb_master_monitor.sv(47) @ 4546: uvm_test_top.tb.wb.masters[0].monitor [wb_master_monitor] transaction collected :
------------------------------------------
Name        Type             Size  Value  
------------------------------------------
tr_collect  wb_transaction   -     @4243  
  op_type   wb_op_type_enum  1     wb_read
  addr      integral         32    'h44   
  din       integral         8     'h0    
  dout      integral         8     'h42   
  valid_sb  integral         1     'h0    
------------------------------------------

UVM_INFO ../wb/sv/../sv/wb_master_monitor.sv(47) @ 4566: uvm_test_top.tb.wb.masters[0].monitor [wb_master_monitor] transaction collected :
------------------------------------------
Name        Type             Size  Value  
------------------------------------------
tr_collect  wb_transaction   -     @4255  
  op_type   wb_op_type_enum  1     wb_read
  addr      integral         32    'h44   
  din       integral         8     'h0    
  dout      integral         8     'h42   
  valid_sb  integral         1     'h0    
------------------------------------------

UVM_INFO ../wb/sv/../sv/wb_master_monitor.sv(47) @ 4586: uvm_test_top.tb.wb.masters[0].monitor [wb_master_monitor] transaction collected :
------------------------------------------
Name        Type             Size  Value  
------------------------------------------
tr_collect  wb_transaction   -     @4267  
  op_type   wb_op_type_enum  1     wb_read
  addr      integral         32    'h44   
  din       integral         8     'h0    
  dout      integral         8     'h42   
  valid_sb  integral         1     'h0    
------------------------------------------

UVM_INFO ../wb/sv/../sv/wb_master_monitor.sv(47) @ 4606: uvm_test_top.tb.wb.masters[0].monitor [wb_master_monitor] transaction collected :
------------------------------------------
Name        Type             Size  Value  
------------------------------------------
tr_collect  wb_transaction   -     @4279  
  op_type   wb_op_type_enum  1     wb_read
  addr      integral         32    'h44   
  din       integral         8     'h0    
  dout      integral         8     'h42   
  valid_sb  integral         1     'h0    
------------------------------------------

UVM_INFO ../wb/sv/../sv/wb_master_monitor.sv(47) @ 4626: uvm_test_top.tb.wb.masters[0].monitor [wb_master_monitor] transaction collected :
------------------------------------------
Name        Type             Size  Value  
------------------------------------------
tr_collect  wb_transaction   -     @4291  
  op_type   wb_op_type_enum  1     wb_read
  addr      integral         32    'h44   
  din       integral         8     'h0    
  dout      integral         8     'h42   
  valid_sb  integral         1     'h0    
------------------------------------------

UVM_INFO ../wb/sv/../sv/wb_master_monitor.sv(47) @ 4646: uvm_test_top.tb.wb.masters[0].monitor [wb_master_monitor] transaction collected :
------------------------------------------
Name        Type             Size  Value  
------------------------------------------
tr_collect  wb_transaction   -     @4303  
  op_type   wb_op_type_enum  1     wb_read
  addr      integral         32    'h44   
  din       integral         8     'h0    
  dout      integral         8     'h42   
  valid_sb  integral         1     'h0    
------------------------------------------

UVM_INFO ../wb/sv/../sv/wb_master_monitor.sv(47) @ 4666: uvm_test_top.tb.wb.masters[0].monitor [wb_master_monitor] transaction collected :
------------------------------------------
Name        Type             Size  Value  
------------------------------------------
tr_collect  wb_transaction   -     @4315  
  op_type   wb_op_type_enum  1     wb_read
  addr      integral         32    'h44   
  din       integral         8     'h0    
  dout      integral         8     'h42   
  valid_sb  integral         1     'h0    
------------------------------------------

UVM_INFO ../wb/sv/../sv/wb_master_monitor.sv(47) @ 4686: uvm_test_top.tb.wb.masters[0].monitor [wb_master_monitor] transaction collected :
------------------------------------------
Name        Type             Size  Value  
------------------------------------------
tr_collect  wb_transaction   -     @4327  
  op_type   wb_op_type_enum  1     wb_read
  addr      integral         32    'h44   
  din       integral         8     'h0    
  dout      integral         8     'h42   
  valid_sb  integral         1     'h0    
------------------------------------------

UVM_INFO ../wb/sv/../sv/wb_master_monitor.sv(47) @ 4706: uvm_test_top.tb.wb.masters[0].monitor [wb_master_monitor] transaction collected :
------------------------------------------
Name        Type             Size  Value  
------------------------------------------
tr_collect  wb_transaction   -     @4339  
  op_type   wb_op_type_enum  1     wb_read
  addr      integral         32    'h44   
  din       integral         8     'h0    
  dout      integral         8     'h42   
  valid_sb  integral         1     'h0    
------------------------------------------

UVM_INFO ../wb/sv/../sv/wb_master_monitor.sv(47) @ 4726: uvm_test_top.tb.wb.masters[0].monitor [wb_master_monitor] transaction collected :
------------------------------------------
Name        Type             Size  Value  
------------------------------------------
tr_collect  wb_transaction   -     @4351  
  op_type   wb_op_type_enum  1     wb_read
  addr      integral         32    'h44   
  din       integral         8     'h0    
  dout      integral         8     'h42   
  valid_sb  integral         1     'h0    
------------------------------------------

UVM_INFO ../wb/sv/../sv/wb_master_monitor.sv(47) @ 4746: uvm_test_top.tb.wb.masters[0].monitor [wb_master_monitor] transaction collected :
------------------------------------------
Name        Type             Size  Value  
------------------------------------------
tr_collect  wb_transaction   -     @4363  
  op_type   wb_op_type_enum  1     wb_read
  addr      integral         32    'h44   
  din       integral         8     'h0    
  dout      integral         8     'h42   
  valid_sb  integral         1     'h0    
------------------------------------------

UVM_INFO ../wb/sv/../sv/wb_master_monitor.sv(47) @ 4766: uvm_test_top.tb.wb.masters[0].monitor [wb_master_monitor] transaction collected :
------------------------------------------
Name        Type             Size  Value  
------------------------------------------
tr_collect  wb_transaction   -     @4375  
  op_type   wb_op_type_enum  1     wb_read
  addr      integral         32    'h44   
  din       integral         8     'h0    
  dout      integral         8     'h42   
  valid_sb  integral         1     'h0    
------------------------------------------

UVM_INFO ../wb/sv/../sv/wb_master_monitor.sv(47) @ 4786: uvm_test_top.tb.wb.masters[0].monitor [wb_master_monitor] transaction collected :
------------------------------------------
Name        Type             Size  Value  
------------------------------------------
tr_collect  wb_transaction   -     @4387  
  op_type   wb_op_type_enum  1     wb_read
  addr      integral         32    'h44   
  din       integral         8     'h0    
  dout      integral         8     'h42   
  valid_sb  integral         1     'h0    
------------------------------------------

UVM_INFO ../wb/sv/../sv/wb_master_monitor.sv(47) @ 4806: uvm_test_top.tb.wb.masters[0].monitor [wb_master_monitor] transaction collected :
------------------------------------------
Name        Type             Size  Value  
------------------------------------------
tr_collect  wb_transaction   -     @4399  
  op_type   wb_op_type_enum  1     wb_read
  addr      integral         32    'h44   
  din       integral         8     'h0    
  dout      integral         8     'h42   
  valid_sb  integral         1     'h0    
------------------------------------------

UVM_INFO ../wb/sv/../sv/wb_master_monitor.sv(47) @ 4826: uvm_test_top.tb.wb.masters[0].monitor [wb_master_monitor] transaction collected :
------------------------------------------
Name        Type             Size  Value  
------------------------------------------
tr_collect  wb_transaction   -     @4411  
  op_type   wb_op_type_enum  1     wb_read
  addr      integral         32    'h44   
  din       integral         8     'h0    
  dout      integral         8     'h42   
  valid_sb  integral         1     'h0    
------------------------------------------

UVM_INFO ../wb/sv/../sv/wb_master_monitor.sv(47) @ 4846: uvm_test_top.tb.wb.masters[0].monitor [wb_master_monitor] transaction collected :
------------------------------------------
Name        Type             Size  Value  
------------------------------------------
tr_collect  wb_transaction   -     @4423  
  op_type   wb_op_type_enum  1     wb_read
  addr      integral         32    'h44   
  din       integral         8     'h0    
  dout      integral         8     'h42   
  valid_sb  integral         1     'h0    
------------------------------------------

UVM_INFO ../wb/sv/../sv/wb_master_monitor.sv(47) @ 4866: uvm_test_top.tb.wb.masters[0].monitor [wb_master_monitor] transaction collected :
------------------------------------------
Name        Type             Size  Value  
------------------------------------------
tr_collect  wb_transaction   -     @4435  
  op_type   wb_op_type_enum  1     wb_read
  addr      integral         32    'h44   
  din       integral         8     'h0    
  dout      integral         8     'h42   
  valid_sb  integral         1     'h0    
------------------------------------------

UVM_INFO ../wb/sv/../sv/wb_master_monitor.sv(47) @ 4886: uvm_test_top.tb.wb.masters[0].monitor [wb_master_monitor] transaction collected :
------------------------------------------
Name        Type             Size  Value  
------------------------------------------
tr_collect  wb_transaction   -     @4447  
  op_type   wb_op_type_enum  1     wb_read
  addr      integral         32    'h44   
  din       integral         8     'h0    
  dout      integral         8     'h42   
  valid_sb  integral         1     'h0    
------------------------------------------

UVM_INFO ../wb/sv/../sv/wb_master_monitor.sv(47) @ 4906: uvm_test_top.tb.wb.masters[0].monitor [wb_master_monitor] transaction collected :
------------------------------------------
Name        Type             Size  Value  
------------------------------------------
tr_collect  wb_transaction   -     @4459  
  op_type   wb_op_type_enum  1     wb_read
  addr      integral         32    'h44   
  din       integral         8     'h0    
  dout      integral         8     'h42   
  valid_sb  integral         1     'h0    
------------------------------------------

UVM_INFO ../wb/sv/../sv/wb_master_monitor.sv(47) @ 4926: uvm_test_top.tb.wb.masters[0].monitor [wb_master_monitor] transaction collected :
------------------------------------------
Name        Type             Size  Value  
------------------------------------------
tr_collect  wb_transaction   -     @4471  
  op_type   wb_op_type_enum  1     wb_read
  addr      integral         32    'h44   
  din       integral         8     'h0    
  dout      integral         8     'h42   
  valid_sb  integral         1     'h0    
------------------------------------------

UVM_INFO ../wb/sv/../sv/wb_master_monitor.sv(47) @ 4946: uvm_test_top.tb.wb.masters[0].monitor [wb_master_monitor] transaction collected :
------------------------------------------
Name        Type             Size  Value  
------------------------------------------
tr_collect  wb_transaction   -     @4483  
  op_type   wb_op_type_enum  1     wb_read
  addr      integral         32    'h44   
  din       integral         8     'h0    
  dout      integral         8     'h42   
  valid_sb  integral         1     'h0    
------------------------------------------

UVM_INFO ../wb/sv/../sv/wb_master_monitor.sv(47) @ 4966: uvm_test_top.tb.wb.masters[0].monitor [wb_master_monitor] transaction collected :
------------------------------------------
Name        Type             Size  Value  
------------------------------------------
tr_collect  wb_transaction   -     @4495  
  op_type   wb_op_type_enum  1     wb_read
  addr      integral         32    'h44   
  din       integral         8     'h0    
  dout      integral         8     'h42   
  valid_sb  integral         1     'h0    
------------------------------------------

UVM_INFO ../wb/sv/../sv/wb_master_monitor.sv(47) @ 4986: uvm_test_top.tb.wb.masters[0].monitor [wb_master_monitor] transaction collected :
------------------------------------------
Name        Type             Size  Value  
------------------------------------------
tr_collect  wb_transaction   -     @4507  
  op_type   wb_op_type_enum  1     wb_read
  addr      integral         32    'h44   
  din       integral         8     'h0    
  dout      integral         8     'h42   
  valid_sb  integral         1     'h0    
------------------------------------------

UVM_INFO ../wb/sv/../sv/wb_master_monitor.sv(47) @ 5006: uvm_test_top.tb.wb.masters[0].monitor [wb_master_monitor] transaction collected :
------------------------------------------
Name        Type             Size  Value  
------------------------------------------
tr_collect  wb_transaction   -     @4519  
  op_type   wb_op_type_enum  1     wb_read
  addr      integral         32    'h44   
  din       integral         8     'h0    
  dout      integral         8     'h42   
  valid_sb  integral         1     'h0    
------------------------------------------

UVM_INFO ../wb/sv/../sv/wb_master_monitor.sv(47) @ 5026: uvm_test_top.tb.wb.masters[0].monitor [wb_master_monitor] transaction collected :
------------------------------------------
Name        Type             Size  Value  
------------------------------------------
tr_collect  wb_transaction   -     @4531  
  op_type   wb_op_type_enum  1     wb_read
  addr      integral         32    'h44   
  din       integral         8     'h0    
  dout      integral         8     'h42   
  valid_sb  integral         1     'h0    
------------------------------------------

UVM_INFO ../wb/sv/../sv/wb_master_monitor.sv(47) @ 5046: uvm_test_top.tb.wb.masters[0].monitor [wb_master_monitor] transaction collected :
------------------------------------------
Name        Type             Size  Value  
------------------------------------------
tr_collect  wb_transaction   -     @4543  
  op_type   wb_op_type_enum  1     wb_read
  addr      integral         32    'h44   
  din       integral         8     'h0    
  dout      integral         8     'h42   
  valid_sb  integral         1     'h0    
------------------------------------------

UVM_INFO ../wb/sv/../sv/wb_master_monitor.sv(47) @ 5066: uvm_test_top.tb.wb.masters[0].monitor [wb_master_monitor] transaction collected :
------------------------------------------
Name        Type             Size  Value  
------------------------------------------
tr_collect  wb_transaction   -     @4555  
  op_type   wb_op_type_enum  1     wb_read
  addr      integral         32    'h44   
  din       integral         8     'h0    
  dout      integral         8     'h42   
  valid_sb  integral         1     'h0    
------------------------------------------

UVM_INFO ../wb/sv/../sv/wb_master_monitor.sv(47) @ 5086: uvm_test_top.tb.wb.masters[0].monitor [wb_master_monitor] transaction collected :
------------------------------------------
Name        Type             Size  Value  
------------------------------------------
tr_collect  wb_transaction   -     @4567  
  op_type   wb_op_type_enum  1     wb_read
  addr      integral         32    'h44   
  din       integral         8     'h0    
  dout      integral         8     'h42   
  valid_sb  integral         1     'h0    
------------------------------------------

UVM_INFO ../wb/sv/../sv/wb_master_monitor.sv(47) @ 5106: uvm_test_top.tb.wb.masters[0].monitor [wb_master_monitor] transaction collected :
------------------------------------------
Name        Type             Size  Value  
------------------------------------------
tr_collect  wb_transaction   -     @4579  
  op_type   wb_op_type_enum  1     wb_read
  addr      integral         32    'h44   
  din       integral         8     'h0    
  dout      integral         8     'h42   
  valid_sb  integral         1     'h0    
------------------------------------------

UVM_INFO ../wb/sv/../sv/wb_master_monitor.sv(47) @ 5126: uvm_test_top.tb.wb.masters[0].monitor [wb_master_monitor] transaction collected :
------------------------------------------
Name        Type             Size  Value  
------------------------------------------
tr_collect  wb_transaction   -     @4591  
  op_type   wb_op_type_enum  1     wb_read
  addr      integral         32    'h44   
  din       integral         8     'h0    
  dout      integral         8     'h42   
  valid_sb  integral         1     'h0    
------------------------------------------

UVM_INFO ../wb/sv/../sv/wb_master_monitor.sv(47) @ 5146: uvm_test_top.tb.wb.masters[0].monitor [wb_master_monitor] transaction collected :
------------------------------------------
Name        Type             Size  Value  
------------------------------------------
tr_collect  wb_transaction   -     @4603  
  op_type   wb_op_type_enum  1     wb_read
  addr      integral         32    'h44   
  din       integral         8     'h0    
  dout      integral         8     'h42   
  valid_sb  integral         1     'h0    
------------------------------------------

UVM_INFO ../wb/sv/../sv/wb_master_monitor.sv(47) @ 5166: uvm_test_top.tb.wb.masters[0].monitor [wb_master_monitor] transaction collected :
------------------------------------------
Name        Type             Size  Value  
------------------------------------------
tr_collect  wb_transaction   -     @4615  
  op_type   wb_op_type_enum  1     wb_read
  addr      integral         32    'h44   
  din       integral         8     'h0    
  dout      integral         8     'h42   
  valid_sb  integral         1     'h0    
------------------------------------------

UVM_INFO ../wb/sv/../sv/wb_master_monitor.sv(47) @ 5186: uvm_test_top.tb.wb.masters[0].monitor [wb_master_monitor] transaction collected :
------------------------------------------
Name        Type             Size  Value  
------------------------------------------
tr_collect  wb_transaction   -     @4627  
  op_type   wb_op_type_enum  1     wb_read
  addr      integral         32    'h44   
  din       integral         8     'h0    
  dout      integral         8     'h42   
  valid_sb  integral         1     'h0    
------------------------------------------

UVM_INFO ../wb/sv/../sv/wb_master_monitor.sv(47) @ 5206: uvm_test_top.tb.wb.masters[0].monitor [wb_master_monitor] transaction collected :
------------------------------------------
Name        Type             Size  Value  
------------------------------------------
tr_collect  wb_transaction   -     @4639  
  op_type   wb_op_type_enum  1     wb_read
  addr      integral         32    'h44   
  din       integral         8     'h0    
  dout      integral         8     'h42   
  valid_sb  integral         1     'h0    
------------------------------------------

UVM_INFO ../wb/sv/../sv/wb_master_monitor.sv(47) @ 5226: uvm_test_top.tb.wb.masters[0].monitor [wb_master_monitor] transaction collected :
------------------------------------------
Name        Type             Size  Value  
------------------------------------------
tr_collect  wb_transaction   -     @4651  
  op_type   wb_op_type_enum  1     wb_read
  addr      integral         32    'h44   
  din       integral         8     'h0    
  dout      integral         8     'h42   
  valid_sb  integral         1     'h0    
------------------------------------------

UVM_INFO ../wb/sv/../sv/wb_master_monitor.sv(47) @ 5246: uvm_test_top.tb.wb.masters[0].monitor [wb_master_monitor] transaction collected :
------------------------------------------
Name        Type             Size  Value  
------------------------------------------
tr_collect  wb_transaction   -     @4663  
  op_type   wb_op_type_enum  1     wb_read
  addr      integral         32    'h44   
  din       integral         8     'h0    
  dout      integral         8     'h42   
  valid_sb  integral         1     'h0    
------------------------------------------

UVM_INFO ../wb/sv/../sv/wb_master_monitor.sv(47) @ 5266: uvm_test_top.tb.wb.masters[0].monitor [wb_master_monitor] transaction collected :
------------------------------------------
Name        Type             Size  Value  
------------------------------------------
tr_collect  wb_transaction   -     @4675  
  op_type   wb_op_type_enum  1     wb_read
  addr      integral         32    'h44   
  din       integral         8     'h0    
  dout      integral         8     'h42   
  valid_sb  integral         1     'h0    
------------------------------------------

UVM_INFO ../wb/sv/../sv/wb_master_monitor.sv(47) @ 5286: uvm_test_top.tb.wb.masters[0].monitor [wb_master_monitor] transaction collected :
------------------------------------------
Name        Type             Size  Value  
------------------------------------------
tr_collect  wb_transaction   -     @4687  
  op_type   wb_op_type_enum  1     wb_read
  addr      integral         32    'h44   
  din       integral         8     'h0    
  dout      integral         8     'h42   
  valid_sb  integral         1     'h0    
------------------------------------------

UVM_INFO ../wb/sv/../sv/wb_master_monitor.sv(47) @ 5306: uvm_test_top.tb.wb.masters[0].monitor [wb_master_monitor] transaction collected :
------------------------------------------
Name        Type             Size  Value  
------------------------------------------
tr_collect  wb_transaction   -     @4699  
  op_type   wb_op_type_enum  1     wb_read
  addr      integral         32    'h44   
  din       integral         8     'h0    
  dout      integral         8     'h42   
  valid_sb  integral         1     'h0    
------------------------------------------

UVM_INFO ../wb/sv/../sv/wb_master_monitor.sv(47) @ 5326: uvm_test_top.tb.wb.masters[0].monitor [wb_master_monitor] transaction collected :
------------------------------------------
Name        Type             Size  Value  
------------------------------------------
tr_collect  wb_transaction   -     @4711  
  op_type   wb_op_type_enum  1     wb_read
  addr      integral         32    'h44   
  din       integral         8     'h0    
  dout      integral         8     'h42   
  valid_sb  integral         1     'h0    
------------------------------------------

UVM_INFO ../wb/sv/../sv/wb_master_monitor.sv(47) @ 5346: uvm_test_top.tb.wb.masters[0].monitor [wb_master_monitor] transaction collected :
------------------------------------------
Name        Type             Size  Value  
------------------------------------------
tr_collect  wb_transaction   -     @4723  
  op_type   wb_op_type_enum  1     wb_read
  addr      integral         32    'h44   
  din       integral         8     'h0    
  dout      integral         8     'h42   
  valid_sb  integral         1     'h0    
------------------------------------------

UVM_INFO ../wb/sv/../sv/wb_master_monitor.sv(47) @ 5366: uvm_test_top.tb.wb.masters[0].monitor [wb_master_monitor] transaction collected :
------------------------------------------
Name        Type             Size  Value  
------------------------------------------
tr_collect  wb_transaction   -     @4735  
  op_type   wb_op_type_enum  1     wb_read
  addr      integral         32    'h44   
  din       integral         8     'h0    
  dout      integral         8     'h42   
  valid_sb  integral         1     'h0    
------------------------------------------

UVM_INFO ../wb/sv/../sv/wb_master_monitor.sv(47) @ 5386: uvm_test_top.tb.wb.masters[0].monitor [wb_master_monitor] transaction collected :
------------------------------------------
Name        Type             Size  Value  
------------------------------------------
tr_collect  wb_transaction   -     @4747  
  op_type   wb_op_type_enum  1     wb_read
  addr      integral         32    'h44   
  din       integral         8     'h0    
  dout      integral         8     'h42   
  valid_sb  integral         1     'h0    
------------------------------------------

UVM_INFO ../wb/sv/../sv/wb_master_monitor.sv(47) @ 5406: uvm_test_top.tb.wb.masters[0].monitor [wb_master_monitor] transaction collected :
------------------------------------------
Name        Type             Size  Value  
------------------------------------------
tr_collect  wb_transaction   -     @4759  
  op_type   wb_op_type_enum  1     wb_read
  addr      integral         32    'h44   
  din       integral         8     'h0    
  dout      integral         8     'h42   
  valid_sb  integral         1     'h0    
------------------------------------------

UVM_INFO ../wb/sv/../sv/wb_master_monitor.sv(47) @ 5426: uvm_test_top.tb.wb.masters[0].monitor [wb_master_monitor] transaction collected :
------------------------------------------
Name        Type             Size  Value  
------------------------------------------
tr_collect  wb_transaction   -     @4771  
  op_type   wb_op_type_enum  1     wb_read
  addr      integral         32    'h44   
  din       integral         8     'h0    
  dout      integral         8     'h42   
  valid_sb  integral         1     'h0    
------------------------------------------

UVM_INFO ../wb/sv/../sv/wb_master_monitor.sv(47) @ 5446: uvm_test_top.tb.wb.masters[0].monitor [wb_master_monitor] transaction collected :
------------------------------------------
Name        Type             Size  Value  
------------------------------------------
tr_collect  wb_transaction   -     @4783  
  op_type   wb_op_type_enum  1     wb_read
  addr      integral         32    'h44   
  din       integral         8     'h0    
  dout      integral         8     'h42   
  valid_sb  integral         1     'h0    
------------------------------------------

UVM_INFO ../wb/sv/../sv/wb_master_monitor.sv(47) @ 5466: uvm_test_top.tb.wb.masters[0].monitor [wb_master_monitor] transaction collected :
------------------------------------------
Name        Type             Size  Value  
------------------------------------------
tr_collect  wb_transaction   -     @4795  
  op_type   wb_op_type_enum  1     wb_read
  addr      integral         32    'h44   
  din       integral         8     'h0    
  dout      integral         8     'h42   
  valid_sb  integral         1     'h0    
------------------------------------------

UVM_INFO ../wb/sv/../sv/wb_master_monitor.sv(47) @ 5486: uvm_test_top.tb.wb.masters[0].monitor [wb_master_monitor] transaction collected :
------------------------------------------
Name        Type             Size  Value  
------------------------------------------
tr_collect  wb_transaction   -     @4807  
  op_type   wb_op_type_enum  1     wb_read
  addr      integral         32    'h44   
  din       integral         8     'h0    
  dout      integral         8     'h42   
  valid_sb  integral         1     'h0    
------------------------------------------

UVM_INFO ../wb/sv/../sv/wb_master_monitor.sv(47) @ 5506: uvm_test_top.tb.wb.masters[0].monitor [wb_master_monitor] transaction collected :
------------------------------------------
Name        Type             Size  Value  
------------------------------------------
tr_collect  wb_transaction   -     @4819  
  op_type   wb_op_type_enum  1     wb_read
  addr      integral         32    'h44   
  din       integral         8     'h0    
  dout      integral         8     'h42   
  valid_sb  integral         1     'h0    
------------------------------------------

UVM_INFO ../wb/sv/../sv/wb_master_monitor.sv(47) @ 5526: uvm_test_top.tb.wb.masters[0].monitor [wb_master_monitor] transaction collected :
------------------------------------------
Name        Type             Size  Value  
------------------------------------------
tr_collect  wb_transaction   -     @4831  
  op_type   wb_op_type_enum  1     wb_read
  addr      integral         32    'h44   
  din       integral         8     'h0    
  dout      integral         8     'h42   
  valid_sb  integral         1     'h0    
------------------------------------------

UVM_INFO ../wb/sv/../sv/wb_master_monitor.sv(47) @ 5546: uvm_test_top.tb.wb.masters[0].monitor [wb_master_monitor] transaction collected :
------------------------------------------
Name        Type             Size  Value  
------------------------------------------
tr_collect  wb_transaction   -     @4843  
  op_type   wb_op_type_enum  1     wb_read
  addr      integral         32    'h44   
  din       integral         8     'h0    
  dout      integral         8     'h42   
  valid_sb  integral         1     'h0    
------------------------------------------

UVM_INFO ../wb/sv/../sv/wb_master_monitor.sv(47) @ 5566: uvm_test_top.tb.wb.masters[0].monitor [wb_master_monitor] transaction collected :
------------------------------------------
Name        Type             Size  Value  
------------------------------------------
tr_collect  wb_transaction   -     @4855  
  op_type   wb_op_type_enum  1     wb_read
  addr      integral         32    'h44   
  din       integral         8     'h0    
  dout      integral         8     'h42   
  valid_sb  integral         1     'h0    
------------------------------------------

UVM_INFO ../wb/sv/../sv/wb_master_monitor.sv(47) @ 5586: uvm_test_top.tb.wb.masters[0].monitor [wb_master_monitor] transaction collected :
------------------------------------------
Name        Type             Size  Value  
------------------------------------------
tr_collect  wb_transaction   -     @4867  
  op_type   wb_op_type_enum  1     wb_read
  addr      integral         32    'h44   
  din       integral         8     'h0    
  dout      integral         8     'h42   
  valid_sb  integral         1     'h0    
------------------------------------------

UVM_INFO ../wb/sv/../sv/wb_master_monitor.sv(47) @ 5606: uvm_test_top.tb.wb.masters[0].monitor [wb_master_monitor] transaction collected :
------------------------------------------
Name        Type             Size  Value  
------------------------------------------
tr_collect  wb_transaction   -     @4879  
  op_type   wb_op_type_enum  1     wb_read
  addr      integral         32    'h44   
  din       integral         8     'h0    
  dout      integral         8     'h42   
  valid_sb  integral         1     'h0    
------------------------------------------

UVM_INFO ../wb/sv/../sv/wb_master_monitor.sv(47) @ 5626: uvm_test_top.tb.wb.masters[0].monitor [wb_master_monitor] transaction collected :
------------------------------------------
Name        Type             Size  Value  
------------------------------------------
tr_collect  wb_transaction   -     @4891  
  op_type   wb_op_type_enum  1     wb_read
  addr      integral         32    'h44   
  din       integral         8     'h0    
  dout      integral         8     'h42   
  valid_sb  integral         1     'h0    
------------------------------------------

UVM_INFO ../wb/sv/../sv/wb_master_monitor.sv(47) @ 5646: uvm_test_top.tb.wb.masters[0].monitor [wb_master_monitor] transaction collected :
------------------------------------------
Name        Type             Size  Value  
------------------------------------------
tr_collect  wb_transaction   -     @4903  
  op_type   wb_op_type_enum  1     wb_read
  addr      integral         32    'h44   
  din       integral         8     'h0    
  dout      integral         8     'h42   
  valid_sb  integral         1     'h0    
------------------------------------------

UVM_INFO ../wb/sv/../sv/wb_master_monitor.sv(47) @ 5666: uvm_test_top.tb.wb.masters[0].monitor [wb_master_monitor] transaction collected :
------------------------------------------
Name        Type             Size  Value  
------------------------------------------
tr_collect  wb_transaction   -     @4915  
  op_type   wb_op_type_enum  1     wb_read
  addr      integral         32    'h44   
  din       integral         8     'h0    
  dout      integral         8     'h42   
  valid_sb  integral         1     'h0    
------------------------------------------

UVM_INFO ../wb/sv/../sv/wb_master_monitor.sv(47) @ 5686: uvm_test_top.tb.wb.masters[0].monitor [wb_master_monitor] transaction collected :
------------------------------------------
Name        Type             Size  Value  
------------------------------------------
tr_collect  wb_transaction   -     @4927  
  op_type   wb_op_type_enum  1     wb_read
  addr      integral         32    'h44   
  din       integral         8     'h0    
  dout      integral         8     'h42   
  valid_sb  integral         1     'h0    
------------------------------------------

UVM_INFO ../wb/sv/../sv/wb_master_monitor.sv(47) @ 5706: uvm_test_top.tb.wb.masters[0].monitor [wb_master_monitor] transaction collected :
------------------------------------------
Name        Type             Size  Value  
------------------------------------------
tr_collect  wb_transaction   -     @4939  
  op_type   wb_op_type_enum  1     wb_read
  addr      integral         32    'h44   
  din       integral         8     'h0    
  dout      integral         8     'h42   
  valid_sb  integral         1     'h0    
------------------------------------------

UVM_INFO ../wb/sv/../sv/wb_master_monitor.sv(47) @ 5726: uvm_test_top.tb.wb.masters[0].monitor [wb_master_monitor] transaction collected :
------------------------------------------
Name        Type             Size  Value  
------------------------------------------
tr_collect  wb_transaction   -     @4951  
  op_type   wb_op_type_enum  1     wb_read
  addr      integral         32    'h44   
  din       integral         8     'h0    
  dout      integral         8     'h42   
  valid_sb  integral         1     'h0    
------------------------------------------

UVM_INFO ../wb/sv/../sv/wb_master_monitor.sv(47) @ 5746: uvm_test_top.tb.wb.masters[0].monitor [wb_master_monitor] transaction collected :
------------------------------------------
Name        Type             Size  Value  
------------------------------------------
tr_collect  wb_transaction   -     @4963  
  op_type   wb_op_type_enum  1     wb_read
  addr      integral         32    'h44   
  din       integral         8     'h0    
  dout      integral         8     'h42   
  valid_sb  integral         1     'h0    
------------------------------------------

UVM_INFO ../wb/sv/../sv/wb_master_monitor.sv(47) @ 5766: uvm_test_top.tb.wb.masters[0].monitor [wb_master_monitor] transaction collected :
------------------------------------------
Name        Type             Size  Value  
------------------------------------------
tr_collect  wb_transaction   -     @4975  
  op_type   wb_op_type_enum  1     wb_read
  addr      integral         32    'h44   
  din       integral         8     'h0    
  dout      integral         8     'h42   
  valid_sb  integral         1     'h0    
------------------------------------------

UVM_INFO ../wb/sv/../sv/wb_master_monitor.sv(47) @ 5786: uvm_test_top.tb.wb.masters[0].monitor [wb_master_monitor] transaction collected :
------------------------------------------
Name        Type             Size  Value  
------------------------------------------
tr_collect  wb_transaction   -     @4987  
  op_type   wb_op_type_enum  1     wb_read
  addr      integral         32    'h44   
  din       integral         8     'h0    
  dout      integral         8     'h42   
  valid_sb  integral         1     'h0    
------------------------------------------

UVM_INFO ../wb/sv/../sv/wb_master_monitor.sv(47) @ 5806: uvm_test_top.tb.wb.masters[0].monitor [wb_master_monitor] transaction collected :
------------------------------------------
Name        Type             Size  Value  
------------------------------------------
tr_collect  wb_transaction   -     @4999  
  op_type   wb_op_type_enum  1     wb_read
  addr      integral         32    'h44   
  din       integral         8     'h0    
  dout      integral         8     'h42   
  valid_sb  integral         1     'h0    
------------------------------------------

UVM_INFO ../wb/sv/../sv/wb_master_monitor.sv(47) @ 5826: uvm_test_top.tb.wb.masters[0].monitor [wb_master_monitor] transaction collected :
------------------------------------------
Name        Type             Size  Value  
------------------------------------------
tr_collect  wb_transaction   -     @5011  
  op_type   wb_op_type_enum  1     wb_read
  addr      integral         32    'h44   
  din       integral         8     'h0    
  dout      integral         8     'h42   
  valid_sb  integral         1     'h0    
------------------------------------------

UVM_INFO ../wb/sv/../sv/wb_master_monitor.sv(47) @ 5846: uvm_test_top.tb.wb.masters[0].monitor [wb_master_monitor] transaction collected :
------------------------------------------
Name        Type             Size  Value  
------------------------------------------
tr_collect  wb_transaction   -     @5023  
  op_type   wb_op_type_enum  1     wb_read
  addr      integral         32    'h44   
  din       integral         8     'h0    
  dout      integral         8     'h42   
  valid_sb  integral         1     'h0    
------------------------------------------

UVM_INFO ../wb/sv/../sv/wb_master_monitor.sv(47) @ 5866: uvm_test_top.tb.wb.masters[0].monitor [wb_master_monitor] transaction collected :
------------------------------------------
Name        Type             Size  Value  
------------------------------------------
tr_collect  wb_transaction   -     @5035  
  op_type   wb_op_type_enum  1     wb_read
  addr      integral         32    'h44   
  din       integral         8     'h0    
  dout      integral         8     'h42   
  valid_sb  integral         1     'h0    
------------------------------------------

UVM_INFO ../wb/sv/../sv/wb_master_monitor.sv(47) @ 5886: uvm_test_top.tb.wb.masters[0].monitor [wb_master_monitor] transaction collected :
------------------------------------------
Name        Type             Size  Value  
------------------------------------------
tr_collect  wb_transaction   -     @5047  
  op_type   wb_op_type_enum  1     wb_read
  addr      integral         32    'h44   
  din       integral         8     'h0    
  dout      integral         8     'h42   
  valid_sb  integral         1     'h0    
------------------------------------------

UVM_INFO ../wb/sv/../sv/wb_master_monitor.sv(47) @ 5906: uvm_test_top.tb.wb.masters[0].monitor [wb_master_monitor] transaction collected :
------------------------------------------
Name        Type             Size  Value  
------------------------------------------
tr_collect  wb_transaction   -     @5059  
  op_type   wb_op_type_enum  1     wb_read
  addr      integral         32    'h44   
  din       integral         8     'h0    
  dout      integral         8     'h42   
  valid_sb  integral         1     'h0    
------------------------------------------

UVM_INFO ../wb/sv/../sv/wb_master_monitor.sv(47) @ 5926: uvm_test_top.tb.wb.masters[0].monitor [wb_master_monitor] transaction collected :
------------------------------------------
Name        Type             Size  Value  
------------------------------------------
tr_collect  wb_transaction   -     @5071  
  op_type   wb_op_type_enum  1     wb_read
  addr      integral         32    'h44   
  din       integral         8     'h0    
  dout      integral         8     'h42   
  valid_sb  integral         1     'h0    
------------------------------------------

UVM_INFO ../wb/sv/../sv/wb_master_monitor.sv(47) @ 5946: uvm_test_top.tb.wb.masters[0].monitor [wb_master_monitor] transaction collected :
------------------------------------------
Name        Type             Size  Value  
------------------------------------------
tr_collect  wb_transaction   -     @5083  
  op_type   wb_op_type_enum  1     wb_read
  addr      integral         32    'h44   
  din       integral         8     'h0    
  dout      integral         8     'h42   
  valid_sb  integral         1     'h0    
------------------------------------------

UVM_INFO ../wb/sv/../sv/wb_master_monitor.sv(47) @ 5966: uvm_test_top.tb.wb.masters[0].monitor [wb_master_monitor] transaction collected :
------------------------------------------
Name        Type             Size  Value  
------------------------------------------
tr_collect  wb_transaction   -     @5095  
  op_type   wb_op_type_enum  1     wb_read
  addr      integral         32    'h44   
  din       integral         8     'h0    
  dout      integral         8     'h42   
  valid_sb  integral         1     'h0    
------------------------------------------

UVM_INFO ../wb/sv/../sv/wb_master_monitor.sv(47) @ 5986: uvm_test_top.tb.wb.masters[0].monitor [wb_master_monitor] transaction collected :
------------------------------------------
Name        Type             Size  Value  
------------------------------------------
tr_collect  wb_transaction   -     @5107  
  op_type   wb_op_type_enum  1     wb_read
  addr      integral         32    'h44   
  din       integral         8     'h0    
  dout      integral         8     'h42   
  valid_sb  integral         1     'h0    
------------------------------------------

UVM_INFO ../wb/sv/../sv/wb_master_monitor.sv(47) @ 6006: uvm_test_top.tb.wb.masters[0].monitor [wb_master_monitor] transaction collected :
------------------------------------------
Name        Type             Size  Value  
------------------------------------------
tr_collect  wb_transaction   -     @5119  
  op_type   wb_op_type_enum  1     wb_read
  addr      integral         32    'h44   
  din       integral         8     'h0    
  dout      integral         8     'h42   
  valid_sb  integral         1     'h0    
------------------------------------------

UVM_INFO ../wb/sv/../sv/wb_master_monitor.sv(47) @ 6026: uvm_test_top.tb.wb.masters[0].monitor [wb_master_monitor] transaction collected :
------------------------------------------
Name        Type             Size  Value  
------------------------------------------
tr_collect  wb_transaction   -     @5131  
  op_type   wb_op_type_enum  1     wb_read
  addr      integral         32    'h44   
  din       integral         8     'h0    
  dout      integral         8     'h42   
  valid_sb  integral         1     'h0    
------------------------------------------

UVM_INFO ../wb/sv/../sv/wb_master_monitor.sv(47) @ 6046: uvm_test_top.tb.wb.masters[0].monitor [wb_master_monitor] transaction collected :
------------------------------------------
Name        Type             Size  Value  
------------------------------------------
tr_collect  wb_transaction   -     @5143  
  op_type   wb_op_type_enum  1     wb_read
  addr      integral         32    'h44   
  din       integral         8     'h0    
  dout      integral         8     'h42   
  valid_sb  integral         1     'h0    
------------------------------------------

UVM_INFO ../wb/sv/../sv/wb_master_monitor.sv(47) @ 6066: uvm_test_top.tb.wb.masters[0].monitor [wb_master_monitor] transaction collected :
------------------------------------------
Name        Type             Size  Value  
------------------------------------------
tr_collect  wb_transaction   -     @5155  
  op_type   wb_op_type_enum  1     wb_read
  addr      integral         32    'h44   
  din       integral         8     'h0    
  dout      integral         8     'h42   
  valid_sb  integral         1     'h0    
------------------------------------------

UVM_INFO ../wb/sv/../sv/wb_master_monitor.sv(47) @ 6086: uvm_test_top.tb.wb.masters[0].monitor [wb_master_monitor] transaction collected :
------------------------------------------
Name        Type             Size  Value  
------------------------------------------
tr_collect  wb_transaction   -     @5167  
  op_type   wb_op_type_enum  1     wb_read
  addr      integral         32    'h44   
  din       integral         8     'h0    
  dout      integral         8     'h42   
  valid_sb  integral         1     'h0    
------------------------------------------

UVM_INFO ../wb/sv/../sv/wb_master_monitor.sv(47) @ 6106: uvm_test_top.tb.wb.masters[0].monitor [wb_master_monitor] transaction collected :
------------------------------------------
Name        Type             Size  Value  
------------------------------------------
tr_collect  wb_transaction   -     @5179  
  op_type   wb_op_type_enum  1     wb_read
  addr      integral         32    'h44   
  din       integral         8     'h0    
  dout      integral         8     'h42   
  valid_sb  integral         1     'h0    
------------------------------------------

UVM_INFO ../wb/sv/../sv/wb_master_monitor.sv(47) @ 6126: uvm_test_top.tb.wb.masters[0].monitor [wb_master_monitor] transaction collected :
------------------------------------------
Name        Type             Size  Value  
------------------------------------------
tr_collect  wb_transaction   -     @5191  
  op_type   wb_op_type_enum  1     wb_read
  addr      integral         32    'h44   
  din       integral         8     'h0    
  dout      integral         8     'h42   
  valid_sb  integral         1     'h0    
------------------------------------------

UVM_INFO ../wb/sv/../sv/wb_master_monitor.sv(47) @ 6146: uvm_test_top.tb.wb.masters[0].monitor [wb_master_monitor] transaction collected :
------------------------------------------
Name        Type             Size  Value  
------------------------------------------
tr_collect  wb_transaction   -     @5203  
  op_type   wb_op_type_enum  1     wb_read
  addr      integral         32    'h44   
  din       integral         8     'h0    
  dout      integral         8     'h42   
  valid_sb  integral         1     'h0    
------------------------------------------

UVM_INFO ../wb/sv/../sv/wb_master_monitor.sv(47) @ 6166: uvm_test_top.tb.wb.masters[0].monitor [wb_master_monitor] transaction collected :
------------------------------------------
Name        Type             Size  Value  
------------------------------------------
tr_collect  wb_transaction   -     @5215  
  op_type   wb_op_type_enum  1     wb_read
  addr      integral         32    'h44   
  din       integral         8     'h0    
  dout      integral         8     'h42   
  valid_sb  integral         1     'h0    
------------------------------------------

UVM_INFO ../wb/sv/../sv/wb_master_monitor.sv(47) @ 6186: uvm_test_top.tb.wb.masters[0].monitor [wb_master_monitor] transaction collected :
------------------------------------------
Name        Type             Size  Value  
------------------------------------------
tr_collect  wb_transaction   -     @5227  
  op_type   wb_op_type_enum  1     wb_read
  addr      integral         32    'h44   
  din       integral         8     'h0    
  dout      integral         8     'h42   
  valid_sb  integral         1     'h0    
------------------------------------------

UVM_INFO ../wb/sv/../sv/wb_master_monitor.sv(47) @ 6206: uvm_test_top.tb.wb.masters[0].monitor [wb_master_monitor] transaction collected :
------------------------------------------
Name        Type             Size  Value  
------------------------------------------
tr_collect  wb_transaction   -     @5239  
  op_type   wb_op_type_enum  1     wb_read
  addr      integral         32    'h44   
  din       integral         8     'h0    
  dout      integral         8     'h42   
  valid_sb  integral         1     'h0    
------------------------------------------

UVM_INFO ../wb/sv/../sv/wb_master_monitor.sv(47) @ 6226: uvm_test_top.tb.wb.masters[0].monitor [wb_master_monitor] transaction collected :
------------------------------------------
Name        Type             Size  Value  
------------------------------------------
tr_collect  wb_transaction   -     @5251  
  op_type   wb_op_type_enum  1     wb_read
  addr      integral         32    'h44   
  din       integral         8     'h0    
  dout      integral         8     'h42   
  valid_sb  integral         1     'h0    
------------------------------------------

UVM_INFO ../wb/sv/../sv/wb_master_monitor.sv(47) @ 6246: uvm_test_top.tb.wb.masters[0].monitor [wb_master_monitor] transaction collected :
------------------------------------------
Name        Type             Size  Value  
------------------------------------------
tr_collect  wb_transaction   -     @5263  
  op_type   wb_op_type_enum  1     wb_read
  addr      integral         32    'h44   
  din       integral         8     'h0    
  dout      integral         8     'h42   
  valid_sb  integral         1     'h0    
------------------------------------------

UVM_INFO ../wb/sv/../sv/wb_master_monitor.sv(47) @ 6266: uvm_test_top.tb.wb.masters[0].monitor [wb_master_monitor] transaction collected :
------------------------------------------
Name        Type             Size  Value  
------------------------------------------
tr_collect  wb_transaction   -     @5275  
  op_type   wb_op_type_enum  1     wb_read
  addr      integral         32    'h44   
  din       integral         8     'h0    
  dout      integral         8     'h42   
  valid_sb  integral         1     'h0    
------------------------------------------

UVM_INFO ../wb/sv/../sv/wb_master_monitor.sv(47) @ 6286: uvm_test_top.tb.wb.masters[0].monitor [wb_master_monitor] transaction collected :
------------------------------------------
Name        Type             Size  Value  
------------------------------------------
tr_collect  wb_transaction   -     @5287  
  op_type   wb_op_type_enum  1     wb_read
  addr      integral         32    'h44   
  din       integral         8     'h0    
  dout      integral         8     'h42   
  valid_sb  integral         1     'h0    
------------------------------------------

UVM_INFO ../wb/sv/../sv/wb_master_monitor.sv(47) @ 6306: uvm_test_top.tb.wb.masters[0].monitor [wb_master_monitor] transaction collected :
------------------------------------------
Name        Type             Size  Value  
------------------------------------------
tr_collect  wb_transaction   -     @5299  
  op_type   wb_op_type_enum  1     wb_read
  addr      integral         32    'h44   
  din       integral         8     'h0    
  dout      integral         8     'h42   
  valid_sb  integral         1     'h0    
------------------------------------------

UVM_INFO ../wb/sv/../sv/wb_master_monitor.sv(47) @ 6326: uvm_test_top.tb.wb.masters[0].monitor [wb_master_monitor] transaction collected :
------------------------------------------
Name        Type             Size  Value  
------------------------------------------
tr_collect  wb_transaction   -     @5311  
  op_type   wb_op_type_enum  1     wb_read
  addr      integral         32    'h44   
  din       integral         8     'h0    
  dout      integral         8     'h42   
  valid_sb  integral         1     'h0    
------------------------------------------

UVM_INFO ../wb/sv/../sv/wb_master_monitor.sv(47) @ 6346: uvm_test_top.tb.wb.masters[0].monitor [wb_master_monitor] transaction collected :
------------------------------------------
Name        Type             Size  Value  
------------------------------------------
tr_collect  wb_transaction   -     @5323  
  op_type   wb_op_type_enum  1     wb_read
  addr      integral         32    'h44   
  din       integral         8     'h0    
  dout      integral         8     'h42   
  valid_sb  integral         1     'h0    
------------------------------------------

UVM_INFO ../wb/sv/../sv/wb_master_monitor.sv(47) @ 6366: uvm_test_top.tb.wb.masters[0].monitor [wb_master_monitor] transaction collected :
------------------------------------------
Name        Type             Size  Value  
------------------------------------------
tr_collect  wb_transaction   -     @5335  
  op_type   wb_op_type_enum  1     wb_read
  addr      integral         32    'h44   
  din       integral         8     'h0    
  dout      integral         8     'h42   
  valid_sb  integral         1     'h0    
------------------------------------------

UVM_INFO ../wb/sv/../sv/wb_master_monitor.sv(47) @ 6386: uvm_test_top.tb.wb.masters[0].monitor [wb_master_monitor] transaction collected :
------------------------------------------
Name        Type             Size  Value  
------------------------------------------
tr_collect  wb_transaction   -     @5347  
  op_type   wb_op_type_enum  1     wb_read
  addr      integral         32    'h44   
  din       integral         8     'h0    
  dout      integral         8     'h42   
  valid_sb  integral         1     'h0    
------------------------------------------

UVM_INFO ../wb/sv/../sv/wb_master_monitor.sv(47) @ 6406: uvm_test_top.tb.wb.masters[0].monitor [wb_master_monitor] transaction collected :
------------------------------------------
Name        Type             Size  Value  
------------------------------------------
tr_collect  wb_transaction   -     @5359  
  op_type   wb_op_type_enum  1     wb_read
  addr      integral         32    'h44   
  din       integral         8     'h0    
  dout      integral         8     'h42   
  valid_sb  integral         1     'h0    
------------------------------------------

UVM_INFO ../wb/sv/../sv/wb_master_monitor.sv(47) @ 6426: uvm_test_top.tb.wb.masters[0].monitor [wb_master_monitor] transaction collected :
------------------------------------------
Name        Type             Size  Value  
------------------------------------------
tr_collect  wb_transaction   -     @5371  
  op_type   wb_op_type_enum  1     wb_read
  addr      integral         32    'h44   
  din       integral         8     'h0    
  dout      integral         8     'h42   
  valid_sb  integral         1     'h0    
------------------------------------------

UVM_INFO ../wb/sv/../sv/wb_master_monitor.sv(47) @ 6446: uvm_test_top.tb.wb.masters[0].monitor [wb_master_monitor] transaction collected :
------------------------------------------
Name        Type             Size  Value  
------------------------------------------
tr_collect  wb_transaction   -     @5383  
  op_type   wb_op_type_enum  1     wb_read
  addr      integral         32    'h44   
  din       integral         8     'h0    
  dout      integral         8     'h42   
  valid_sb  integral         1     'h0    
------------------------------------------

UVM_INFO ../wb/sv/../sv/wb_master_monitor.sv(47) @ 6466: uvm_test_top.tb.wb.masters[0].monitor [wb_master_monitor] transaction collected :
------------------------------------------
Name        Type             Size  Value  
------------------------------------------
tr_collect  wb_transaction   -     @5395  
  op_type   wb_op_type_enum  1     wb_read
  addr      integral         32    'h44   
  din       integral         8     'h0    
  dout      integral         8     'h42   
  valid_sb  integral         1     'h0    
------------------------------------------

UVM_INFO ../wb/sv/../sv/wb_master_monitor.sv(47) @ 6486: uvm_test_top.tb.wb.masters[0].monitor [wb_master_monitor] transaction collected :
------------------------------------------
Name        Type             Size  Value  
------------------------------------------
tr_collect  wb_transaction   -     @5407  
  op_type   wb_op_type_enum  1     wb_read
  addr      integral         32    'h44   
  din       integral         8     'h0    
  dout      integral         8     'h42   
  valid_sb  integral         1     'h0    
------------------------------------------

UVM_INFO ../wb/sv/../sv/wb_master_monitor.sv(47) @ 6506: uvm_test_top.tb.wb.masters[0].monitor [wb_master_monitor] transaction collected :
------------------------------------------
Name        Type             Size  Value  
------------------------------------------
tr_collect  wb_transaction   -     @5419  
  op_type   wb_op_type_enum  1     wb_read
  addr      integral         32    'h44   
  din       integral         8     'h0    
  dout      integral         8     'h42   
  valid_sb  integral         1     'h0    
------------------------------------------

UVM_INFO ../wb/sv/../sv/wb_master_monitor.sv(47) @ 6526: uvm_test_top.tb.wb.masters[0].monitor [wb_master_monitor] transaction collected :
------------------------------------------
Name        Type             Size  Value  
------------------------------------------
tr_collect  wb_transaction   -     @5431  
  op_type   wb_op_type_enum  1     wb_read
  addr      integral         32    'h44   
  din       integral         8     'h0    
  dout      integral         8     'h42   
  valid_sb  integral         1     'h0    
------------------------------------------

UVM_INFO ../wb/sv/../sv/wb_master_monitor.sv(47) @ 6546: uvm_test_top.tb.wb.masters[0].monitor [wb_master_monitor] transaction collected :
------------------------------------------
Name        Type             Size  Value  
------------------------------------------
tr_collect  wb_transaction   -     @5443  
  op_type   wb_op_type_enum  1     wb_read
  addr      integral         32    'h44   
  din       integral         8     'h0    
  dout      integral         8     'h42   
  valid_sb  integral         1     'h0    
------------------------------------------

UVM_INFO ../wb/sv/../sv/wb_master_monitor.sv(47) @ 6566: uvm_test_top.tb.wb.masters[0].monitor [wb_master_monitor] transaction collected :
------------------------------------------
Name        Type             Size  Value  
------------------------------------------
tr_collect  wb_transaction   -     @5455  
  op_type   wb_op_type_enum  1     wb_read
  addr      integral         32    'h44   
  din       integral         8     'h0    
  dout      integral         8     'h42   
  valid_sb  integral         1     'h0    
------------------------------------------

UVM_INFO ../wb/sv/../sv/wb_master_monitor.sv(47) @ 6586: uvm_test_top.tb.wb.masters[0].monitor [wb_master_monitor] transaction collected :
------------------------------------------
Name        Type             Size  Value  
------------------------------------------
tr_collect  wb_transaction   -     @5467  
  op_type   wb_op_type_enum  1     wb_read
  addr      integral         32    'h44   
  din       integral         8     'h0    
  dout      integral         8     'h42   
  valid_sb  integral         1     'h0    
------------------------------------------

UVM_INFO ../wb/sv/../sv/wb_master_monitor.sv(47) @ 6606: uvm_test_top.tb.wb.masters[0].monitor [wb_master_monitor] transaction collected :
------------------------------------------
Name        Type             Size  Value  
------------------------------------------
tr_collect  wb_transaction   -     @5479  
  op_type   wb_op_type_enum  1     wb_read
  addr      integral         32    'h44   
  din       integral         8     'h0    
  dout      integral         8     'h42   
  valid_sb  integral         1     'h0    
------------------------------------------

UVM_INFO ../wb/sv/../sv/wb_master_monitor.sv(47) @ 6626: uvm_test_top.tb.wb.masters[0].monitor [wb_master_monitor] transaction collected :
------------------------------------------
Name        Type             Size  Value  
------------------------------------------
tr_collect  wb_transaction   -     @5491  
  op_type   wb_op_type_enum  1     wb_read
  addr      integral         32    'h44   
  din       integral         8     'h0    
  dout      integral         8     'h42   
  valid_sb  integral         1     'h0    
------------------------------------------

UVM_INFO ../wb/sv/../sv/wb_master_monitor.sv(47) @ 6646: uvm_test_top.tb.wb.masters[0].monitor [wb_master_monitor] transaction collected :
------------------------------------------
Name        Type             Size  Value  
------------------------------------------
tr_collect  wb_transaction   -     @5503  
  op_type   wb_op_type_enum  1     wb_read
  addr      integral         32    'h44   
  din       integral         8     'h0    
  dout      integral         8     'h42   
  valid_sb  integral         1     'h0    
------------------------------------------

UVM_INFO ../wb/sv/../sv/wb_master_monitor.sv(47) @ 6666: uvm_test_top.tb.wb.masters[0].monitor [wb_master_monitor] transaction collected :
------------------------------------------
Name        Type             Size  Value  
------------------------------------------
tr_collect  wb_transaction   -     @5515  
  op_type   wb_op_type_enum  1     wb_read
  addr      integral         32    'h44   
  din       integral         8     'h0    
  dout      integral         8     'h42   
  valid_sb  integral         1     'h0    
------------------------------------------

UVM_INFO ../wb/sv/../sv/wb_master_monitor.sv(47) @ 6686: uvm_test_top.tb.wb.masters[0].monitor [wb_master_monitor] transaction collected :
------------------------------------------
Name        Type             Size  Value  
------------------------------------------
tr_collect  wb_transaction   -     @5527  
  op_type   wb_op_type_enum  1     wb_read
  addr      integral         32    'h44   
  din       integral         8     'h0    
  dout      integral         8     'h42   
  valid_sb  integral         1     'h0    
------------------------------------------

UVM_INFO ../wb/sv/../sv/wb_master_monitor.sv(47) @ 6706: uvm_test_top.tb.wb.masters[0].monitor [wb_master_monitor] transaction collected :
------------------------------------------
Name        Type             Size  Value  
------------------------------------------
tr_collect  wb_transaction   -     @5539  
  op_type   wb_op_type_enum  1     wb_read
  addr      integral         32    'h44   
  din       integral         8     'h0    
  dout      integral         8     'h42   
  valid_sb  integral         1     'h0    
------------------------------------------

UVM_INFO ../wb/sv/../sv/wb_master_monitor.sv(47) @ 6726: uvm_test_top.tb.wb.masters[0].monitor [wb_master_monitor] transaction collected :
------------------------------------------
Name        Type             Size  Value  
------------------------------------------
tr_collect  wb_transaction   -     @5551  
  op_type   wb_op_type_enum  1     wb_read
  addr      integral         32    'h44   
  din       integral         8     'h0    
  dout      integral         8     'h42   
  valid_sb  integral         1     'h0    
------------------------------------------

UVM_INFO ../wb/sv/../sv/wb_master_monitor.sv(47) @ 6746: uvm_test_top.tb.wb.masters[0].monitor [wb_master_monitor] transaction collected :
------------------------------------------
Name        Type             Size  Value  
------------------------------------------
tr_collect  wb_transaction   -     @5563  
  op_type   wb_op_type_enum  1     wb_read
  addr      integral         32    'h44   
  din       integral         8     'h0    
  dout      integral         8     'h42   
  valid_sb  integral         1     'h0    
------------------------------------------

UVM_INFO ../wb/sv/../sv/wb_master_monitor.sv(47) @ 6766: uvm_test_top.tb.wb.masters[0].monitor [wb_master_monitor] transaction collected :
------------------------------------------
Name        Type             Size  Value  
------------------------------------------
tr_collect  wb_transaction   -     @5575  
  op_type   wb_op_type_enum  1     wb_read
  addr      integral         32    'h44   
  din       integral         8     'h0    
  dout      integral         8     'h42   
  valid_sb  integral         1     'h0    
------------------------------------------

UVM_INFO ../wb/sv/../sv/wb_master_monitor.sv(47) @ 6786: uvm_test_top.tb.wb.masters[0].monitor [wb_master_monitor] transaction collected :
------------------------------------------
Name        Type             Size  Value  
------------------------------------------
tr_collect  wb_transaction   -     @5587  
  op_type   wb_op_type_enum  1     wb_read
  addr      integral         32    'h44   
  din       integral         8     'h0    
  dout      integral         8     'h42   
  valid_sb  integral         1     'h0    
------------------------------------------

UVM_INFO ../wb/sv/../sv/wb_master_monitor.sv(47) @ 6806: uvm_test_top.tb.wb.masters[0].monitor [wb_master_monitor] transaction collected :
------------------------------------------
Name        Type             Size  Value  
------------------------------------------
tr_collect  wb_transaction   -     @5599  
  op_type   wb_op_type_enum  1     wb_read
  addr      integral         32    'h44   
  din       integral         8     'h0    
  dout      integral         8     'h42   
  valid_sb  integral         1     'h0    
------------------------------------------

UVM_INFO ../wb/sv/../sv/wb_master_monitor.sv(47) @ 6826: uvm_test_top.tb.wb.masters[0].monitor [wb_master_monitor] transaction collected :
------------------------------------------
Name        Type             Size  Value  
------------------------------------------
tr_collect  wb_transaction   -     @5611  
  op_type   wb_op_type_enum  1     wb_read
  addr      integral         32    'h44   
  din       integral         8     'h0    
  dout      integral         8     'h42   
  valid_sb  integral         1     'h0    
------------------------------------------

UVM_INFO ../wb/sv/../sv/wb_master_monitor.sv(47) @ 6846: uvm_test_top.tb.wb.masters[0].monitor [wb_master_monitor] transaction collected :
------------------------------------------
Name        Type             Size  Value  
------------------------------------------
tr_collect  wb_transaction   -     @5623  
  op_type   wb_op_type_enum  1     wb_read
  addr      integral         32    'h44   
  din       integral         8     'h0    
  dout      integral         8     'h42   
  valid_sb  integral         1     'h0    
------------------------------------------

UVM_INFO ../wb/sv/../sv/wb_master_monitor.sv(47) @ 6866: uvm_test_top.tb.wb.masters[0].monitor [wb_master_monitor] transaction collected :
------------------------------------------
Name        Type             Size  Value  
------------------------------------------
tr_collect  wb_transaction   -     @5635  
  op_type   wb_op_type_enum  1     wb_read
  addr      integral         32    'h44   
  din       integral         8     'h0    
  dout      integral         8     'h42   
  valid_sb  integral         1     'h0    
------------------------------------------

UVM_INFO ../wb/sv/../sv/wb_master_monitor.sv(47) @ 6886: uvm_test_top.tb.wb.masters[0].monitor [wb_master_monitor] transaction collected :
------------------------------------------
Name        Type             Size  Value  
------------------------------------------
tr_collect  wb_transaction   -     @5647  
  op_type   wb_op_type_enum  1     wb_read
  addr      integral         32    'h44   
  din       integral         8     'h0    
  dout      integral         8     'h42   
  valid_sb  integral         1     'h0    
------------------------------------------

UVM_INFO ../wb/sv/../sv/wb_master_monitor.sv(47) @ 6906: uvm_test_top.tb.wb.masters[0].monitor [wb_master_monitor] transaction collected :
------------------------------------------
Name        Type             Size  Value  
------------------------------------------
tr_collect  wb_transaction   -     @5659  
  op_type   wb_op_type_enum  1     wb_read
  addr      integral         32    'h44   
  din       integral         8     'h0    
  dout      integral         8     'h42   
  valid_sb  integral         1     'h0    
------------------------------------------

UVM_INFO ../wb/sv/../sv/wb_master_monitor.sv(47) @ 6926: uvm_test_top.tb.wb.masters[0].monitor [wb_master_monitor] transaction collected :
------------------------------------------
Name        Type             Size  Value  
------------------------------------------
tr_collect  wb_transaction   -     @5671  
  op_type   wb_op_type_enum  1     wb_read
  addr      integral         32    'h44   
  din       integral         8     'h0    
  dout      integral         8     'h42   
  valid_sb  integral         1     'h0    
------------------------------------------

UVM_INFO ../wb/sv/../sv/wb_master_monitor.sv(47) @ 6946: uvm_test_top.tb.wb.masters[0].monitor [wb_master_monitor] transaction collected :
------------------------------------------
Name        Type             Size  Value  
------------------------------------------
tr_collect  wb_transaction   -     @5683  
  op_type   wb_op_type_enum  1     wb_read
  addr      integral         32    'h44   
  din       integral         8     'h0    
  dout      integral         8     'h42   
  valid_sb  integral         1     'h0    
------------------------------------------

UVM_INFO ../wb/sv/../sv/wb_master_monitor.sv(47) @ 6966: uvm_test_top.tb.wb.masters[0].monitor [wb_master_monitor] transaction collected :
------------------------------------------
Name        Type             Size  Value  
------------------------------------------
tr_collect  wb_transaction   -     @5695  
  op_type   wb_op_type_enum  1     wb_read
  addr      integral         32    'h44   
  din       integral         8     'h0    
  dout      integral         8     'h42   
  valid_sb  integral         1     'h0    
------------------------------------------

UVM_INFO ../wb/sv/../sv/wb_master_monitor.sv(47) @ 6986: uvm_test_top.tb.wb.masters[0].monitor [wb_master_monitor] transaction collected :
------------------------------------------
Name        Type             Size  Value  
------------------------------------------
tr_collect  wb_transaction   -     @5707  
  op_type   wb_op_type_enum  1     wb_read
  addr      integral         32    'h44   
  din       integral         8     'h0    
  dout      integral         8     'h42   
  valid_sb  integral         1     'h0    
------------------------------------------

UVM_INFO ../wb/sv/../sv/wb_master_monitor.sv(47) @ 7006: uvm_test_top.tb.wb.masters[0].monitor [wb_master_monitor] transaction collected :
------------------------------------------
Name        Type             Size  Value  
------------------------------------------
tr_collect  wb_transaction   -     @5719  
  op_type   wb_op_type_enum  1     wb_read
  addr      integral         32    'h44   
  din       integral         8     'h0    
  dout      integral         8     'h42   
  valid_sb  integral         1     'h0    
------------------------------------------

UVM_INFO ../wb/sv/../sv/wb_master_monitor.sv(47) @ 7026: uvm_test_top.tb.wb.masters[0].monitor [wb_master_monitor] transaction collected :
------------------------------------------
Name        Type             Size  Value  
------------------------------------------
tr_collect  wb_transaction   -     @5731  
  op_type   wb_op_type_enum  1     wb_read
  addr      integral         32    'h44   
  din       integral         8     'h0    
  dout      integral         8     'h42   
  valid_sb  integral         1     'h0    
------------------------------------------

UVM_INFO ../wb/sv/../sv/wb_master_monitor.sv(47) @ 7046: uvm_test_top.tb.wb.masters[0].monitor [wb_master_monitor] transaction collected :
------------------------------------------
Name        Type             Size  Value  
------------------------------------------
tr_collect  wb_transaction   -     @5743  
  op_type   wb_op_type_enum  1     wb_read
  addr      integral         32    'h44   
  din       integral         8     'h0    
  dout      integral         8     'h42   
  valid_sb  integral         1     'h0    
------------------------------------------

UVM_INFO ../wb/sv/../sv/wb_master_monitor.sv(47) @ 7066: uvm_test_top.tb.wb.masters[0].monitor [wb_master_monitor] transaction collected :
------------------------------------------
Name        Type             Size  Value  
------------------------------------------
tr_collect  wb_transaction   -     @5755  
  op_type   wb_op_type_enum  1     wb_read
  addr      integral         32    'h44   
  din       integral         8     'h0    
  dout      integral         8     'h42   
  valid_sb  integral         1     'h0    
------------------------------------------

UVM_INFO ../wb/sv/../sv/wb_master_monitor.sv(47) @ 7086: uvm_test_top.tb.wb.masters[0].monitor [wb_master_monitor] transaction collected :
------------------------------------------
Name        Type             Size  Value  
------------------------------------------
tr_collect  wb_transaction   -     @5767  
  op_type   wb_op_type_enum  1     wb_read
  addr      integral         32    'h44   
  din       integral         8     'h0    
  dout      integral         8     'h42   
  valid_sb  integral         1     'h0    
------------------------------------------

UVM_INFO ../wb/sv/../sv/wb_master_monitor.sv(47) @ 7106: uvm_test_top.tb.wb.masters[0].monitor [wb_master_monitor] transaction collected :
------------------------------------------
Name        Type             Size  Value  
------------------------------------------
tr_collect  wb_transaction   -     @5779  
  op_type   wb_op_type_enum  1     wb_read
  addr      integral         32    'h44   
  din       integral         8     'h0    
  dout      integral         8     'h42   
  valid_sb  integral         1     'h0    
------------------------------------------

UVM_INFO ../wb/sv/../sv/wb_master_monitor.sv(47) @ 7126: uvm_test_top.tb.wb.masters[0].monitor [wb_master_monitor] transaction collected :
------------------------------------------
Name        Type             Size  Value  
------------------------------------------
tr_collect  wb_transaction   -     @5791  
  op_type   wb_op_type_enum  1     wb_read
  addr      integral         32    'h44   
  din       integral         8     'h0    
  dout      integral         8     'h42   
  valid_sb  integral         1     'h0    
------------------------------------------

UVM_INFO ../wb/sv/../sv/wb_master_monitor.sv(47) @ 7146: uvm_test_top.tb.wb.masters[0].monitor [wb_master_monitor] transaction collected :
------------------------------------------
Name        Type             Size  Value  
------------------------------------------
tr_collect  wb_transaction   -     @5803  
  op_type   wb_op_type_enum  1     wb_read
  addr      integral         32    'h44   
  din       integral         8     'h0    
  dout      integral         8     'h42   
  valid_sb  integral         1     'h0    
------------------------------------------

UVM_INFO ../wb/sv/../sv/wb_master_monitor.sv(47) @ 7166: uvm_test_top.tb.wb.masters[0].monitor [wb_master_monitor] transaction collected :
------------------------------------------
Name        Type             Size  Value  
------------------------------------------
tr_collect  wb_transaction   -     @5815  
  op_type   wb_op_type_enum  1     wb_read
  addr      integral         32    'h44   
  din       integral         8     'h0    
  dout      integral         8     'h42   
  valid_sb  integral         1     'h0    
------------------------------------------

UVM_INFO ../wb/sv/../sv/wb_master_monitor.sv(47) @ 7186: uvm_test_top.tb.wb.masters[0].monitor [wb_master_monitor] transaction collected :
------------------------------------------
Name        Type             Size  Value  
------------------------------------------
tr_collect  wb_transaction   -     @5827  
  op_type   wb_op_type_enum  1     wb_read
  addr      integral         32    'h44   
  din       integral         8     'h0    
  dout      integral         8     'h42   
  valid_sb  integral         1     'h0    
------------------------------------------

UVM_INFO ../wb/sv/../sv/wb_master_monitor.sv(47) @ 7206: uvm_test_top.tb.wb.masters[0].monitor [wb_master_monitor] transaction collected :
------------------------------------------
Name        Type             Size  Value  
------------------------------------------
tr_collect  wb_transaction   -     @5839  
  op_type   wb_op_type_enum  1     wb_read
  addr      integral         32    'h44   
  din       integral         8     'h0    
  dout      integral         8     'h42   
  valid_sb  integral         1     'h0    
------------------------------------------

UVM_INFO ../wb/sv/../sv/wb_master_monitor.sv(47) @ 7226: uvm_test_top.tb.wb.masters[0].monitor [wb_master_monitor] transaction collected :
------------------------------------------
Name        Type             Size  Value  
------------------------------------------
tr_collect  wb_transaction   -     @5851  
  op_type   wb_op_type_enum  1     wb_read
  addr      integral         32    'h44   
  din       integral         8     'h0    
  dout      integral         8     'h42   
  valid_sb  integral         1     'h0    
------------------------------------------

UVM_INFO ../wb/sv/../sv/wb_master_monitor.sv(47) @ 7246: uvm_test_top.tb.wb.masters[0].monitor [wb_master_monitor] transaction collected :
------------------------------------------
Name        Type             Size  Value  
------------------------------------------
tr_collect  wb_transaction   -     @5863  
  op_type   wb_op_type_enum  1     wb_read
  addr      integral         32    'h44   
  din       integral         8     'h0    
  dout      integral         8     'h42   
  valid_sb  integral         1     'h0    
------------------------------------------

UVM_INFO ../wb/sv/../sv/wb_master_monitor.sv(47) @ 7266: uvm_test_top.tb.wb.masters[0].monitor [wb_master_monitor] transaction collected :
------------------------------------------
Name        Type             Size  Value  
------------------------------------------
tr_collect  wb_transaction   -     @5875  
  op_type   wb_op_type_enum  1     wb_read
  addr      integral         32    'h44   
  din       integral         8     'h0    
  dout      integral         8     'h42   
  valid_sb  integral         1     'h0    
------------------------------------------

UVM_INFO ../wb/sv/../sv/wb_master_monitor.sv(47) @ 7286: uvm_test_top.tb.wb.masters[0].monitor [wb_master_monitor] transaction collected :
------------------------------------------
Name        Type             Size  Value  
------------------------------------------
tr_collect  wb_transaction   -     @5887  
  op_type   wb_op_type_enum  1     wb_read
  addr      integral         32    'h44   
  din       integral         8     'h0    
  dout      integral         8     'h42   
  valid_sb  integral         1     'h0    
------------------------------------------

UVM_INFO ../wb/sv/../sv/wb_master_monitor.sv(47) @ 7306: uvm_test_top.tb.wb.masters[0].monitor [wb_master_monitor] transaction collected :
------------------------------------------
Name        Type             Size  Value  
------------------------------------------
tr_collect  wb_transaction   -     @5899  
  op_type   wb_op_type_enum  1     wb_read
  addr      integral         32    'h44   
  din       integral         8     'h0    
  dout      integral         8     'h42   
  valid_sb  integral         1     'h0    
------------------------------------------

UVM_INFO ../wb/sv/../sv/wb_master_monitor.sv(47) @ 7326: uvm_test_top.tb.wb.masters[0].monitor [wb_master_monitor] transaction collected :
------------------------------------------
Name        Type             Size  Value  
------------------------------------------
tr_collect  wb_transaction   -     @5911  
  op_type   wb_op_type_enum  1     wb_read
  addr      integral         32    'h44   
  din       integral         8     'h0    
  dout      integral         8     'h42   
  valid_sb  integral         1     'h0    
------------------------------------------

UVM_INFO ../wb/sv/../sv/wb_master_monitor.sv(47) @ 7346: uvm_test_top.tb.wb.masters[0].monitor [wb_master_monitor] transaction collected :
------------------------------------------
Name        Type             Size  Value  
------------------------------------------
tr_collect  wb_transaction   -     @5923  
  op_type   wb_op_type_enum  1     wb_read
  addr      integral         32    'h44   
  din       integral         8     'h0    
  dout      integral         8     'h42   
  valid_sb  integral         1     'h0    
------------------------------------------

UVM_INFO ../wb/sv/../sv/wb_master_monitor.sv(47) @ 7366: uvm_test_top.tb.wb.masters[0].monitor [wb_master_monitor] transaction collected :
------------------------------------------
Name        Type             Size  Value  
------------------------------------------
tr_collect  wb_transaction   -     @5935  
  op_type   wb_op_type_enum  1     wb_read
  addr      integral         32    'h44   
  din       integral         8     'h0    
  dout      integral         8     'h42   
  valid_sb  integral         1     'h0    
------------------------------------------

UVM_INFO ../wb/sv/../sv/wb_master_monitor.sv(47) @ 7386: uvm_test_top.tb.wb.masters[0].monitor [wb_master_monitor] transaction collected :
------------------------------------------
Name        Type             Size  Value  
------------------------------------------
tr_collect  wb_transaction   -     @5947  
  op_type   wb_op_type_enum  1     wb_read
  addr      integral         32    'h44   
  din       integral         8     'h0    
  dout      integral         8     'h42   
  valid_sb  integral         1     'h0    
------------------------------------------

UVM_INFO ../wb/sv/../sv/wb_master_monitor.sv(47) @ 7406: uvm_test_top.tb.wb.masters[0].monitor [wb_master_monitor] transaction collected :
------------------------------------------
Name        Type             Size  Value  
------------------------------------------
tr_collect  wb_transaction   -     @5959  
  op_type   wb_op_type_enum  1     wb_read
  addr      integral         32    'h44   
  din       integral         8     'h0    
  dout      integral         8     'h42   
  valid_sb  integral         1     'h0    
------------------------------------------

UVM_INFO ../wb/sv/../sv/wb_master_monitor.sv(47) @ 7426: uvm_test_top.tb.wb.masters[0].monitor [wb_master_monitor] transaction collected :
------------------------------------------
Name        Type             Size  Value  
------------------------------------------
tr_collect  wb_transaction   -     @5971  
  op_type   wb_op_type_enum  1     wb_read
  addr      integral         32    'h44   
  din       integral         8     'h0    
  dout      integral         8     'h42   
  valid_sb  integral         1     'h0    
------------------------------------------

UVM_INFO ../wb/sv/../sv/wb_master_monitor.sv(47) @ 7446: uvm_test_top.tb.wb.masters[0].monitor [wb_master_monitor] transaction collected :
------------------------------------------
Name        Type             Size  Value  
------------------------------------------
tr_collect  wb_transaction   -     @5983  
  op_type   wb_op_type_enum  1     wb_read
  addr      integral         32    'h44   
  din       integral         8     'h0    
  dout      integral         8     'h42   
  valid_sb  integral         1     'h0    
------------------------------------------

UVM_INFO ../wb/sv/../sv/wb_master_monitor.sv(47) @ 7466: uvm_test_top.tb.wb.masters[0].monitor [wb_master_monitor] transaction collected :
------------------------------------------
Name        Type             Size  Value  
------------------------------------------
tr_collect  wb_transaction   -     @5995  
  op_type   wb_op_type_enum  1     wb_read
  addr      integral         32    'h44   
  din       integral         8     'h0    
  dout      integral         8     'h42   
  valid_sb  integral         1     'h0    
------------------------------------------

UVM_INFO ../wb/sv/../sv/wb_master_monitor.sv(47) @ 7486: uvm_test_top.tb.wb.masters[0].monitor [wb_master_monitor] transaction collected :
------------------------------------------
Name        Type             Size  Value  
------------------------------------------
tr_collect  wb_transaction   -     @6007  
  op_type   wb_op_type_enum  1     wb_read
  addr      integral         32    'h44   
  din       integral         8     'h0    
  dout      integral         8     'h42   
  valid_sb  integral         1     'h0    
------------------------------------------

UVM_INFO ../wb/sv/../sv/wb_master_monitor.sv(47) @ 7506: uvm_test_top.tb.wb.masters[0].monitor [wb_master_monitor] transaction collected :
------------------------------------------
Name        Type             Size  Value  
------------------------------------------
tr_collect  wb_transaction   -     @6019  
  op_type   wb_op_type_enum  1     wb_read
  addr      integral         32    'h44   
  din       integral         8     'h0    
  dout      integral         8     'h42   
  valid_sb  integral         1     'h0    
------------------------------------------

UVM_INFO ../wb/sv/../sv/wb_master_monitor.sv(47) @ 7526: uvm_test_top.tb.wb.masters[0].monitor [wb_master_monitor] transaction collected :
------------------------------------------
Name        Type             Size  Value  
------------------------------------------
tr_collect  wb_transaction   -     @6031  
  op_type   wb_op_type_enum  1     wb_read
  addr      integral         32    'h44   
  din       integral         8     'h0    
  dout      integral         8     'h42   
  valid_sb  integral         1     'h0    
------------------------------------------

UVM_INFO ../wb/sv/../sv/wb_master_monitor.sv(47) @ 7546: uvm_test_top.tb.wb.masters[0].monitor [wb_master_monitor] transaction collected :
------------------------------------------
Name        Type             Size  Value  
------------------------------------------
tr_collect  wb_transaction   -     @6043  
  op_type   wb_op_type_enum  1     wb_read
  addr      integral         32    'h44   
  din       integral         8     'h0    
  dout      integral         8     'h42   
  valid_sb  integral         1     'h0    
------------------------------------------

UVM_INFO ../wb/sv/../sv/wb_master_monitor.sv(47) @ 7566: uvm_test_top.tb.wb.masters[0].monitor [wb_master_monitor] transaction collected :
------------------------------------------
Name        Type             Size  Value  
------------------------------------------
tr_collect  wb_transaction   -     @6055  
  op_type   wb_op_type_enum  1     wb_read
  addr      integral         32    'h44   
  din       integral         8     'h0    
  dout      integral         8     'h42   
  valid_sb  integral         1     'h0    
------------------------------------------

UVM_INFO ../wb/sv/../sv/wb_master_monitor.sv(47) @ 7586: uvm_test_top.tb.wb.masters[0].monitor [wb_master_monitor] transaction collected :
------------------------------------------
Name        Type             Size  Value  
------------------------------------------
tr_collect  wb_transaction   -     @6067  
  op_type   wb_op_type_enum  1     wb_read
  addr      integral         32    'h44   
  din       integral         8     'h0    
  dout      integral         8     'h42   
  valid_sb  integral         1     'h0    
------------------------------------------

UVM_INFO ../wb/sv/../sv/wb_master_monitor.sv(47) @ 7606: uvm_test_top.tb.wb.masters[0].monitor [wb_master_monitor] transaction collected :
------------------------------------------
Name        Type             Size  Value  
------------------------------------------
tr_collect  wb_transaction   -     @6079  
  op_type   wb_op_type_enum  1     wb_read
  addr      integral         32    'h44   
  din       integral         8     'h0    
  dout      integral         8     'h42   
  valid_sb  integral         1     'h0    
------------------------------------------

UVM_INFO ../wb/sv/../sv/wb_master_monitor.sv(47) @ 7626: uvm_test_top.tb.wb.masters[0].monitor [wb_master_monitor] transaction collected :
------------------------------------------
Name        Type             Size  Value  
------------------------------------------
tr_collect  wb_transaction   -     @6091  
  op_type   wb_op_type_enum  1     wb_read
  addr      integral         32    'h44   
  din       integral         8     'h0    
  dout      integral         8     'h42   
  valid_sb  integral         1     'h0    
------------------------------------------

UVM_INFO ../wb/sv/../sv/wb_master_monitor.sv(47) @ 7646: uvm_test_top.tb.wb.masters[0].monitor [wb_master_monitor] transaction collected :
------------------------------------------
Name        Type             Size  Value  
------------------------------------------
tr_collect  wb_transaction   -     @6103  
  op_type   wb_op_type_enum  1     wb_read
  addr      integral         32    'h44   
  din       integral         8     'h0    
  dout      integral         8     'h42   
  valid_sb  integral         1     'h0    
------------------------------------------

UVM_INFO ../wb/sv/../sv/wb_master_monitor.sv(47) @ 7666: uvm_test_top.tb.wb.masters[0].monitor [wb_master_monitor] transaction collected :
------------------------------------------
Name        Type             Size  Value  
------------------------------------------
tr_collect  wb_transaction   -     @6115  
  op_type   wb_op_type_enum  1     wb_read
  addr      integral         32    'h44   
  din       integral         8     'h0    
  dout      integral         8     'h42   
  valid_sb  integral         1     'h0    
------------------------------------------

UVM_INFO ../wb/sv/../sv/wb_master_monitor.sv(47) @ 7686: uvm_test_top.tb.wb.masters[0].monitor [wb_master_monitor] transaction collected :
------------------------------------------
Name        Type             Size  Value  
------------------------------------------
tr_collect  wb_transaction   -     @6127  
  op_type   wb_op_type_enum  1     wb_read
  addr      integral         32    'h44   
  din       integral         8     'h0    
  dout      integral         8     'h42   
  valid_sb  integral         1     'h0    
------------------------------------------

UVM_INFO ../wb/sv/../sv/wb_master_monitor.sv(47) @ 7706: uvm_test_top.tb.wb.masters[0].monitor [wb_master_monitor] transaction collected :
------------------------------------------
Name        Type             Size  Value  
------------------------------------------
tr_collect  wb_transaction   -     @6139  
  op_type   wb_op_type_enum  1     wb_read
  addr      integral         32    'h44   
  din       integral         8     'h0    
  dout      integral         8     'h42   
  valid_sb  integral         1     'h0    
------------------------------------------

UVM_INFO ../wb/sv/../sv/wb_master_monitor.sv(47) @ 7726: uvm_test_top.tb.wb.masters[0].monitor [wb_master_monitor] transaction collected :
------------------------------------------
Name        Type             Size  Value  
------------------------------------------
tr_collect  wb_transaction   -     @6151  
  op_type   wb_op_type_enum  1     wb_read
  addr      integral         32    'h44   
  din       integral         8     'h0    
  dout      integral         8     'h42   
  valid_sb  integral         1     'h0    
------------------------------------------

UVM_INFO ../wb/sv/../sv/wb_master_monitor.sv(47) @ 7746: uvm_test_top.tb.wb.masters[0].monitor [wb_master_monitor] transaction collected :
------------------------------------------
Name        Type             Size  Value  
------------------------------------------
tr_collect  wb_transaction   -     @6163  
  op_type   wb_op_type_enum  1     wb_read
  addr      integral         32    'h44   
  din       integral         8     'h0    
  dout      integral         8     'h42   
  valid_sb  integral         1     'h0    
------------------------------------------

UVM_INFO ../wb/sv/../sv/wb_master_monitor.sv(47) @ 7766: uvm_test_top.tb.wb.masters[0].monitor [wb_master_monitor] transaction collected :
------------------------------------------
Name        Type             Size  Value  
------------------------------------------
tr_collect  wb_transaction   -     @6175  
  op_type   wb_op_type_enum  1     wb_read
  addr      integral         32    'h44   
  din       integral         8     'h0    
  dout      integral         8     'h42   
  valid_sb  integral         1     'h0    
------------------------------------------

UVM_INFO ../wb/sv/../sv/wb_master_monitor.sv(47) @ 7786: uvm_test_top.tb.wb.masters[0].monitor [wb_master_monitor] transaction collected :
------------------------------------------
Name        Type             Size  Value  
------------------------------------------
tr_collect  wb_transaction   -     @6187  
  op_type   wb_op_type_enum  1     wb_read
  addr      integral         32    'h44   
  din       integral         8     'h0    
  dout      integral         8     'h42   
  valid_sb  integral         1     'h0    
------------------------------------------

UVM_INFO ../wb/sv/../sv/wb_master_monitor.sv(47) @ 7806: uvm_test_top.tb.wb.masters[0].monitor [wb_master_monitor] transaction collected :
------------------------------------------
Name        Type             Size  Value  
------------------------------------------
tr_collect  wb_transaction   -     @6199  
  op_type   wb_op_type_enum  1     wb_read
  addr      integral         32    'h44   
  din       integral         8     'h0    
  dout      integral         8     'h42   
  valid_sb  integral         1     'h0    
------------------------------------------

UVM_INFO ../wb/sv/../sv/wb_master_monitor.sv(47) @ 7826: uvm_test_top.tb.wb.masters[0].monitor [wb_master_monitor] transaction collected :
------------------------------------------
Name        Type             Size  Value  
------------------------------------------
tr_collect  wb_transaction   -     @6211  
  op_type   wb_op_type_enum  1     wb_read
  addr      integral         32    'h44   
  din       integral         8     'h0    
  dout      integral         8     'h42   
  valid_sb  integral         1     'h0    
------------------------------------------

UVM_INFO ../wb/sv/../sv/wb_master_monitor.sv(47) @ 7846: uvm_test_top.tb.wb.masters[0].monitor [wb_master_monitor] transaction collected :
------------------------------------------
Name        Type             Size  Value  
------------------------------------------
tr_collect  wb_transaction   -     @6223  
  op_type   wb_op_type_enum  1     wb_read
  addr      integral         32    'h44   
  din       integral         8     'h0    
  dout      integral         8     'h42   
  valid_sb  integral         1     'h0    
------------------------------------------

UVM_INFO ../wb/sv/../sv/wb_master_monitor.sv(47) @ 7866: uvm_test_top.tb.wb.masters[0].monitor [wb_master_monitor] transaction collected :
------------------------------------------
Name        Type             Size  Value  
------------------------------------------
tr_collect  wb_transaction   -     @6235  
  op_type   wb_op_type_enum  1     wb_read
  addr      integral         32    'h44   
  din       integral         8     'h0    
  dout      integral         8     'h42   
  valid_sb  integral         1     'h0    
------------------------------------------

UVM_INFO ../wb/sv/../sv/wb_master_monitor.sv(47) @ 7886: uvm_test_top.tb.wb.masters[0].monitor [wb_master_monitor] transaction collected :
------------------------------------------
Name        Type             Size  Value  
------------------------------------------
tr_collect  wb_transaction   -     @6247  
  op_type   wb_op_type_enum  1     wb_read
  addr      integral         32    'h44   
  din       integral         8     'h0    
  dout      integral         8     'h42   
  valid_sb  integral         1     'h0    
------------------------------------------

UVM_INFO ../wb/sv/../sv/wb_master_monitor.sv(47) @ 7906: uvm_test_top.tb.wb.masters[0].monitor [wb_master_monitor] transaction collected :
------------------------------------------
Name        Type             Size  Value  
------------------------------------------
tr_collect  wb_transaction   -     @6259  
  op_type   wb_op_type_enum  1     wb_read
  addr      integral         32    'h44   
  din       integral         8     'h0    
  dout      integral         8     'h42   
  valid_sb  integral         1     'h0    
------------------------------------------

UVM_INFO ../wb/sv/../sv/wb_master_monitor.sv(47) @ 7926: uvm_test_top.tb.wb.masters[0].monitor [wb_master_monitor] transaction collected :
------------------------------------------
Name        Type             Size  Value  
------------------------------------------
tr_collect  wb_transaction   -     @6271  
  op_type   wb_op_type_enum  1     wb_read
  addr      integral         32    'h44   
  din       integral         8     'h0    
  dout      integral         8     'h42   
  valid_sb  integral         1     'h0    
------------------------------------------

UVM_INFO ../wb/sv/../sv/wb_master_monitor.sv(47) @ 7946: uvm_test_top.tb.wb.masters[0].monitor [wb_master_monitor] transaction collected :
------------------------------------------
Name        Type             Size  Value  
------------------------------------------
tr_collect  wb_transaction   -     @6283  
  op_type   wb_op_type_enum  1     wb_read
  addr      integral         32    'h44   
  din       integral         8     'h0    
  dout      integral         8     'h42   
  valid_sb  integral         1     'h0    
------------------------------------------

UVM_INFO ../wb/sv/../sv/wb_master_monitor.sv(47) @ 7966: uvm_test_top.tb.wb.masters[0].monitor [wb_master_monitor] transaction collected :
------------------------------------------
Name        Type             Size  Value  
------------------------------------------
tr_collect  wb_transaction   -     @6295  
  op_type   wb_op_type_enum  1     wb_read
  addr      integral         32    'h44   
  din       integral         8     'h0    
  dout      integral         8     'h42   
  valid_sb  integral         1     'h0    
------------------------------------------

UVM_INFO ../wb/sv/../sv/wb_master_monitor.sv(47) @ 7986: uvm_test_top.tb.wb.masters[0].monitor [wb_master_monitor] transaction collected :
------------------------------------------
Name        Type             Size  Value  
------------------------------------------
tr_collect  wb_transaction   -     @6307  
  op_type   wb_op_type_enum  1     wb_read
  addr      integral         32    'h44   
  din       integral         8     'h0    
  dout      integral         8     'h42   
  valid_sb  integral         1     'h0    
------------------------------------------

UVM_INFO ../wb/sv/../sv/wb_master_monitor.sv(47) @ 8006: uvm_test_top.tb.wb.masters[0].monitor [wb_master_monitor] transaction collected :
------------------------------------------
Name        Type             Size  Value  
------------------------------------------
tr_collect  wb_transaction   -     @6319  
  op_type   wb_op_type_enum  1     wb_read
  addr      integral         32    'h44   
  din       integral         8     'h0    
  dout      integral         8     'h42   
  valid_sb  integral         1     'h0    
------------------------------------------

UVM_INFO ../wb/sv/../sv/wb_master_monitor.sv(47) @ 8026: uvm_test_top.tb.wb.masters[0].monitor [wb_master_monitor] transaction collected :
------------------------------------------
Name        Type             Size  Value  
------------------------------------------
tr_collect  wb_transaction   -     @6331  
  op_type   wb_op_type_enum  1     wb_read
  addr      integral         32    'h44   
  din       integral         8     'h0    
  dout      integral         8     'h42   
  valid_sb  integral         1     'h0    
------------------------------------------

UVM_INFO ../wb/sv/../sv/wb_master_monitor.sv(47) @ 8046: uvm_test_top.tb.wb.masters[0].monitor [wb_master_monitor] transaction collected :
------------------------------------------
Name        Type             Size  Value  
------------------------------------------
tr_collect  wb_transaction   -     @6343  
  op_type   wb_op_type_enum  1     wb_read
  addr      integral         32    'h44   
  din       integral         8     'h0    
  dout      integral         8     'h42   
  valid_sb  integral         1     'h0    
------------------------------------------

UVM_INFO ../wb/sv/../sv/wb_master_monitor.sv(47) @ 8066: uvm_test_top.tb.wb.masters[0].monitor [wb_master_monitor] transaction collected :
------------------------------------------
Name        Type             Size  Value  
------------------------------------------
tr_collect  wb_transaction   -     @6355  
  op_type   wb_op_type_enum  1     wb_read
  addr      integral         32    'h44   
  din       integral         8     'h0    
  dout      integral         8     'h42   
  valid_sb  integral         1     'h0    
------------------------------------------

UVM_INFO ../wb/sv/../sv/wb_master_monitor.sv(47) @ 8086: uvm_test_top.tb.wb.masters[0].monitor [wb_master_monitor] transaction collected :
------------------------------------------
Name        Type             Size  Value  
------------------------------------------
tr_collect  wb_transaction   -     @6367  
  op_type   wb_op_type_enum  1     wb_read
  addr      integral         32    'h44   
  din       integral         8     'h0    
  dout      integral         8     'h42   
  valid_sb  integral         1     'h0    
------------------------------------------

UVM_INFO ../wb/sv/../sv/wb_master_monitor.sv(47) @ 8106: uvm_test_top.tb.wb.masters[0].monitor [wb_master_monitor] transaction collected :
------------------------------------------
Name        Type             Size  Value  
------------------------------------------
tr_collect  wb_transaction   -     @6379  
  op_type   wb_op_type_enum  1     wb_read
  addr      integral         32    'h44   
  din       integral         8     'h0    
  dout      integral         8     'h42   
  valid_sb  integral         1     'h0    
------------------------------------------

UVM_INFO ../wb/sv/../sv/wb_master_monitor.sv(47) @ 8126: uvm_test_top.tb.wb.masters[0].monitor [wb_master_monitor] transaction collected :
------------------------------------------
Name        Type             Size  Value  
------------------------------------------
tr_collect  wb_transaction   -     @6391  
  op_type   wb_op_type_enum  1     wb_read
  addr      integral         32    'h44   
  din       integral         8     'h0    
  dout      integral         8     'h42   
  valid_sb  integral         1     'h0    
------------------------------------------

UVM_INFO ../wb/sv/../sv/wb_master_monitor.sv(47) @ 8146: uvm_test_top.tb.wb.masters[0].monitor [wb_master_monitor] transaction collected :
------------------------------------------
Name        Type             Size  Value  
------------------------------------------
tr_collect  wb_transaction   -     @6403  
  op_type   wb_op_type_enum  1     wb_read
  addr      integral         32    'h44   
  din       integral         8     'h0    
  dout      integral         8     'h42   
  valid_sb  integral         1     'h0    
------------------------------------------

UVM_INFO ../wb/sv/../sv/wb_master_monitor.sv(47) @ 8166: uvm_test_top.tb.wb.masters[0].monitor [wb_master_monitor] transaction collected :
------------------------------------------
Name        Type             Size  Value  
------------------------------------------
tr_collect  wb_transaction   -     @6415  
  op_type   wb_op_type_enum  1     wb_read
  addr      integral         32    'h44   
  din       integral         8     'h0    
  dout      integral         8     'h42   
  valid_sb  integral         1     'h0    
------------------------------------------

UVM_INFO ../wb/sv/../sv/wb_master_monitor.sv(47) @ 8186: uvm_test_top.tb.wb.masters[0].monitor [wb_master_monitor] transaction collected :
------------------------------------------
Name        Type             Size  Value  
------------------------------------------
tr_collect  wb_transaction   -     @6427  
  op_type   wb_op_type_enum  1     wb_read
  addr      integral         32    'h44   
  din       integral         8     'h0    
  dout      integral         8     'h42   
  valid_sb  integral         1     'h0    
------------------------------------------

UVM_INFO ../wb/sv/../sv/wb_master_monitor.sv(47) @ 8206: uvm_test_top.tb.wb.masters[0].monitor [wb_master_monitor] transaction collected :
------------------------------------------
Name        Type             Size  Value  
------------------------------------------
tr_collect  wb_transaction   -     @6439  
  op_type   wb_op_type_enum  1     wb_read
  addr      integral         32    'h44   
  din       integral         8     'h0    
  dout      integral         8     'h42   
  valid_sb  integral         1     'h0    
------------------------------------------

UVM_INFO ../wb/sv/../sv/wb_master_monitor.sv(47) @ 8226: uvm_test_top.tb.wb.masters[0].monitor [wb_master_monitor] transaction collected :
------------------------------------------
Name        Type             Size  Value  
------------------------------------------
tr_collect  wb_transaction   -     @6451  
  op_type   wb_op_type_enum  1     wb_read
  addr      integral         32    'h44   
  din       integral         8     'h0    
  dout      integral         8     'h42   
  valid_sb  integral         1     'h0    
------------------------------------------

UVM_INFO ../wb/sv/../sv/wb_master_monitor.sv(47) @ 8246: uvm_test_top.tb.wb.masters[0].monitor [wb_master_monitor] transaction collected :
------------------------------------------
Name        Type             Size  Value  
------------------------------------------
tr_collect  wb_transaction   -     @6463  
  op_type   wb_op_type_enum  1     wb_read
  addr      integral         32    'h44   
  din       integral         8     'h0    
  dout      integral         8     'h42   
  valid_sb  integral         1     'h0    
------------------------------------------

UVM_INFO ../wb/sv/../sv/wb_master_monitor.sv(47) @ 8266: uvm_test_top.tb.wb.masters[0].monitor [wb_master_monitor] transaction collected :
------------------------------------------
Name        Type             Size  Value  
------------------------------------------
tr_collect  wb_transaction   -     @6475  
  op_type   wb_op_type_enum  1     wb_read
  addr      integral         32    'h44   
  din       integral         8     'h0    
  dout      integral         8     'h42   
  valid_sb  integral         1     'h0    
------------------------------------------

UVM_INFO ../wb/sv/../sv/wb_master_monitor.sv(47) @ 8286: uvm_test_top.tb.wb.masters[0].monitor [wb_master_monitor] transaction collected :
------------------------------------------
Name        Type             Size  Value  
------------------------------------------
tr_collect  wb_transaction   -     @6487  
  op_type   wb_op_type_enum  1     wb_read
  addr      integral         32    'h44   
  din       integral         8     'h0    
  dout      integral         8     'h42   
  valid_sb  integral         1     'h0    
------------------------------------------

UVM_INFO ../wb/sv/../sv/wb_master_monitor.sv(47) @ 8306: uvm_test_top.tb.wb.masters[0].monitor [wb_master_monitor] transaction collected :
------------------------------------------
Name        Type             Size  Value  
------------------------------------------
tr_collect  wb_transaction   -     @6499  
  op_type   wb_op_type_enum  1     wb_read
  addr      integral         32    'h44   
  din       integral         8     'h0    
  dout      integral         8     'h42   
  valid_sb  integral         1     'h0    
------------------------------------------

UVM_INFO ../wb/sv/../sv/wb_master_monitor.sv(47) @ 8326: uvm_test_top.tb.wb.masters[0].monitor [wb_master_monitor] transaction collected :
------------------------------------------
Name        Type             Size  Value  
------------------------------------------
tr_collect  wb_transaction   -     @6511  
  op_type   wb_op_type_enum  1     wb_read
  addr      integral         32    'h44   
  din       integral         8     'h0    
  dout      integral         8     'h42   
  valid_sb  integral         1     'h0    
------------------------------------------

UVM_INFO ../wb/sv/../sv/wb_master_monitor.sv(47) @ 8346: uvm_test_top.tb.wb.masters[0].monitor [wb_master_monitor] transaction collected :
------------------------------------------
Name        Type             Size  Value  
------------------------------------------
tr_collect  wb_transaction   -     @6523  
  op_type   wb_op_type_enum  1     wb_read
  addr      integral         32    'h44   
  din       integral         8     'h0    
  dout      integral         8     'h42   
  valid_sb  integral         1     'h0    
------------------------------------------

UVM_INFO ../wb/sv/../sv/wb_master_monitor.sv(47) @ 8366: uvm_test_top.tb.wb.masters[0].monitor [wb_master_monitor] transaction collected :
------------------------------------------
Name        Type             Size  Value  
------------------------------------------
tr_collect  wb_transaction   -     @6535  
  op_type   wb_op_type_enum  1     wb_read
  addr      integral         32    'h44   
  din       integral         8     'h0    
  dout      integral         8     'h42   
  valid_sb  integral         1     'h0    
------------------------------------------

UVM_INFO ../wb/sv/../sv/wb_master_monitor.sv(47) @ 8386: uvm_test_top.tb.wb.masters[0].monitor [wb_master_monitor] transaction collected :
------------------------------------------
Name        Type             Size  Value  
------------------------------------------
tr_collect  wb_transaction   -     @6547  
  op_type   wb_op_type_enum  1     wb_read
  addr      integral         32    'h44   
  din       integral         8     'h0    
  dout      integral         8     'h42   
  valid_sb  integral         1     'h0    
------------------------------------------

UVM_INFO ../wb/sv/../sv/wb_master_monitor.sv(47) @ 8406: uvm_test_top.tb.wb.masters[0].monitor [wb_master_monitor] transaction collected :
------------------------------------------
Name        Type             Size  Value  
------------------------------------------
tr_collect  wb_transaction   -     @6559  
  op_type   wb_op_type_enum  1     wb_read
  addr      integral         32    'h44   
  din       integral         8     'h0    
  dout      integral         8     'h42   
  valid_sb  integral         1     'h0    
------------------------------------------

UVM_INFO ../wb/sv/../sv/wb_master_monitor.sv(47) @ 8426: uvm_test_top.tb.wb.masters[0].monitor [wb_master_monitor] transaction collected :
------------------------------------------
Name        Type             Size  Value  
------------------------------------------
tr_collect  wb_transaction   -     @6571  
  op_type   wb_op_type_enum  1     wb_read
  addr      integral         32    'h44   
  din       integral         8     'h0    
  dout      integral         8     'h42   
  valid_sb  integral         1     'h0    
------------------------------------------

UVM_INFO ../wb/sv/../sv/wb_master_monitor.sv(47) @ 8446: uvm_test_top.tb.wb.masters[0].monitor [wb_master_monitor] transaction collected :
------------------------------------------
Name        Type             Size  Value  
------------------------------------------
tr_collect  wb_transaction   -     @6583  
  op_type   wb_op_type_enum  1     wb_read
  addr      integral         32    'h44   
  din       integral         8     'h0    
  dout      integral         8     'h42   
  valid_sb  integral         1     'h0    
------------------------------------------

UVM_INFO ../wb/sv/../sv/wb_master_monitor.sv(47) @ 8466: uvm_test_top.tb.wb.masters[0].monitor [wb_master_monitor] transaction collected :
------------------------------------------
Name        Type             Size  Value  
------------------------------------------
tr_collect  wb_transaction   -     @6595  
  op_type   wb_op_type_enum  1     wb_read
  addr      integral         32    'h44   
  din       integral         8     'h0    
  dout      integral         8     'h42   
  valid_sb  integral         1     'h0    
------------------------------------------

UVM_INFO ../wb/sv/../sv/wb_master_monitor.sv(47) @ 8486: uvm_test_top.tb.wb.masters[0].monitor [wb_master_monitor] transaction collected :
------------------------------------------
Name        Type             Size  Value  
------------------------------------------
tr_collect  wb_transaction   -     @6607  
  op_type   wb_op_type_enum  1     wb_read
  addr      integral         32    'h44   
  din       integral         8     'h0    
  dout      integral         8     'h42   
  valid_sb  integral         1     'h0    
------------------------------------------

UVM_INFO ../wb/sv/../sv/wb_master_monitor.sv(47) @ 8506: uvm_test_top.tb.wb.masters[0].monitor [wb_master_monitor] transaction collected :
------------------------------------------
Name        Type             Size  Value  
------------------------------------------
tr_collect  wb_transaction   -     @6619  
  op_type   wb_op_type_enum  1     wb_read
  addr      integral         32    'h44   
  din       integral         8     'h0    
  dout      integral         8     'h42   
  valid_sb  integral         1     'h0    
------------------------------------------

UVM_INFO ../wb/sv/../sv/wb_master_monitor.sv(47) @ 8526: uvm_test_top.tb.wb.masters[0].monitor [wb_master_monitor] transaction collected :
------------------------------------------
Name        Type             Size  Value  
------------------------------------------
tr_collect  wb_transaction   -     @6631  
  op_type   wb_op_type_enum  1     wb_read
  addr      integral         32    'h44   
  din       integral         8     'h0    
  dout      integral         8     'h42   
  valid_sb  integral         1     'h0    
------------------------------------------

UVM_INFO ../wb/sv/../sv/wb_master_monitor.sv(47) @ 8546: uvm_test_top.tb.wb.masters[0].monitor [wb_master_monitor] transaction collected :
------------------------------------------
Name        Type             Size  Value  
------------------------------------------
tr_collect  wb_transaction   -     @6643  
  op_type   wb_op_type_enum  1     wb_read
  addr      integral         32    'h44   
  din       integral         8     'h0    
  dout      integral         8     'h42   
  valid_sb  integral         1     'h0    
------------------------------------------

UVM_INFO ../wb/sv/../sv/wb_master_monitor.sv(47) @ 8566: uvm_test_top.tb.wb.masters[0].monitor [wb_master_monitor] transaction collected :
------------------------------------------
Name        Type             Size  Value  
------------------------------------------
tr_collect  wb_transaction   -     @6655  
  op_type   wb_op_type_enum  1     wb_read
  addr      integral         32    'h44   
  din       integral         8     'h0    
  dout      integral         8     'h42   
  valid_sb  integral         1     'h0    
------------------------------------------

UVM_INFO ../wb/sv/../sv/wb_master_monitor.sv(47) @ 8586: uvm_test_top.tb.wb.masters[0].monitor [wb_master_monitor] transaction collected :
------------------------------------------
Name        Type             Size  Value  
------------------------------------------
tr_collect  wb_transaction   -     @6667  
  op_type   wb_op_type_enum  1     wb_read
  addr      integral         32    'h44   
  din       integral         8     'h0    
  dout      integral         8     'h42   
  valid_sb  integral         1     'h0    
------------------------------------------

UVM_INFO ../wb/sv/../sv/wb_master_monitor.sv(47) @ 8606: uvm_test_top.tb.wb.masters[0].monitor [wb_master_monitor] transaction collected :
------------------------------------------
Name        Type             Size  Value  
------------------------------------------
tr_collect  wb_transaction   -     @6679  
  op_type   wb_op_type_enum  1     wb_read
  addr      integral         32    'h44   
  din       integral         8     'h0    
  dout      integral         8     'h42   
  valid_sb  integral         1     'h0    
------------------------------------------

UVM_INFO ../wb/sv/../sv/wb_master_monitor.sv(47) @ 8626: uvm_test_top.tb.wb.masters[0].monitor [wb_master_monitor] transaction collected :
------------------------------------------
Name        Type             Size  Value  
------------------------------------------
tr_collect  wb_transaction   -     @6691  
  op_type   wb_op_type_enum  1     wb_read
  addr      integral         32    'h44   
  din       integral         8     'h0    
  dout      integral         8     'h42   
  valid_sb  integral         1     'h0    
------------------------------------------

UVM_INFO ../wb/sv/../sv/wb_master_monitor.sv(47) @ 8646: uvm_test_top.tb.wb.masters[0].monitor [wb_master_monitor] transaction collected :
------------------------------------------
Name        Type             Size  Value  
------------------------------------------
tr_collect  wb_transaction   -     @6703  
  op_type   wb_op_type_enum  1     wb_read
  addr      integral         32    'h44   
  din       integral         8     'h0    
  dout      integral         8     'h42   
  valid_sb  integral         1     'h0    
------------------------------------------

UVM_INFO ../wb/sv/../sv/wb_master_monitor.sv(47) @ 8666: uvm_test_top.tb.wb.masters[0].monitor [wb_master_monitor] transaction collected :
------------------------------------------
Name        Type             Size  Value  
------------------------------------------
tr_collect  wb_transaction   -     @6715  
  op_type   wb_op_type_enum  1     wb_read
  addr      integral         32    'h44   
  din       integral         8     'h0    
  dout      integral         8     'h42   
  valid_sb  integral         1     'h0    
------------------------------------------

UVM_INFO ../wb/sv/../sv/wb_master_monitor.sv(47) @ 8686: uvm_test_top.tb.wb.masters[0].monitor [wb_master_monitor] transaction collected :
------------------------------------------
Name        Type             Size  Value  
------------------------------------------
tr_collect  wb_transaction   -     @6727  
  op_type   wb_op_type_enum  1     wb_read
  addr      integral         32    'h44   
  din       integral         8     'h0    
  dout      integral         8     'h42   
  valid_sb  integral         1     'h0    
------------------------------------------

UVM_INFO ../wb/sv/../sv/wb_master_monitor.sv(47) @ 8706: uvm_test_top.tb.wb.masters[0].monitor [wb_master_monitor] transaction collected :
------------------------------------------
Name        Type             Size  Value  
------------------------------------------
tr_collect  wb_transaction   -     @6739  
  op_type   wb_op_type_enum  1     wb_read
  addr      integral         32    'h44   
  din       integral         8     'h0    
  dout      integral         8     'h42   
  valid_sb  integral         1     'h0    
------------------------------------------

UVM_INFO ../wb/sv/../sv/wb_master_monitor.sv(47) @ 8726: uvm_test_top.tb.wb.masters[0].monitor [wb_master_monitor] transaction collected :
------------------------------------------
Name        Type             Size  Value  
------------------------------------------
tr_collect  wb_transaction   -     @6751  
  op_type   wb_op_type_enum  1     wb_read
  addr      integral         32    'h44   
  din       integral         8     'h0    
  dout      integral         8     'h42   
  valid_sb  integral         1     'h0    
------------------------------------------

UVM_INFO ../wb/sv/../sv/wb_master_monitor.sv(47) @ 8746: uvm_test_top.tb.wb.masters[0].monitor [wb_master_monitor] transaction collected :
------------------------------------------
Name        Type             Size  Value  
------------------------------------------
tr_collect  wb_transaction   -     @6763  
  op_type   wb_op_type_enum  1     wb_read
  addr      integral         32    'h44   
  din       integral         8     'h0    
  dout      integral         8     'h42   
  valid_sb  integral         1     'h0    
------------------------------------------

UVM_INFO ../wb/sv/../sv/wb_master_monitor.sv(47) @ 8766: uvm_test_top.tb.wb.masters[0].monitor [wb_master_monitor] transaction collected :
------------------------------------------
Name        Type             Size  Value  
------------------------------------------
tr_collect  wb_transaction   -     @6775  
  op_type   wb_op_type_enum  1     wb_read
  addr      integral         32    'h44   
  din       integral         8     'h0    
  dout      integral         8     'h42   
  valid_sb  integral         1     'h0    
------------------------------------------

UVM_INFO ../wb/sv/../sv/wb_master_monitor.sv(47) @ 8786: uvm_test_top.tb.wb.masters[0].monitor [wb_master_monitor] transaction collected :
------------------------------------------
Name        Type             Size  Value  
------------------------------------------
tr_collect  wb_transaction   -     @6787  
  op_type   wb_op_type_enum  1     wb_read
  addr      integral         32    'h44   
  din       integral         8     'h0    
  dout      integral         8     'h42   
  valid_sb  integral         1     'h0    
------------------------------------------

UVM_INFO ../wb/sv/../sv/wb_master_monitor.sv(47) @ 8806: uvm_test_top.tb.wb.masters[0].monitor [wb_master_monitor] transaction collected :
------------------------------------------
Name        Type             Size  Value  
------------------------------------------
tr_collect  wb_transaction   -     @6799  
  op_type   wb_op_type_enum  1     wb_read
  addr      integral         32    'h44   
  din       integral         8     'h0    
  dout      integral         8     'h42   
  valid_sb  integral         1     'h0    
------------------------------------------

UVM_INFO ../wb/sv/../sv/wb_master_monitor.sv(47) @ 8826: uvm_test_top.tb.wb.masters[0].monitor [wb_master_monitor] transaction collected :
------------------------------------------
Name        Type             Size  Value  
------------------------------------------
tr_collect  wb_transaction   -     @6811  
  op_type   wb_op_type_enum  1     wb_read
 