  CREATE_STREAM @0 {NAME:clk10_rst5_seq T:TVM SCOPE:uvm_test_top.tb.clk_rst.agent.sequencer STREAM:1}
BEGIN @0 {TXH:2 STREAM:1 NAME:clk10_rst5_seq TIME=0  TYPE="Begin_No_Parent, Link" LABEL:"" DESC=""}
  CREATE_STREAM @0 {NAME:i2c_write_mc_seq T:TVM SCOPE:uvm_test_top.tb.mc_seqr STREAM:3}
BEGIN @0 {TXH:4 STREAM:3 NAME:i2c_write_mc_seq TIME=0  TYPE="Begin_No_Parent, Link" LABEL:"" DESC=""}
BEGIN @0 {TXH:5 STREAM:1 NAME:cr TIME=0  TYPE="Begin_End, Link" LABEL:"" DESC=""}
  LINK @0 {TXH1:2 TXH2:5 RELATION=child}
  CREATE_STREAM @0 {NAME:i2c_write_mc_seq T:TVM SCOPE:uvm_test_top.tb.wb.masters[0].sequencer STREAM:6}
BEGIN @0 {TXH:7 STREAM:6 NAME:i2c_400k TIME=0  TYPE="Begin_End, Link" LABEL:"" DESC=""}
  LINK @0 {TXH1:4 TXH2:7 RELATION=child}
BEGIN @0 {TXH:8 STREAM:1 NAME:clk10_rst5_seq TIME=0  TYPE="Begin_No_Parent, Link" LABEL:"" DESC=""}
BEGIN @0 {TXH:9 STREAM:1 NAME:cr TIME=0  TYPE="Begin_End, Link" LABEL:"" DESC=""}
  LINK @0 {TXH1:8 TXH2:9 RELATION=child}
BEGIN @0 {TXH:10 STREAM:1 NAME:req TIME=0  TYPE="Begin_End, Link" LABEL:"" DESC=""}
  LINK @0 {TXH1:5 TXH2:10 RELATION=child}
  SET_ATTR @0 {TXH:10 NAME:clock_period VALUE:10   RADIX:UVM_HEX BITS=32}
  SET_ATTR @0 {TXH:10 NAME:reset_delay VALUE:5   RADIX:UVM_HEX BITS=32}
  SET_ATTR @0 {TXH:10 NAME:clock_cycles_to_count VALUE:0   RADIX:UVM_HEX BITS=32}
  SET_ATTR @0 {TXH:10 NAME:cycle_count_must_happen VALUE:0   RADIX:UVM_HEX BITS=1}
  SET_ATTR @0 {TXH:10 NAME:run_clock VALUE:1   RADIX:UVM_HEX BITS=1}
  SET_ATTR @0 {TXH:10 NAME:transaction_id VALUE:1   RADIX:UVM_DEC BITS=32}
END @0 {TXH:10 TIME=0}
FREE @0 {TXH:10}
END @0 {TXH:5 TIME=0}
FREE @0 {TXH:5}
BEGIN @0 {TXH:11 STREAM:1 NAME:req TIME=0  TYPE="Begin_End, Link" LABEL:"" DESC=""}
  LINK @0 {TXH1:9 TXH2:11 RELATION=child}
  SET_ATTR @0 {TXH:11 NAME:clock_period VALUE:10   RADIX:UVM_HEX BITS=32}
  SET_ATTR @0 {TXH:11 NAME:reset_delay VALUE:5   RADIX:UVM_HEX BITS=32}
  SET_ATTR @0 {TXH:11 NAME:clock_cycles_to_count VALUE:0   RADIX:UVM_HEX BITS=32}
  SET_ATTR @0 {TXH:11 NAME:cycle_count_must_happen VALUE:0   RADIX:UVM_HEX BITS=1}
  SET_ATTR @0 {TXH:11 NAME:run_clock VALUE:1   RADIX:UVM_HEX BITS=1}
  SET_ATTR @0 {TXH:11 NAME:transaction_id VALUE:1   RADIX:UVM_DEC BITS=32}
END @0 {TXH:11 TIME=0}
FREE @0 {TXH:11}
END @0 {TXH:9 TIME=0}
FREE @0 {TXH:9}
BEGIN @0 {TXH:12 STREAM:1 NAME:clk10_rst5_seq TIME=0  TYPE="Begin_No_Parent, Link" LABEL:"" DESC=""}
BEGIN @0 {TXH:13 STREAM:1 NAME:cr TIME=0  TYPE="Begin_End, Link" LABEL:"" DESC=""}
  LINK @0 {TXH1:12 TXH2:13 RELATION=child}
BEGIN @0 {TXH:14 STREAM:1 NAME:req TIME=0  TYPE="Begin_End, Link" LABEL:"" DESC=""}
  LINK @0 {TXH1:13 TXH2:14 RELATION=child}
  SET_ATTR @0 {TXH:14 NAME:clock_period VALUE:10   RADIX:UVM_HEX BITS=32}
  SET_ATTR @0 {TXH:14 NAME:reset_delay VALUE:5   RADIX:UVM_HEX BITS=32}
  SET_ATTR @0 {TXH:14 NAME:clock_cycles_to_count VALUE:0   RADIX:UVM_HEX BITS=32}
  SET_ATTR @0 {TXH:14 NAME:cycle_count_must_happen VALUE:0   RADIX:UVM_HEX BITS=1}
  SET_ATTR @0 {TXH:14 NAME:run_clock VALUE:1   RADIX:UVM_HEX BITS=1}
  SET_ATTR @0 {TXH:14 NAME:transaction_id VALUE:1   RADIX:UVM_DEC BITS=32}
END @0 {TXH:14 TIME=0}
FREE @0 {TXH:14}
END @0 {TXH:13 TIME=0}
FREE @0 {TXH:13}
BEGIN @0 {TXH:15 STREAM:1 NAME:clk10_rst5_seq TIME=0  TYPE="Begin_No_Parent, Link" LABEL:"" DESC=""}
BEGIN @0 {TXH:16 STREAM:1 NAME:cr TIME=0  TYPE="Begin_End, Link" LABEL:"" DESC=""}
  LINK @0 {TXH1:15 TXH2:16 RELATION=child}
BEGIN @0 {TXH:17 STREAM:1 NAME:req TIME=0  TYPE="Begin_End, Link" LABEL:"" DESC=""}
  LINK @0 {TXH1:16 TXH2:17 RELATION=child}
  SET_ATTR @0 {TXH:17 NAME:clock_period VALUE:10   RADIX:UVM_HEX BITS=32}
  SET_ATTR @0 {TXH:17 NAME:reset_delay VALUE:5   RADIX:UVM_HEX BITS=32}
  SET_ATTR @0 {TXH:17 NAME:clock_cycles_to_count VALUE:0   RADIX:UVM_HEX BITS=32}
  SET_ATTR @0 {TXH:17 NAME:cycle_count_must_happen VALUE:0   RADIX:UVM_HEX BITS=1}
  SET_ATTR @0 {TXH:17 NAME:run_clock VALUE:1   RADIX:UVM_HEX BITS=1}
  SET_ATTR @0 {TXH:17 NAME:transaction_id VALUE:1   RADIX:UVM_DEC BITS=32}
END @0 {TXH:17 TIME=0}
FREE @0 {TXH:17}
END @0 {TXH:16 TIME=0}
FREE @0 {TXH:16}
BEGIN @0 {TXH:18 STREAM:1 NAME:clk10_rst5_seq TIME=0  TYPE="Begin_No_Parent, Link" LABEL:"" DESC=""}
BEGIN @0 {TXH:19 STREAM:1 NAME:cr TIME=0  TYPE="Begin_End, Link" LABEL:"" DESC=""}
  LINK @0 {TXH1:18 TXH2:19 RELATION=child}
BEGIN @0 {TXH:20 STREAM:1 NAME:req TIME=0  TYPE="Begin_End, Link" LABEL:"" DESC=""}
  LINK @0 {TXH1:19 TXH2:20 RELATION=child}
  SET_ATTR @0 {TXH:20 NAME:clock_period VALUE:10   RADIX:UVM_HEX BITS=32}
  SET_ATTR @0 {TXH:20 NAME:reset_delay VALUE:5   RADIX:UVM_HEX BITS=32}
  SET_ATTR @0 {TXH:20 NAME:clock_cycles_to_count VALUE:0   RADIX:UVM_HEX BITS=32}
  SET_ATTR @0 {TXH:20 NAME:cycle_count_must_happen VALUE:0   RADIX:UVM_HEX BITS=1}
  SET_ATTR @0 {TXH:20 NAME:run_clock VALUE:1   RADIX:UVM_HEX BITS=1}
  SET_ATTR @0 {TXH:20 NAME:transaction_id VALUE:1   RADIX:UVM_DEC BITS=32}
END @0 {TXH:20 TIME=0}
FREE @0 {TXH:20}
END @0 {TXH:19 TIME=0}
FREE @0 {TXH:19}
BEGIN @0 {TXH:21 STREAM:1 NAME:clk10_rst5_seq TIME=0  TYPE="Begin_No_Parent, Link" LABEL:"" DESC=""}
BEGIN @0 {TXH:22 STREAM:1 NAME:cr TIME=0  TYPE="Begin_End, Link" LABEL:"" DESC=""}
  LINK @0 {TXH1:21 TXH2:22 RELATION=child}
BEGIN @0 {TXH:23 STREAM:1 NAME:req TIME=0  TYPE="Begin_End, Link" LABEL:"" DESC=""}
  LINK @0 {TXH1:22 TXH2:23 RELATION=child}
  SET_ATTR @0 {TXH:23 NAME:clock_period VALUE:10   RADIX:UVM_HEX BITS=32}
  SET_ATTR @0 {TXH:23 NAME:reset_delay VALUE:5   RADIX:UVM_HEX BITS=32}
  SET_ATTR @0 {TXH:23 NAME:clock_cycles_to_count VALUE:0   RADIX:UVM_HEX BITS=32}
  SET_ATTR @0 {TXH:23 NAME:cycle_count_must_happen VALUE:0   RADIX:UVM_HEX BITS=1}
  SET_ATTR @0 {TXH:23 NAME:run_clock VALUE:1   RADIX:UVM_HEX BITS=1}
  SET_ATTR @0 {TXH:23 NAME:transaction_id VALUE:1   RADIX:UVM_DEC BITS=32}
END @0 {TXH:23 TIME=0}
FREE @0 {TXH:23}
END @0 {TXH:22 TIME=0}
FREE @0 {TXH:22}
BEGIN @0 {TXH:24 STREAM:1 NAME:clk10_rst5_seq TIME=0  TYPE="Begin_No_Parent, Link" LABEL:"" DESC=""}
BEGIN @0 {TXH:25 STREAM:1 NAME:cr TIME=0  TYPE="Begin_End, Link" LABEL:"" DESC=""}
  LINK @0 {TXH1:24 TXH2:25 RELATION=child}
BEGIN @0 {TXH:26 STREAM:1 NAME:req TIME=0  TYPE="Begin_End, Link" LABEL:"" DESC=""}
  LINK @0 {TXH1:25 TXH2:26 RELATION=child}
  SET_ATTR @0 {TXH:26 NAME:clock_period VALUE:10   RADIX:UVM_HEX BITS=32}
  SET_ATTR @0 {TXH:26 NAME:reset_delay VALUE:5   RADIX:UVM_HEX BITS=32}
  SET_ATTR @0 {TXH:26 NAME:clock_cycles_to_count VALUE:0   RADIX:UVM_HEX BITS=32}
  SET_ATTR @0 {TXH:26 NAME:cycle_count_must_happen VALUE:0   RADIX:UVM_HEX BITS=1}
  SET_ATTR @0 {TXH:26 NAME:run_clock VALUE:1   RADIX:UVM_HEX BITS=1}
  SET_ATTR @0 {TXH:26 NAME:transaction_id VALUE:1   RADIX:UVM_DEC BITS=32}
END @0 {TXH:26 TIME=0}
FREE @0 {TXH:26}
END @0 {TXH:25 TIME=0}
FREE @0 {TXH:25}
BEGIN @0 {TXH:27 STREAM:1 NAME:clk10_rst5_seq TIME=0  TYPE="Begin_No_Parent, Link" LABEL:"" DESC=""}
BEGIN @0 {TXH:28 STREAM:1 NAME:cr TIME=0  TYPE="Begin_End, Link" LABEL:"" DESC=""}
  LINK @0 {TXH1:27 TXH2:28 RELATION=child}
BEGIN @0 {TXH:29 STREAM:1 NAME:req TIME=0  TYPE="Begin_End, Link" LABEL:"" DESC=""}
  LINK @0 {TXH1:28 TXH2:29 RELATION=child}
  SET_ATTR @0 {TXH:29 NAME:clock_period VALUE:10   RADIX:UVM_HEX BITS=32}
  SET_ATTR @0 {TXH:29 NAME:reset_delay VALUE:5   RADIX:UVM_HEX BITS=32}
  SET_ATTR @0 {TXH:29 NAME:clock_cycles_to_count VALUE:0   RADIX:UVM_HEX BITS=32}
  SET_ATTR @0 {TXH:29 NAME:cycle_count_must_happen VALUE:0   RADIX:UVM_HEX BITS=1}
  SET_ATTR @0 {TXH:29 NAME:run_clock VALUE:1   RADIX:UVM_HEX BITS=1}
  SET_ATTR @0 {TXH:29 NAME:transaction_id VALUE:1   RADIX:UVM_DEC BITS=32}
END @0 {TXH:29 TIME=0}
FREE @0 {TXH:29}
END @0 {TXH:28 TIME=0}
FREE @0 {TXH:28}
BEGIN @0 {TXH:30 STREAM:1 NAME:clk10_rst5_seq TIME=0  TYPE="Begin_No_Parent, Link" LABEL:"" DESC=""}
BEGIN @0 {TXH:31 STREAM:1 NAME:cr TIME=0  TYPE="Begin_End, Link" LABEL:"" DESC=""}
  LINK @0 {TXH1:30 TXH2:31 RELATION=child}
BEGIN @0 {TXH:32 STREAM:1 NAME:req TIME=0  TYPE="Begin_End, Link" LABEL:"" DESC=""}
  LINK @0 {TXH1:31 TXH2:32 RELATION=child}
  SET_ATTR @0 {TXH:32 NAME:clock_period VALUE:10   RADIX:UVM_HEX BITS=32}
  SET_ATTR @0 {TXH:32 NAME:reset_delay VALUE:5   RADIX:UVM_HEX BITS=32}
  SET_ATTR @0 {TXH:32 NAME:clock_cycles_to_count VALUE:0   RADIX:UVM_HEX BITS=32}
  SET_ATTR @0 {TXH:32 NAME:cycle_count_must_happen VALUE:0   RADIX:UVM_HEX BITS=1}
  SET_ATTR @0 {TXH:32 NAME:run_clock VALUE:1   RADIX:UVM_HEX BITS=1}
  SET_ATTR @0 {TXH:32 NAME:transaction_id VALUE:1   RADIX:UVM_DEC BITS=32}
END @0 {TXH:32 TIME=0}
FREE @0 {TXH:32}
END @0 {TXH:31 TIME=0}
FREE @0 {TXH:31}
BEGIN @0 {TXH:33 STREAM:1 NAME:clk10_rst5_seq TIME=0  TYPE="Begin_No_Parent, Link" LABEL:"" DESC=""}
BEGIN @0 {TXH:34 STREAM:1 NAME:cr TIME=0  TYPE="Begin_End, Link" LABEL:"" DESC=""}
  LINK @0 {TXH1:33 TXH2:34 RELATION=child}
BEGIN @0 {TXH:35 STREAM:1 NAME:req TIME=0  TYPE="Begin_End, Link" LABEL:"" DESC=""}
  LINK @0 {TXH1:34 TXH2:35 RELATION=child}
  SET_ATTR @0 {TXH:35 NAME:clock_period VALUE:10   RADIX:UVM_HEX BITS=32}
  SET_ATTR @0 {TXH:35 NAME:reset_delay VALUE:5   RADIX:UVM_HEX BITS=32}
  SET_ATTR @0 {TXH:35 NAME:clock_cycles_to_count VALUE:0   RADIX:UVM_HEX BITS=32}
  SET_ATTR @0 {TXH:35 NAME:cycle_count_must_happen VALUE:0   RADIX:UVM_HEX BITS=1}
  SET_ATTR @0 {TXH:35 NAME:run_clock VALUE:1   RADIX:UVM_HEX BITS=1}
  SET_ATTR @0 {TXH:35 NAME:transaction_id VALUE:1   RADIX:UVM_DEC BITS=32}
END @0 {TXH:35 TIME=0}
FREE @0 {TXH:35}
END @0 {TXH:34 TIME=0}
FREE @0 {TXH:34}
BEGIN @0 {TXH:36 STREAM:1 NAME:clk10_rst5_seq TIME=0  TYPE="Begin_No_Parent, Link" LABEL:"" DESC=""}
BEGIN @0 {TXH:37 STREAM:1 NAME:cr TIME=0  TYPE="Begin_End, Link" LABEL:"" DESC=""}
  LINK @0 {TXH1:36 TXH2:37 RELATION=child}
BEGIN @0 {TXH:38 STREAM:1 NAME:req TIME=0  TYPE="Begin_End, Link" LABEL:"" DESC=""}
  LINK @0 {TXH1:37 TXH2:38 RELATION=child}
  SET_ATTR @0 {TXH:38 NAME:clock_period VALUE:10   RADIX:UVM_HEX BITS=32}
  SET_ATTR @0 {TXH:38 NAME:reset_delay VALUE:5   RADIX:UVM_HEX BITS=32}
  SET_ATTR @0 {TXH:38 NAME:clock_cycles_to_count VALUE:0   RADIX:UVM_HEX BITS=32}
  SET_ATTR @0 {TXH:38 NAME:cycle_count_must_happen VALUE:0   RADIX:UVM_HEX BITS=1}
  SET_ATTR @0 {TXH:38 NAME:run_clock VALUE:1   RADIX:UVM_HEX BITS=1}
  SET_ATTR @0 {TXH:38 NAME:transaction_id VALUE:1   RADIX:UVM_DEC BITS=32}
END @0 {TXH:38 TIME=0}
FREE @0 {TXH:38}
END @0 {TXH:37 TIME=0}
FREE @0 {TXH:37}
BEGIN @0 {TXH:39 STREAM:1 NAME:clk10_rst5_seq TIME=0  TYPE="Begin_No_Parent, Link" LABEL:"" DESC=""}
BEGIN @0 {TXH:40 STREAM:1 NAME:cr TIME=0  TYPE="Begin_End, Link" LABEL:"" DESC=""}
  LINK @0 {TXH1:39 TXH2:40 RELATION=child}
BEGIN @0 {TXH:41 STREAM:1 NAME:req TIME=0  TYPE="Begin_End, Link" LABEL:"" DESC=""}
  LINK @0 {TXH1:40 TXH2:41 RELATION=child}
  SET_ATTR @0 {TXH:41 NAME:clock_period VALUE:10   RADIX:UVM_HEX BITS=32}
  SET_ATTR @0 {TXH:41 NAME:reset_delay VALUE:5   RADIX:UVM_HEX BITS=32}
  SET_ATTR @0 {TXH:41 NAME:clock_cycles_to_count VALUE:0   RADIX:UVM_HEX BITS=32}
  SET_ATTR @0 {TXH:41 NAME:cycle_count_must_happen VALUE:0   RADIX:UVM_HEX BITS=1}
  SET_ATTR @0 {TXH:41 NAME:run_clock VALUE:1   RADIX:UVM_HEX BITS=1}
  SET_ATTR @0 {TXH:41 NAME:transaction_id VALUE:1   RADIX:UVM_DEC BITS=32}
END @0 {TXH:41 TIME=0}
FREE @0 {TXH:41}
END @0 {TXH:40 TIME=0}
FREE @0 {TXH:40}
BEGIN @0 {TXH:42 STREAM:1 NAME:clk10_rst5_seq TIME=0  TYPE="Begin_No_Parent, Link" LABEL:"" DESC=""}
BEGIN @0 {TXH:43 STREAM:1 NAME:cr TIME=0  TYPE="Begin_End, Link" LABEL:"" DESC=""}
  LINK @0 {TXH1:42 TXH2:43 RELATION=child}
BEGIN @0 {TXH:44 STREAM:1 NAME:req TIME=0  TYPE="Begin_End, Link" LABEL:"" DESC=""}
  LINK @0 {TXH1:43 TXH2:44 RELATION=child}
  SET_ATTR @0 {TXH:44 NAME:clock_period VALUE:10   RADIX:UVM_HEX BITS=32}
  SET_ATTR @0 {TXH:44 NAME:reset_delay VALUE:5   RADIX:UVM_HEX BITS=32}
  SET_ATTR @0 {TXH:44 NAME:clock_cycles_to_count VALUE:0   RADIX:UVM_HEX BITS=32}
  SET_ATTR @0 {TXH:44 NAME:cycle_count_must_happen VALUE:0   RADIX:UVM_HEX BITS=1}
  SET_ATTR @0 {TXH:44 NAME:run_clock VALUE:1   RADIX:UVM_HEX BITS=1}
  SET_ATTR @0 {TXH:44 NAME:transaction_id VALUE:1   RADIX:UVM_DEC BITS=32}
END @0 {TXH:44 TIME=0}
FREE @0 {TXH:44}
END @0 {TXH:43 TIME=0}
FREE @0 {TXH:43}
BEGIN @60 {TXH:45 STREAM:6 NAME:req TIME=0  TYPE="Begin_End, Link" LABEL:"" DESC=""}
  LINK @60 {TXH1:7 TXH2:45 RELATION=child}
  SET_ATTR @86 {TXH:45 NAME:op_type VALUE:8602543204856329317   RADIX:UVM_STRING BITS=64}
  SET_ATTR @86 {TXH:45 NAME:addr VALUE:64   RADIX:UVM_HEX BITS=32}
  SET_ATTR @86 {TXH:45 NAME:din VALUE:49   RADIX:UVM_HEX BITS=8}
  SET_ATTR @86 {TXH:45 NAME:dout VALUE:255   RADIX:UVM_HEX BITS=8}
  SET_ATTR @86 {TXH:45 NAME:valid_sb VALUE:0   RADIX:UVM_HEX BITS=1}
  SET_ATTR @86 {TXH:45 NAME:transaction_id VALUE:1   RADIX:UVM_DEC BITS=32}
END @86 {TXH:45 TIME=0}
FREE @86 {TXH:45}
BEGIN @86 {TXH:46 STREAM:6 NAME:req TIME=0  TYPE="Begin_End, Link" LABEL:"" DESC=""}
  LINK @86 {TXH1:7 TXH2:46 RELATION=child}
  SET_ATTR @106 {TXH:46 NAME:op_type VALUE:8602543204856329317   RADIX:UVM_STRING BITS=64}
  SET_ATTR @106 {TXH:46 NAME:addr VALUE:65   RADIX:UVM_HEX BITS=32}
  SET_ATTR @106 {TXH:46 NAME:din VALUE:0   RADIX:UVM_HEX BITS=8}
  SET_ATTR @106 {TXH:46 NAME:dout VALUE:255   RADIX:UVM_HEX BITS=8}
  SET_ATTR @106 {TXH:46 NAME:valid_sb VALUE:0   RADIX:UVM_HEX BITS=1}
  SET_ATTR @106 {TXH:46 NAME:transaction_id VALUE:2   RADIX:UVM_DEC BITS=32}
END @106 {TXH:46 TIME=0}
FREE @106 {TXH:46}
BEGIN @106 {TXH:47 STREAM:6 NAME:req TIME=0  TYPE="Begin_End, Link" LABEL:"" DESC=""}
  LINK @106 {TXH1:7 TXH2:47 RELATION=child}
  SET_ATTR @126 {TXH:47 NAME:op_type VALUE:8602543204856329317   RADIX:UVM_STRING BITS=64}
  SET_ATTR @126 {TXH:47 NAME:addr VALUE:66   RADIX:UVM_HEX BITS=32}
  SET_ATTR @126 {TXH:47 NAME:din VALUE:128   RADIX:UVM_HEX BITS=8}
  SET_ATTR @126 {TXH:47 NAME:dout VALUE:0   RADIX:UVM_HEX BITS=8}
  SET_ATTR @126 {TXH:47 NAME:valid_sb VALUE:0   RADIX:UVM_HEX BITS=1}
  SET_ATTR @126 {TXH:47 NAME:transaction_id VALUE:3   RADIX:UVM_DEC BITS=32}
END @126 {TXH:47 TIME=0}
FREE @126 {TXH:47}
END @126 {TXH:7 TIME=0}
FREE @126 {TXH:7}
  CREATE_STREAM @126 {NAME:i2c_write_mc_seq T:TVM SCOPE:uvm_test_top.tb.i2c.slaves[0].sequencer STREAM:48}
BEGIN @126 {TXH:49 STREAM:48 NAME:i2c_slave TIME=0  TYPE="Begin_End, Link" LABEL:"" DESC=""}
  LINK @126 {TXH1:4 TXH2:49 RELATION=child}
BEGIN @126 {TXH:50 STREAM:6 NAME:i2c_write_byte TIME=0  TYPE="Begin_End, Link" LABEL:"" DESC=""}
  LINK @126 {TXH1:4 TXH2:50 RELATION=child}
BEGIN @126 {TXH:51 STREAM:48 NAME:req TIME=0  TYPE="Begin_End, Link" LABEL:"" DESC=""}
  LINK @126 {TXH1:49 TXH2:51 RELATION=child}
BEGIN @126 {TXH:52 STREAM:6 NAME:req TIME=0  TYPE="Begin_End, Link" LABEL:"" DESC=""}
  LINK @126 {TXH1:50 TXH2:52 RELATION=child}
  SET_ATTR @146 {TXH:52 NAME:op_type VALUE:8602543204856329317   RADIX:UVM_STRING BITS=64}
  SET_ATTR @146 {TXH:52 NAME:addr VALUE:67   RADIX:UVM_HEX BITS=32}
  SET_ATTR @146 {TXH:52 NAME:din VALUE:170   RADIX:UVM_HEX BITS=8}
  SET_ATTR @146 {TXH:52 NAME:dout VALUE:0   RADIX:UVM_HEX BITS=8}
  SET_ATTR @146 {TXH:52 NAME:valid_sb VALUE:0   RADIX:UVM_HEX BITS=1}
  SET_ATTR @146 {TXH:52 NAME:transaction_id VALUE:1   RADIX:UVM_DEC BITS=32}
END @146 {TXH:52 TIME=0}
FREE @146 {TXH:52}
BEGIN @146 {TXH:53 STREAM:6 NAME:req TIME=0  TYPE="Begin_End, Link" LABEL:"" DESC=""}
  LINK @146 {TXH1:50 TXH2:53 RELATION=child}
  SET_ATTR @166 {TXH:53 NAME:op_type VALUE:8602543204856329317   RADIX:UVM_STRING BITS=64}
  SET_ATTR @166 {TXH:53 NAME:addr VALUE:68   RADIX:UVM_HEX BITS=32}
  SET_ATTR @166 {TXH:53 NAME:din VALUE:144   RADIX:UVM_HEX BITS=8}
  SET_ATTR @166 {TXH:53 NAME:dout VALUE:0   RADIX:UVM_HEX BITS=8}
  SET_ATTR @166 {TXH:53 NAME:valid_sb VALUE:0   RADIX:UVM_HEX BITS=1}
  SET_ATTR @166 {TXH:53 NAME:transaction_id VALUE:2   RADIX:UVM_DEC BITS=32}
END @166 {TXH:53 TIME=0}
FREE @166 {TXH:53}
END @166 {TXH:50 TIME=0}
FREE @166 {TXH:50}
END @300 {TXH:2 TIME=0}
FREE @300 {TXH:2}
END @300 {TXH:42 TIME=0}
FREE @300 {TXH:42}

  SET_ATTR @186 {TXH:54 NAME:op_type VALUE:33603684309229924   RADIX:UVM_STRING BITS=56}
  SET_ATTR @186 {TXH:54 NAME:addr VALUE:68   RADIX:UVM_HEX BITS=32}
  SET_ATTR @186 {TXH:54 NAME:din VALUE:62   RADIX:UVM_HEX BITS=8}
  SET_ATTR @186 {TXH:54 NAME:dout VALUE:2   RADIX:UVM_HEX BITS=8}
  SET_ATTR @186 {TXH:54 NAME:valid_sb VALUE:0   RADIX:UVM_HEX BITS=1}
  SET_ATTR @186 {TXH:54 NAME:transaction_id VALUE:3   RADIX:UVM_DEC BITS=32}
END @186 {TXH:54 TIME=0}
FREE @186 {TXH:54}
BEGIN @186 {TXH:55 STREAM:6 NAME:req TIME=0  TYPE="Begin_End, Link" LABEL:"" DESC=""}
  LILINK @186 {TXH1:50 TXH2:55 RELATION=child}
  SET_ATTR @206 {TXH:55 NAME:op_type VALUE:8602543204856329317   RADIX:UVM_STRING BITS=64}
  SET_ATTR @206 {TXH:55 NAME:addr VALUE:68   RADIX:UVM_HEX BITS=32}
  SET_ATTR @206 {TXH:55 NAME:din VALUE:80   RADIX:UVM_HEX BITS=8}
  SET_ATTR @206 {TXH:55 NAME:dout VALUE:2   RADIX:UVM_HEX BITS=8}
  SET_ATTR @206 {TXH:55 NAME:valid_sb VALUE:0   RADIX:UVM_HEX BITS=1}
  SET_ATTR @206 {TXH:55 NAME:transaction_id VALUE:4   RADIX:UVM_DEC BITS=32}
END @206 {TXH:55 TIME=0}
FREE @206 {TXH:55}
END @206 {TXH:50 TIME=0}
FREE @206 {TXH:50}
END @300 {TXH:2 TIME=0}
FREE @300 {TXH:2}
END @300 {TXH:42 TIME=0}
FREE @300 {TXH:42}
SET_ATTR @226 {TXH:56 NAME:op_type VALUE:33603684309229924   RADIX:UVM_STRING BITS=56}
  SET_ATTR @226 {TXH:56 NAME:addr VALUE:68   RADIX:UVM_HEX BITS=32}
  SET_ATTR @226 {TXH:56 NAME:din VALUE:93   RADIX:UVM_HEX BITS=8}
  SET_ATTR @226 {TXH:56 NAME:dout VALUE:2   RADIX:UVM_HEX BITS=8}
  SET_ATTR @226 {TXH:56 NAME:valid_sb VALUE:0   RADIX:UVM_HEX BITS=1}
  SET_ATTR @226 {TXH:56 NAME:transaction_id VALUE:5   RADIX:UVM_DEC BITS=32}
END @226 {TXH:56 TIME=0}
FREE @226 {TXH:56}
BEGIN @226 {TXH:57 STREAM:6 NAME:req TIME=0  TYPE="Begin_End, Link" LABEL:"" DESC=""}
  LINK @226 {TXH1:50 TXH2:57 RELATION=child}
  SET_ATTR @246 {TXH:57 NAME:op_type VALUE:33603684309229924   RADIX:UVM_STRING BITS=56}
  SET_ATTR @246 {TXH:57 NAME:addr VALUE:68   RADIX:UVM_HEX BITS=32}
  SET_ATTR @246 {TXH:57 NAME:din VALUE:169   RADIX:UVM_HEX BITS=8}
  SET_ATTR @246 {TXH:57 NAME:dout VALUE:2   RADIX:UVM_HEX BITS=8}
  SET_ATTR @246 {TXH:57 NAME:valid_sb VALUE:0   RADIX:UVM_HEX BITS=1}
  SET_ATTR @246 {TXH:57 NAME:transaction_id VALUE:6   RADIX:UVM_DEC BITS=32}
END @246 {TXH:57 TIME=0}
FREE @246 {TXH:57}
BEGIN @246 {TXH:58 STREAM:6 NAME:req TIME=0  TYPE="Begin_End, Link" LABEL:"" DESC=""}
  LINK @246 {TXH1:50 TXH2:58 RELATION=child}
  SET_ATTR @266 {TXH:58 NAME:op_type VALUE:33603684309229924   RADIX:UVM_STRING BITS=56}
  SET_ATTR @266 {TXH:58 NAME:addr VALUE:68   RADIX:UVM_HEX BITS=32}
  SET_ATTR @266 {TXH:58 NAME:din VALUE:143   RADIX:UVM_HEX BITS=8}
  SET_ATTR @266 {TXH:58 NAME:dout VALUE:2   RADIX:UVM_HEX BITS=8}
  SET_ATTR @266 {TXH:58 NAME:valid_sb VALUE:0   RADIX:UVM_HEX BITS=1}
  SET_ATTR @266 {TXH:58 NAME:transaction_id VALUE:7   RADIX:UVM_DEC BITS=32}
END @266 {TXH:58 TIME=0}
FREE @266 {TXH:58}
BEGIN @266 {TXH:59 STREAM:6 NAME:req TIME=0  TYPE="Begin_End, Link" LABEL:"" DESC=""}
  LINK @266 {TXH1:50 TXH2:59 RELATION=child}
  SET_ATTR @286 {TXH:59 NAME:op_type VALUE:33603684309229924   RADIX:UVM_STRING BITS=56}
  SET_ATTR @286 {TXH:59 NAME:addr VALUE:68   RADIX:UVM_HEX BITS=32}
  SET_ATTR @286 {TXH:59 NAME:din VALUE:134   RADIX:UVM_HEX BITS=8}
  SET_ATTR @286 {TXH:59 NAME:dout VALUE:2   RADIX:UVM_HEX BITS=8}
  SET_ATTR @286 {TXH:59 NAME:valid_sb VALUE:0   RADIX:UVM_HEX BITS=1}
  SET_ATTR @286 {TXH:59 NAME:transaction_id VALUE:8   RADIX:UVM_DEC BITS=32}
END @286 {TXH:59 TIME=0}
FREE @286 {TXH:59}
BEGIN @286 {TXH:60 STREAM:6 NAME:req TIME=0  TYPE="Begin_End, Link" LABEL:"" DESC=""}
  LINK @286 {TXH1:50 TXH2:60 RELATION=child}
END @300 {TXH:2 TIME=0}
FREE @300 {TXH:2}
END @300 {TXH:42 TIME=0}
FREE @300 {TXH:42}
  SET_ATTR @306 {TXH:60 NAME:op_type VALUE:33603684309229924   RADIX:UVM_STRING BITS=56}
  SET_ATTR @306 {TXH:60 NAME:addr VALUE:68   RADIX:UVM_HEX BITS=32}
  SET_ATTR @306 {TXH:60 NAME:din VALUE:150   RADIX:UVM_HEX BITS=8}
  SET_ATTR @306 {TXH:60 NAME:dout VALUE:2   RADIX:UVM_HEX BITS=8}
  SET_ATTR @306 {TXH:60 NAME:valid_sb VALUE:0   RADIX:UVM_HEX BITS=1}
  SET_ATTR @306 {TXH:60 NAME:transaction_id VALUE:9   RADIX:UVM_DEC BITS=32}
END @306 {TXH:60 TIME=0}
FREE @306 {TXH:60}
BEGIN @306 {TXH:61 STREAM:6 NAME:req TIME=0  TYPE="Begin_End, Link" LABEL:"" DESC=""}
  LINK @306 {TXH1:50 TXH2:61 RELATION=child}
  SET_ATTR @326 {TXH:61 NAME:op_type VALUE:33603684309229924   RADIX:UVM_STRING BITS=56}
  SET_ATTR @326 {TXH:61 NAME:addr VALUE:68   RADIX:UVM_HEX BITS=32}
  SET_ATTR @326 {TXH:61 NAME:din VALUE:18   RADIX:UVM_HEX BITS=8}
  SET_ATTR @326 {TXH:61 NAME:dout VALUE:2   RADIX:UVM_HEX BITS=8}
  SET_ATTR @326 {TXH:61 NAME:valid_sb VALUE:0   RADIX:UVM_HEX BITS=1}
  SET_ATTR @326 {TXH:61 NAME:transaction_id VALUE:10   RADIX:UVM_DEC BITS=32}
END @326 {TXH:61 TIME=0}
FREE @326 {TXH:61}
BEGIN @326 {TXH:62 STREAM:6 NAME:req TIME=0  TYPE="Begin_End, Link" LABEL:"" DESC=""}
  LINK @326 {TXH1:50 TXH2:62 RELATION=child}
  SET_ATTR @346 {TXH:62 NAME:op_type VALUE:33603684309229924   RADIX:UVM_STRING BITS=56}
  SET_ATTR @346 {TXH:62 NAME:addr VALUE:68   RADIX:UVM_HEX BITS=32}
  SET_ATTR @346 {TXH:62 NAME:din VALUE:241   RADIX:UVM_HEX BITS=8}
  SET_ATTR @346 {TXH:62 NAME:dout VALUE:2   RADIX:UVM_HEX BITS=8}
  SET_ATTR @346 {TXH:62 NAME:valid_sb VALUE:0   RADIX:UVM_HEX BITS=1}
  SET_ATTR @346 {TXH:62 NAME:transaction_id VALUE:11   RADIX:UVM_DEC BITS=32}
END @346 {TXH:62 TIME=0}
FREE @346 {TXH:62}
BEGIN @346 {TXH:63 STREAM:6 NAME:req TIME=0  TYPE="Begin_End, Link" LABEL:"" DESC=""}
  LINK @346 {TXH1:50 TXH2:63 RELATION=child}
  SET_ATTR @366 {TXH:63 NAME:op_type VALUE:33603684309229924   RADIX:UVM_STRING BITS=56}
  SET_ATTR @366 {TXH:63 NAME:addr VALUE:68   RADIX:UVM_HEX BITS=32}
  SET_ATTR @366 {TXH:63 NAME:din VALUE:250   RADIX:UVM_HEX BITS=8}
  SET_ATTR @366 {TXH:63 NAME:dout VALUE:2   RADIX:UVM_HEX BITS=8}
  SET_ATTR @366 {TXH:63 NAME:valid_sb VALUE:0   RADIX:UVM_HEX BITS=1}
  SET_ATTR @366 {TXH:63 NAME:transaction_id VALUE:12   RADIX:UVM_DEC BITS=32}
END @366 {TXH:63 TIME=0}
FREE @366 {TXH:63}
BEGIN @366 {TXH:64 STREAM:6 NAME:req TIME=0  TYPE="Begin_End, Link" LABEL:"" DESC=""}
  LINK @366 {TXH1:50 TXH2:64 RELATION=child}
  SET_ATTR @386 {TXH:64 NAME:op_type VALUE:33603684309229924   RADIX:UVM_STRING BITS=56}
  SET_ATTR @386 {TXH:64 NAME:addr VALUE:68   RADIX:UVM_HEX BITS=32}
  SET_ATTR @386 {TXH:64 NAME:din VALUE:159   RADIX:UVM_HEX BITS=8}
  SET_ATTR @386 {TXH:64 NAME:dout VALUE:2   RADIX:UVM_HEX BITS=8}
  SET_ATTR @386 {TXH:64 NAME:valid_sb VALUE:0   RADIX:UVM_HEX BITS=1}
  SET_ATTR @386 {TXH:64 NAME:transaction_id VALUE:13   RADIX:UVM_DEC BITS=32}
END @386 {TXH:64 TIME=0}
FREE @386 {TXH:64}
BEGIN @386 {TXH:65 STREAM:6 NAME:req TIME=0  TYPE="Begin_End, Link" LABEL:"" DESC=""}
  LINK @386 {TXH1:50 TXH2:65 RELATION=child}
  SET_ATTR @406 {TXH:65 NAME:op_type VALUE:33603684309229924   RADIX:UVM_STRING BITS=56}
  SET_ATTR @406 {TXH:65 NAME:addr VALUE:68   RADIX:UVM_HEX BITS=32}
  SET_ATTR @406 {TXH:65 NAME:din VALUE:21   RADIX:UVM_HEX BITS=8}
  SET_ATTR @406 {TXH:65 NAME:dout VALUE:2   RADIX:UVM_HEX BITS=8}
  SET_ATTR @406 {TXH:65 NAME:valid_sb VALUE:0   RADIX:UVM_HEX BITS=1}
  SET_ATTR @406 {TXH:65 NAME:transaction_id VALUE:14   RADIX:UVM_DEC BITS=32}
END @406 {TXH:65 TIME=0}
FREE @406 {TXH:65}
BEGIN @406 {TXH:66 STREAM:6 NAME:req TIME=0  TYPE="Begin_End, Link" LABEL:"" DESC=""}
  LINK @406 {TXH1:50 TXH2:66 RELATION=child}
  SET_ATTR @426 {TXH:66 NAME:op_type VALUE:33603684309229924   RADIX:UVM_STRING BITS=56}
  SET_ATTR @426 {TXH:66 NAME:addr VALUE:68   RADIX:UVM_HEX BITS=32}
  SET_ATTR @426 {TXH:66 NAME:din VALUE:180   RADIX:UVM_HEX BITS=8}
  SET_ATTR @426 {TXH:66 NAME:dout VALUE:2   RADIX:UVM_HEX BITS=8}
  SET_ATTR @426 {TXH:66 NAME:valid_sb VALUE:0   RADIX:UVM_HEX BITS=1}
  SET_ATTR @426 {TXH:66 NAME:transaction_id VALUE:15   RADIX:UVM_DEC BITS=32}
END @426 {TXH:66 TIME=0}
FREE @426 {TXH:66}
BEGIN @426 {TXH:67 STREAM:6 NAME:req TIME=0  TYPE="Begin_End, Link" LABEL:"" DESC=""}
  LINK @426 {TXH1:50 TXH2:67 RELATION=child}
  SET_ATTR @446 {TXH:67 NAME:op_type VALUE:33603684309229924   RADIX:UVM_STRING BITS=56}
  SET_ATTR @446 {TXH:67 NAME:addr VALUE:68   RADIX:UVM_HEX BITS=32}
  SET_ATTR @446 {TXH:67 NAME:din VALUE:59   RADIX:UVM_HEX BITS=8}
  SET_ATTR @446 {TXH:67 NAME:dout VALUE:2   RADIX:UVM_HEX BITS=8}
  SET_ATTR @446 {TXH:67 NAME:valid_sb VALUE:0   RADIX:UVM_HEX BITS=1}
  SET_ATTR @446 {TXH:67 NAME:transaction_id VALUE:16   RADIX:UVM_DEC BITS=32}
END @446 {TXH:67 TIME=0}
FREE @446 {TXH:67}
BEGIN @446 {TXH:68 STREAM:6 NAME:req TIME=0  TYPE="Begin_End, Link" LABEL:"" DESC=""}
  LINK @446 {TXH1:50 TXH2:68 RELATION=child}
  SET_ATTR @466 {TXH:68 NAME:op_type VALUE:33603684309229924   RADIX:UVM_STRING BITS=56}
  SET_ATTR @466 {TXH:68 NAME:addr VALUE:68   RADIX:UVM_HEX BITS=32}
  SET_ATTR @466 {TXH:68 NAME:din VALUE:117   RADIX:UVM_HEX BITS=8}
  SET_ATTR @466 {TXH:68 NAME:dout VALUE:2   RADIX:UVM_HEX BITS=8}
  SET_ATTR @466 {TXH:68 NAME:valid_sb VALUE:0   RADIX:UVM_HEX BITS=1}
  SET_ATTR @466 {TXH:68 NAME:transaction_id VALUE:17   RADIX:UVM_DEC BITS=32}
END @466 {TXH:68 TIME=0}
FREE @466 {TXH:68}
BEGIN @466 {TXH:69 STREAM:6 NAME:req TIME=0  TYPE="Begin_End, Link" LABEL:"" DESC=""}
  LINK @466 {TXH1:50 TXH2:69 RELATION=child}
  SET_ATTR @486 {TXH:69 NAME:op_type VALUE:33603684309229924   RADIX:UVM_STRING BITS=56}
  SET_ATTR @486 {TXH:69 NAME:addr VALUE:68   RADIX:UVM_HEX BITS=32}
  SET_ATTR @486 {TXH:69 NAME:din VALUE:189   RADIX:UVM_HEX BITS=8}
  SET_ATTR @486 {TXH:69 NAME:dout VALUE:2   RADIX:UVM_HEX BITS=8}
  SET_ATTR @486 {TXH:69 NAME:valid_sb VALUE:0   RADIX:UVM_HEX BITS=1}
  SET_ATTR @486 {TXH:69 NAME:transaction_id VALUE:18   RADIX:UVM_DEC BITS=32}
END @486 {TXH:69 TIME=0}
FREE @486 {TXH:69}
BEGIN @486 {TXH:70 STREAM:6 NAME:req TIME=0  TYPE="Begin_End, Link" LABEL:"" DESC=""}
  LINK @486 {TXH1:50 TXH2:70 RELATION=child}
  SET_ATTR @506 {TXH:70 NAME:op_type VALUE:33603684309229924   RADIX:UVM_STRING BITS=56}
  SET_ATTR @506 {TXH:70 NAME:addr VALUE:68   RADIX:UVM_HEX BITS=32}
  SET_ATTR @506 {TXH:70 NAME:din VALUE:161   RADIX:UVM_HEX BITS=8}
  SET_ATTR @506 {TXH:70 NAME:dout VALUE:2   RADIX:UVM_HEX BITS=8}
  SET_ATTR @506 {TXH:70 NAME:valid_sb VALUE:0   RADIX:UVM_HEX BITS=1}
  SET_ATTR @506 {TXH:70 NAME:transaction_id VALUE:19   RADIX:UVM_DEC BITS=32}
END @506 {TXH:70 TIME=0}
FREE @506 {TXH:70}
BEGIN @506 {TXH:71 STREAM:6 NAME:req TIME=0  TYPE="Begin_End, Link" LABEL:"" DESC=""}
  LINK @506 {TXH1:50 TXH2:71 RELATION=child}
  SET_ATTR @526 {TXH:71 NAME:op_type VALUE:33603684309229924   RADIX:UVM_STRING BITS=56}
  SET_ATTR @526 {TXH:71 NAME:addr VALUE:68   RADIX:UVM_HEX BITS=32}
  SET_ATTR @526 {TXH:71 NAME:din VALUE:4   RADIX:UVM_HEX BITS=8}
  SET_ATTR @526 {TXH:71 NAME:dout VALUE:2   RADIX:UVM_HEX BITS=8}
  SET_ATTR @526 {TXH:71 NAME:valid_sb VALUE:0   RADIX:UVM_HEX BITS=1}
  SET_ATTR @526 {TXH:71 NAME:transaction_id VALUE:20   RADIX:UVM_DEC BITS=32}
END @526 {TXH:71 TIME=0}
FREE @526 {TXH:71}
BEGIN @526 {TXH:72 STREAM:6 NAME:req TIME=0  TYPE="Begin_End, Link" LABEL:"" DESC=""}
  LINK @526 {TXH1:50 TXH2:72 RELATION=child}
  SET_ATTR @546 {TXH:72 NAME:op_type VALUE:33603684309229924   RADIX:UVM_STRING BITS=56}
  SET_ATTR @546 {TXH:72 NAME:addr VALUE:68   RADIX:UVM_HEX BITS=32}
  SET_ATTR @546 {TXH:72 NAME:din VALUE:238   RADIX:UVM_HEX BITS=8}
  SET_ATTR @546 {TXH:72 NAME:dout VALUE:2   RADIX:UVM_HEX BITS=8}
  SET_ATTR @546 {TXH:72 NAME:valid_sb VALUE:0   RADIX:UVM_HEX BITS=1}
  SET_ATTR @546 {TXH:72 NAME:transaction_id VALUE:21   RADIX:UVM_DEC BITS=32}
END @546 {TXH:72 TIME=0}
FREE @546 {TXH:72}
BEGIN @546 {TXH:73 STREAM:6 NAME:req TIME=0  TYPE="Begin_End, Link" LABEL:"" DESC=""}
  LINK @546 {TXH1:50 TXH2:73 RELATION=child}
  SET_ATTR @566 {TXH:73 NAME:op_type VALUE:33603684309229924   RADIX:UVM_STRING BITS=56}
  SET_ATTR @566 {TXH:73 NAME:addr VALUE:68   RADIX:UVM_HEX BITS=32}
  SET_ATTR @566 {TXH:73 NAME:din VALUE:214   RADIX:UVM_HEX BITS=8}
  SET_ATTR @566 {TXH:73 NAME:dout VALUE:2   RADIX:UVM_HEX BITS=8}
  SET_ATTR @566 {TXH:73 NAME:valid_sb VALUE:0   RADIX:UVM_HEX BITS=1}
  SET_ATTR @566 {TXH:73 NAME:transaction_id VALUE:22   RADIX:UVM_DEC BITS=32}
END @566 {TXH:73 TIME=0}
FREE @566 {TXH:73}
BEGIN @566 {TXH:74 STREAM:6 NAME:req TIME=0  TYPE="Begin_End, Link" LABEL:"" DESC=""}
  LINK @566 {TXH1:50 TXH2:74 RELATION=child}
  SET_ATTR @586 {TXH:74 NAME:op_type VALUE:33603684309229924   RADIX:UVM_STRING BITS=56}
  SET_ATTR @586 {TXH:74 NAME:addr VALUE:68   RADIX:UVM_HEX BITS=32}
  SET_ATTR @586 {TXH:74 NAME:din VALUE:207   RADIX:UVM_HEX BITS=8}
  SET_ATTR @586 {TXH:74 NAME:dout VALUE:2   RADIX:UVM_HEX BITS=8}
  SET_ATTR @586 {TXH:74 NAME:valid_sb VALUE:0   RADIX:UVM_HEX BITS=1}
  SET_ATTR @586 {TXH:74 NAME:transaction_id VALUE:23   RADIX:UVM_DEC BITS=32}
END @586 {TXH:74 TIME=0}
FREE @586 {TXH:74}
BEGIN @586 {TXH:75 STREAM:6 NAME:req TIME=0  TYPE="Begin_End, Link" LABEL:"" DESC=""}
  LINK @586 {TXH1:50 TXH2:75 RELATION=child}
  SET_ATTR @606 {TXH:75 NAME:op_type VALUE:33603684309229924   RADIX:UVM_STRING BITS=56}
  SET_ATTR @606 {TXH:75 NAME:addr VALUE:68   RADIX:UVM_HEX BITS=32}
  SET_ATTR @606 {TXH:75 NAME:din VALUE:54   RADIX:UVM_HEX BITS=8}
  SET_ATTR @606 {TXH:75 NAME:dout VALUE:2   RADIX:UVM_HEX BITS=8}
  SET_ATTR @606 {TXH:75 NAME:valid_sb VALUE:0   RADIX:UVM_HEX BITS=1}
  SET_ATTR @606 {TXH:75 NAME:transaction_id VALUE:24   RADIX:UVM_DEC BITS=32}
END @606 {TXH:75 TIME=0}
FREE @606 {TXH:75}
BEGIN @606 {TXH:76 STREAM:6 NAME:req TIME=0  TYPE="Begin_End, Link" LABEL:"" DESC=""}
  LINK @606 {TXH1:50 TXH2:76 RELATION=child}
  SET_ATTR @626 {TXH:76 NAME:op_type VALUE:33603684309229924   RADIX:UVM_STRING BITS=56}
  SET_ATTR @626 {TXH:76 NAME:addr VALUE:68   RADIX:UVM_HEX BITS=32}
  SET_ATTR @626 {TXH:76 NAME:din VALUE:120   RADIX:UVM_HEX BITS=8}
  SET_ATTR @626 {TXH:76 NAME:dout VALUE:2   RADIX:UVM_HEX BITS=8}
  SET_ATTR @626 {TXH:76 NAME:valid_sb VALUE:0   RADIX:UVM_HEX BITS=1}
  SET_ATTR @626 {TXH:76 NAME:transaction_id VALUE:25   RADIX:UVM_DEC BITS=32}
END @626 {TXH:76 TIME=0}
FREE @626 {TXH:76}
BEGIN @626 {TXH:77 STREAM:6 NAME:req TIME=0  TYPE="Begin_End, Link" LABEL:"" DESC=""}
  LINK @626 {TXH1:50 TXH2:77 RELATION=child}
  SET_ATTR @646 {TXH:77 NAME:op_type VALUE:33603684309229924   RADIX:UVM_STRING BITS=56}
  SET_ATTR @646 {TXH:77 NAME:addr VALUE:68   RADIX:UVM_HEX BITS=32}
  SET_ATTR @646 {TXH:77 NAME:din VALUE:106   RADIX:UVM_HEX BITS=8}
  SET_ATTR @646 {TXH:77 NAME:dout VALUE:2   RADIX:UVM_HEX BITS=8}
  SET_ATTR @646 {TXH:77 NAME:valid_sb VALUE:0   RADIX:UVM_HEX BITS=1}
  SET_ATTR @646 {TXH:77 NAME:transaction_id VALUE:26   RADIX:UVM_DEC BITS=32}
END @646 {TXH:77 TIME=0}
FREE @646 {TXH:77}
BEGIN @646 {TXH:78 STREAM:6 NAME:req TIME=0  TYPE="Begin_End, Link" LABEL:"" DESC=""}
  LINK @646 {TXH1:50 TXH2:78 RELATION=child}
  SET_ATTR @666 {TXH:78 NAME:op_type VALUE:33603684309229924   RADIX:UVM_STRING BITS=56}
  SET_ATTR @666 {TXH:78 NAME:addr VALUE:68   RADIX:UVM_HEX BITS=32}
  SET_ATTR @666 {TXH:78 NAME:din VALUE:137   RADIX:UVM_HEX BITS=8}
  SET_ATTR @666 {TXH:78 NAME:dout VALUE:2   RADIX:UVM_HEX BITS=8}
  SET_ATTR @666 {TXH:78 NAME:valid_sb VALUE:0   RADIX:UVM_HEX BITS=1}
  SET_ATTR @666 {TXH:78 NAME:transaction_id VALUE:27   RADIX:UVM_DEC BITS=32}
END @666 {TXH:78 TIME=0}
FREE @666 {TXH:78}
BEGIN @666 {TXH:79 STREAM:6 NAME:req TIME=0  TYPE="Begin_End, Link" LABEL:"" DESC=""}
  LINK @666 {TXH1:50 TXH2:79 RELATION=child}
  SET_ATTR @686 {TXH:79 NAME:op_type VALUE:33603684309229924   RADIX:UVM_STRING BITS=56}
  SET_ATTR @686 {TXH:79 NAME:addr VALUE:68   RADIX:UVM_HEX BITS=32}
  SET_ATTR @686 {TXH:79 NAME:din VALUE:193   RADIX:UVM_HEX BITS=8}
  SET_ATTR @686 {TXH:79 NAME:dout VALUE:2   RADIX:UVM_HEX BITS=8}
  SET_ATTR @686 {TXH:79 NAME:valid_sb VALUE:0   RADIX:UVM_HEX BITS=1}
  SET_ATTR @686 {TXH:79 NAME:transaction_id VALUE:28   RADIX:UVM_DEC BITS=32}
END @686 {TXH:79 TIME=0}
FREE @686 {TXH:79}
BEGIN @686 {TXH:80 STREAM:6 NAME:req TIME=0  TYPE="Begin_End, Link" LABEL:"" DESC=""}
  LINK @686 {TXH1:50 TXH2:80 RELATION=child}
  SET_ATTR @706 {TXH:80 NAME:op_type VALUE:33603684309229924   RADIX:UVM_STRING BITS=56}
  SET_ATTR @706 {TXH:80 NAME:addr VALUE:68   RADIX:UVM_HEX BITS=32}
  SET_ATTR @706 {TXH:80 NAME:din VALUE:145   RADIX:UVM_HEX BITS=8}
  SET_ATTR @706 {TXH:80 NAME:dout VALUE:2   RADIX:UVM_HEX BITS=8}
  SET_ATTR @706 {TXH:80 NAME:valid_sb VALUE:0   RADIX:UVM_HEX BITS=1}
  SET_ATTR @706 {TXH:80 NAME:transaction_id VALUE:29   RADIX:UVM_DEC BITS=32}
END @706 {TXH:80 TIME=0}
FREE @706 {TXH:80}
BEGIN @706 {TXH:81 STREAM:6 NAME:req TIME=0  TYPE="Begin_End, Link" LABEL:"" DESC=""}
  LINK @706 {TXH1:50 TXH2:81 RELATION=child}
  SET_ATTR @726 {TXH:81 NAME:op_type VALUE:33603684309229924   RADIX:UVM_STRING BITS=56}
  SET_ATTR @726 {TXH:81 NAME:addr VALUE:68   RADIX:UVM_HEX BITS=32}
  SET_ATTR @726 {TXH:81 NAME:din VALUE:79   RADIX:UVM_HEX BITS=8}
  SET_ATTR @726 {TXH:81 NAME:dout VALUE:2   RADIX:UVM_HEX BITS=8}
  SET_ATTR @726 {TXH:81 NAME:valid_sb VALUE:0   RADIX:UVM_HEX BITS=1}
  SET_ATTR @726 {TXH:81 NAME:transaction_id VALUE:30   RADIX:UVM_DEC BITS=32}
END @726 {TXH:81 TIME=0}
FREE @726 {TXH:81}
BEGIN @726 {TXH:82 STREAM:6 NAME:req TIME=0  TYPE="Begin_End, Link" LABEL:"" DESC=""}
  LINK @726 {TXH1:50 TXH2:82 RELATION=child}
  SET_ATTR @746 {TXH:82 NAME:op_type VALUE:33603684309229924   RADIX:UVM_STRING BITS=56}
  SET_ATTR @746 {TXH:82 NAME:addr VALUE:68   RADIX:UVM_HEX BITS=32}
  SET_ATTR @746 {TXH:82 NAME:din VALUE:186   RADIX:UVM_HEX BITS=8}
  SET_ATTR @746 {TXH:82 NAME:dout VALUE:2   RADIX:UVM_HEX BITS=8}
  SET_ATTR @746 {TXH:82 NAME:valid_sb VALUE:0   RADIX:UVM_HEX BITS=1}
  SET_ATTR @746 {TXH:82 NAME:transaction_id VALUE:31   RADIX:UVM_DEC BITS=32}
END @746 {TXH:82 TIME=0}
FREE @746 {TXH:82}
BEGIN @746 {TXH:83 STREAM:6 NAME:req TIME=0  TYPE="Begin_End, Link" LABEL:"" DESC=""}
  LINK @746 {TXH1:50 TXH2:83 RELATION=child}
  SET_ATTR @766 {TXH:83 NAME:op_type VALUE:33603684309229924   RADIX:UVM_STRING BITS=56}
  SET_ATTR @766 {TXH:83 NAME:addr VALUE:68   RADIX:UVM_HEX BITS=32}
  SET_ATTR @766 {TXH:83 NAME:din VALUE:101   RADIX:UVM_HEX BITS=8}
  SET_ATTR @766 {TXH:83 NAME:dout VALUE:2   RADIX:UVM_HEX BITS=8}
  SET_ATTR @766 {TXH:83 NAME:valid_sb VALUE:0   RADIX:UVM_HEX BITS=1}
  SET_ATTR @766 {TXH:83 NAME:transaction_id VALUE:32   RADIX:UVM_DEC BITS=32}
END @766 {TXH:83 TIME=0}
FREE @766 {TXH:83}
BEGIN @766 {TXH:84 STREAM:6 NAME:req TIME=0  TYPE="Begin_End, Link" LABEL:"" DESC=""}
  LINK @766 {TXH1:50 TXH2:84 RELATION=child}
  SET_ATTR @786 {TXH:84 NAME:op_type VALUE:33603684309229924   RADIX:UVM_STRING BITS=56}
  SET_ATTR @786 {TXH:84 NAME:addr VALUE:68   RADIX:UVM_HEX BITS=32}
  SET_ATTR @786 {TXH:84 NAME:din VALUE:158   RADIX:UVM_HEX BITS=8}
  SET_ATTR @786 {TXH:84 NAME:dout VALUE:2   RADIX:UVM_HEX BITS=8}
  SET_ATTR @786 {TXH:84 NAME:valid_sb VALUE:0   RADIX:UVM_HEX BITS=1}
  SET_ATTR @786 {TXH:84 NAME:transaction_id VALUE:33   RADIX:UVM_DEC BITS=32}
END @786 {TXH:84 TIME=0}
FREE @786 {TXH:84}
BEGIN @786 {TXH:85 STREAM:6 NAME:req TIME=0  TYPE="Begin_End, Link" LABEL:"" DESC=""}
  LINK @786 {TXH1:50 TXH2:85 RELATION=child}
  SET_ATTR @806 {TXH:85 NAME:op_type VALUE:33603684309229924   RADIX:UVM_STRING BITS=56}
  SET_ATTR @806 {TXH:85 NAME:addr VALUE:68   RADIX:UVM_HEX BITS=32}
  SET_ATTR @806 {TXH:85 NAME:din VALUE:134   RADIX:UVM_HEX BITS=8}
  SET_ATTR @806 {TXH:85 NAME:dout VALUE:2   RADIX:UVM_HEX BITS=8}
  SET_ATTR @806 {TXH:85 NAME:valid_sb VALUE:0   RADIX:UVM_HEX BITS=1}
  SET_ATTR @806 {TXH:85 NAME:transaction_id VALUE:34   RADIX:UVM_DEC BITS=32}
END @806 {TXH:85 TIME=0}
FREE @806 {TXH:85}
BEGIN @806 {TXH:86 STREAM:6 NAME:req TIME=0  TYPE="Begin_End, Link" LABEL:"" DESC=""}
  LINK @806 {TXH1:50 TXH2:86 RELATION=child}
  SET_ATTR @826 {TXH:86 NAME:op_type VALUE:33603684309229924   RADIX:UVM_STRING BITS=56}
  SET_ATTR @826 {TXH:86 NAME:addr VALUE:68   RADIX:UVM_HEX BITS=32}
  SET_ATTR @826 {TXH:86 NAME:din VALUE:153   RADIX:UVM_HEX BITS=8}
  SET_ATTR @826 {TXH:86 NAME:dout VALUE:2   RADIX:UVM_HEX BITS=8}
  SET_ATTR @826 {TXH:86 NAME:valid_sb VALUE:0   RADIX:UVM_HEX BITS=1}
  SET_ATTR @826 {TXH:86 NAME:transaction_id VALUE:35   RADIX:UVM_DEC BITS=32}
END @826 {TXH:86 TIME=0}
FREE @826 {TXH:86}
BEGIN @826 {TXH:87 STREAM:6 NAME:req TIME=0  TYPE="Begin_End, Link" LABEL:"" DESC=""}
  LINK @826 {TXH1:50 TXH2:87 RELATION=child}
  SET_ATTR @846 {TXH:87 NAME:op_type VALUE:33603684309229924   RADIX:UVM_STRING BITS=56}
  SET_ATTR @846 {TXH:87 NAME:addr VALUE:68   RADIX:UVM_HEX BITS=32}
  SET_ATTR @846 {TXH:87 NAME:din VALUE:151   RADIX:UVM_HEX BITS=8}
  SET_ATTR @846 {TXH:87 NAME:dout VALUE:2   RADIX:UVM_HEX BITS=8}
  SET_ATTR @846 {TXH:87 NAME:valid_sb VALUE:0   RADIX:UVM_HEX BITS=1}
  SET_ATTR @846 {TXH:87 NAME:transaction_id VALUE:36   RADIX:UVM_DEC BITS=32}
END @846 {TXH:87 TIME=0}
FREE @846 {TXH:87}
BEGIN @846 {TXH:88 STREAM:6 NAME:req TIME=0  TYPE="Begin_End, Link" LABEL:"" DESC=""}
  LINK @846 {TXH1:50 TXH2:88 RELATION=child}
  SET_ATTR @866 {TXH:88 NAME:op_type VALUE:33603684309229924   RADIX:UVM_STRING BITS=56}
  SET_ATTR @866 {TXH:88 NAME:addr VALUE:68   RADIX:UVM_HEX BITS=32}
  SET_ATTR @866 {TXH:88 NAME:din VALUE:114   RADIX:UVM_HEX BITS=8}
  SET_ATTR @866 {TXH:88 NAME:dout VALUE:2   RADIX:UVM_HEX BITS=8}
  SET_ATTR @866 {TXH:88 NAME:valid_sb VALUE:0   RADIX:UVM_HEX BITS=1}
  SET_ATTR @866 {TXH:88 NAME:transaction_id VALUE:37   RADIX:UVM_DEC BITS=32}
END @866 {TXH:88 TIME=0}
FREE @866 {TXH:88}
BEGIN @866 {TXH:89 STREAM:6 NAME:req TIME=0  TYPE="Begin_End, Link" LABEL:"" DESC=""}
  LINK @866 {TXH1:50 TXH2:89 RELATION=child}
  SET_ATTR @886 {TXH:89 NAME:op_type VALUE:33603684309229924   RADIX:UVM_STRING BITS=56}
  SET_ATTR @886 {TXH:89 NAME:addr VALUE:68   RADIX:UVM_HEX BITS=32}
  SET_ATTR @886 {TXH:89 NAME:din VALUE:59   RADIX:UVM_HEX BITS=8}
  SET_ATTR @886 {TXH:89 NAME:dout VALUE:2   RADIX:UVM_HEX BITS=8}
  SET_ATTR @886 {TXH:89 NAME:valid_sb VALUE:0   RADIX:UVM_HEX BITS=1}
  SET_ATTR @886 {TXH:89 NAME:transaction_id VALUE:38   RADIX:UVM_DEC BITS=32}
END @886 {TXH:89 TIME=0}
FREE @886 {TXH:89}
BEGIN @886 {TXH:90 STREAM:6 NAME:req TIME=0  TYPE="Begin_End, Link" LABEL:"" DESC=""}
  LINK @886 {TXH1:50 TXH2:90 RELATION=child}
  SET_ATTR @906 {TXH:90 NAME:op_type VALUE:33603684309229924   RADIX:UVM_STRING BITS=56}
  SET_ATTR @906 {TXH:90 NAME:addr VALUE:68   RADIX:UVM_HEX BITS=32}
  SET_ATTR @906 {TXH:90 NAME:din VALUE:203   RADIX:UVM_HEX BITS=8}
  SET_ATTR @906 {TXH:90 NAME:dout VALUE:2   RADIX:UVM_HEX BITS=8}
  SET_ATTR @906 {TXH:90 NAME:valid_sb VALUE:0   RADIX:UVM_HEX BITS=1}
  SET_ATTR @906 {TXH:90 NAME:transaction_id VALUE:39   RADIX:UVM_DEC BITS=32}
END @906 {TXH:90 TIME=0}
FREE @906 {TXH:90}
BEGIN @906 {TXH:91 STREAM:6 NAME:req TIME=0  TYPE="Begin_End, Link" LABEL:"" DESC=""}
  LINK @906 {TXH1:50 TXH2:91 RELATION=child}
  SET_ATTR @926 {TXH:91 NAME:op_type VALUE:33603684309229924   RADIX:UVM_STRING BITS=56}
  SET_ATTR @926 {TXH:91 NAME:addr VALUE:68   RADIX:UVM_HEX BITS=32}
  SET_ATTR @926 {TXH:91 NAME:din VALUE:217   RADIX:UVM_HEX BITS=8}
  SET_ATTR @926 {TXH:91 NAME:dout VALUE:2   RADIX:UVM_HEX BITS=8}
  SET_ATTR @926 {TXH:91 NAME:valid_sb VALUE:0   RADIX:UVM_HEX BITS=1}
  SET_ATTR @926 {TXH:91 NAME:transaction_id VALUE:40   RADIX:UVM_DEC BITS=32}
END @926 {TXH:91 TIME=0}
FREE @926 {TXH:91}
BEGIN @926 {TXH:92 STREAM:6 NAME:req TIME=0  TYPE="Begin_End, Link" LABEL:"" DESC=""}
  LINK @926 {TXH1:50 TXH2:92 RELATION=child}
  SET_ATTR @946 {TXH:92 NAME:op_type VALUE:33603684309229924   RADIX:UVM_STRING BITS=56}
  SET_ATTR @946 {TXH:92 NAME:addr VALUE:68   RADIX:UVM_HEX BITS=32}
  SET_ATTR @946 {TXH:92 NAME:din VALUE:125   RADIX:UVM_HEX BITS=8}
  SET_ATTR @946 {TXH:92 NAME:dout VALUE:2   RADIX:UVM_HEX BITS=8}
  SET_ATTR @946 {TXH:92 NAME:valid_sb VALUE:0   RADIX:UVM_HEX BITS=1}
  SET_ATTR @946 {TXH:92 NAME:transaction_id VALUE:41   RADIX:UVM_DEC BITS=32}
END @946 {TXH:92 TIME=0}
FREE @946 {TXH:92}
BEGIN @946 {TXH:93 STREAM:6 NAME:req TIME=0  TYPE="Begin_End, Link" LABEL:"" DESC=""}
  LINK @946 {TXH1:50 TXH2:93 RELATION=child}
  SET_ATTR @966 {TXH:93 NAME:op_type VALUE:33603684309229924   RADIX:UVM_STRING BITS=56}
  SET_ATTR @966 {TXH:93 NAME:addr VALUE:68   RADIX:UVM_HEX BITS=32}
  SET_ATTR @966 {TXH:93 NAME:din VALUE:164   RADIX:UVM_HEX BITS=8}
  SET_ATTR @966 {TXH:93 NAME:dout VALUE:2   RADIX:UVM_HEX BITS=8}
  SET_ATTR @966 {TXH:93 NAME:valid_sb VALUE:0   RADIX:UVM_HEX BITS=1}
  SET_ATTR @966 {TXH:93 NAME:transaction_id VALUE:42   RADIX:UVM_DEC BITS=32}
END @966 {TXH:93 TIME=0}
FREE @966 {TXH:93}
BEGIN @966 {TXH:94 STREAM:6 NAME:req TIME=0  TYPE="Begin_End, Link" LABEL:"" DESC=""}
  LINK @966 {TXH1:50 TXH2:94 RELATION=child}
  SET_ATTR @986 {TXH:94 NAME:op_type VALUE:33603684309229924   RADIX:UVM_STRING BITS=56}
  SET_ATTR @986 {TXH:94 NAME:addr VALUE:68   RADIX:UVM_HEX BITS=32}
  SET_ATTR @986 {TXH:94 NAME:din VALUE:34   RADIX:UVM_HEX BITS=8}
  SET_ATTR @986 {TXH:94 NAME:dout VALUE:2   RADIX:UVM_HEX BITS=8}
  SET_ATTR @986 {TXH:94 NAME:valid_sb VALUE:0   RADIX:UVM_HEX BITS=1}
  SET_ATTR @986 {TXH:94 NAME:transaction_id VALUE:43   RADIX:UVM_DEC BITS=32}
END @986 {TXH:94 TIME=0}
FREE @986 {TXH:94}
BEGIN @986 {TXH:95 STREAM:6 NAME:req TIME=0  TYPE="Begin_End, Link" LABEL:"" DESC=""}
  LINK @986 {TXH1:50 TXH2:95 RELATION=child}
  SET_ATTR @1006 {TXH:95 NAME:op_type VALUE:33603684309229924   RADIX:UVM_STRING BITS=56}
  SET_ATTR @1006 {TXH:95 NAME:addr VALUE:68   RADIX:UVM_HEX BITS=32}
  SET_ATTR @1006 {TXH:95 NAME:din VALUE:131   RADIX:UVM_HEX BITS=8}
  SET_ATTR @1006 {TXH:95 NAME:dout VALUE:2   RADIX:UVM_HEX BITS=8}
  SET_ATTR @1006 {TXH:95 NAME:valid_sb VALUE:0   RADIX:UVM_HEX BITS=1}
  SET_ATTR @1006 {TXH:95 NAME:transaction_id VALUE:44   RADIX:UVM_DEC BITS=32}
END @1006 {TXH:95 TIME=0}
FREE @1006 {TXH:95}
BEGIN @1006 {TXH:96 STREAM:6 NAME:req TIME=0  TYPE="Begin_End, Link" LABEL:"" DESC=""}
  LINK @1006 {TXH1:50 TXH2:96 RELATION=child}
  SET_ATTR @1026 {TXH:96 NAME:op_type VALUE:33603684309229924   RADIX:UVM_STRING BITS=56}
  SET_ATTR @1026 {TXH:96 NAME:addr VALUE:68   RADIX:UVM_HEX BITS=32}
  SET_ATTR @1026 {TXH:96 NAME:din VALUE:229   RADIX:UVM_HEX BITS=8}
  SET_ATTR @1026 {TXH:96 NAME:dout VALUE:2   RADIX:UVM_HEX BITS=8}
  SET_ATTR @1026 {TXH:96 NAME:valid_sb VALUE:0   RADIX:UVM_HEX BITS=1}
  SET_ATTR @1026 {TXH:96 NAME:transaction_id VALUE:45   RADIX:UVM_DEC BITS=32}
END @1026 {TXH:96 TIME=0}
FREE @1026 {TXH:96}
BEGIN @1026 {TXH:97 STREAM:6 NAME:req TIME=0  TYPE="Begin_End, Link" LABEL:"" DESC=""}
  LINK @1026 {TXH1:50 TXH2:97 RELATION=child}
  SET_ATTR @1046 {TXH:97 NAME:op_type VALUE:33603684309229924   RADIX:UVM_STRING BITS=56}
  SET_ATTR @1046 {TXH:97 NAME:addr VALUE:68   RADIX:UVM_HEX BITS=32}
  SET_ATTR @1046 {TXH:97 NAME:din VALUE:240   RADIX:UVM_HEX BITS=8}
  SET_ATTR @1046 {TXH:97 NAME:dout VALUE:2   RADIX:UVM_HEX BITS=8}
  SET_ATTR @1046 {TXH:97 NAME:valid_sb VALUE:0   RADIX:UVM_HEX BITS=1}
  SET_ATTR @1046 {TXH:97 NAME:transaction_id VALUE:46   RADIX:UVM_DEC BITS=32}
END @1046 {TXH:97 TIME=0}
FREE @1046 {TXH:97}
BEGIN @1046 {TXH:98 STREAM:6 NAME:req TIME=0  TYPE="Begin_End, Link" LABEL:"" DESC=""}
  LINK @1046 {TXH1:50 TXH2:98 RELATION=child}
  SET_ATTR @1066 {TXH:98 NAME:op_type VALUE:33603684309229924   RADIX:UVM_STRING BITS=56}
  SET_ATTR @1066 {TXH:98 NAME:addr VALUE:68   RADIX:UVM_HEX BITS=32}
  SET_ATTR @1066 {TXH:98 NAME:din VALUE:76   RADIX:UVM_HEX BITS=8}
  SET_ATTR @1066 {TXH:98 NAME:dout VALUE:2   RADIX:UVM_HEX BITS=8}
  SET_ATTR @1066 {TXH:98 NAME:valid_sb VALUE:0   RADIX:UVM_HEX BITS=1}
  SET_ATTR @1066 {TXH:98 NAME:transaction_id VALUE:47   RADIX:UVM_DEC BITS=32}
END @1066 {TXH:98 TIME=0}
FREE @1066 {TXH:98}
BEGIN @1066 {TXH:99 STREAM:6 NAME:req TIME=0  TYPE="Begin_End, Link" LABEL:"" DESC=""}
  LINK @1066 {TXH1:50 TXH2:99 RELATION=child}
  SET_ATTR @1086 {TXH:99 NAME:op_type VALUE:33603684309229924   RADIX:UVM_STRING BITS=56}
  SET_ATTR @1086 {TXH:99 NAME:addr VALUE:68   RADIX:UVM_HEX BITS=32}
  SET_ATTR @1086 {TXH:99 NAME:din VALUE:232   RADIX:UVM_HEX BITS=8}
  SET_ATTR @1086 {TXH:99 NAME:dout VALUE:2   RADIX:UVM_HEX BITS=8}
  SET_ATTR @1086 {TXH:99 NAME:valid_sb VALUE:0   RADIX:UVM_HEX BITS=1}
  SET_ATTR @1086 {TXH:99 NAME:transaction_id VALUE:48   RADIX:UVM_DEC BITS=32}
END @1086 {TXH:99 TIME=0}
FREE @1086 {TXH:99}
BEGIN @1086 {TXH:100 STREAM:6 NAME:req TIME=0  TYPE="Begin_End, Link" LABEL:"" DESC=""}
  LINK @1086 {TXH1:50 TXH2:100 RELATION=child}
  SET_ATTR @1106 {TXH:100 NAME:op_type VALUE:33603684309229924   RADIX:UVM_STRING BITS=56}
  SET_ATTR @1106 {TXH:100 NAME:addr VALUE:68   RADIX:UVM_HEX BITS=32}
  SET_ATTR @1106 {TXH:100 NAME:din VALUE:233   RADIX:UVM_HEX BITS=8}
  SET_ATTR @1106 {TXH:100 NAME:dout VALUE:2   RADIX:UVM_HEX BITS=8}
  SET_ATTR @1106 {TXH:100 NAME:valid_sb VALUE:0   RADIX:UVM_HEX BITS=1}
  SET_ATTR @1106 {TXH:100 NAME:transaction_id VALUE:49   RADIX:UVM_DEC BITS=32}
END @1106 {TXH:100 TIME=0}
FREE @1106 {TXH:100}
BEGIN @1106 {TXH:101 STREAM:6 NAME:req TIME=0  TYPE="Begin_End, Link" LABEL:"" DESC=""}
  LINK @1106 {TXH1:50 TXH2:101 RELATION=child}
  SET_ATTR @1126 {TXH:101 NAME:op_type VALUE:33603684309229924   RADIX:UVM_STRING BITS=56}
  SET_ATTR @1126 {TXH:101 NAME:addr VALUE:68   RADIX:UVM_HEX BITS=32}
  SET_ATTR @1126 {TXH:101 NAME:din VALUE:17   RADIX:UVM_HEX BITS=8}
  SET_ATTR @1126 {TXH:101 NAME:dout VALUE:2   RADIX:UVM_HEX BITS=8}
  SET_ATTR @1126 {TXH:101 NAME:valid_sb VALUE:0   RADIX:UVM_HEX BITS=1}
  SET_ATTR @1126 {TXH:101 NAME:transaction_id VALUE:50   RADIX:UVM_DEC BITS=32}
END @1126 {TXH:101 TIME=0}
FREE @1126 {TXH:101}
BEGIN @1126 {TXH:102 STREAM:6 NAME:req TIME=0  TYPE="Begin_End, Link" LABEL:"" DESC=""}
  LINK @1126 {TXH1:50 TXH2:102 RELATION=child}
  SET_ATTR @1146 {TXH:102 NAME:op_type VALUE:33603684309229924   RADIX:UVM_STRING BITS=56}
  SET_ATTR @1146 {TXH:102 NAME:addr VALUE:68   RADIX:UVM_HEX BITS=32}
  SET_ATTR @1146 {TXH:102 NAME:din VALUE:123   RADIX:UVM_HEX BITS=8}
  SET_ATTR @1146 {TXH:102 NAME:dout VALUE:2   RADIX:UVM_HEX BITS=8}
  SET_ATTR @1146 {TXH:102 NAME:valid_sb VALUE:0   RADIX:UVM_HEX BITS=1}
  SET_ATTR @1146 {TXH:102 NAME:transaction_id VALUE:51   RADIX:UVM_DEC BITS=32}
END @1146 {TXH:102 TIME=0}
FREE @1146 {TXH:102}
BEGIN @1146 {TXH:103 STREAM:6 NAME:req TIME=0  TYPE="Begin_End, Link" LABEL:"" DESC=""}
  LINK @1146 {TXH1:50 TXH2:103 RELATION=child}
  SET_ATTR @1166 {TXH:103 NAME:op_type VALUE:33603684309229924   RADIX:UVM_STRING BITS=56}
  SET_ATTR @1166 {TXH:103 NAME:addr VALUE:68   RADIX:UVM_HEX BITS=32}
  SET_ATTR @1166 {TXH:103 NAME:din VALUE:157   RADIX:UVM_HEX BITS=8}
  SET_ATTR @1166 {TXH:103 NAME:dout VALUE:2   RADIX:UVM_HEX BITS=8}
  SET_ATTR @1166 {TXH:103 NAME:valid_sb VALUE:0   RADIX:UVM_HEX BITS=1}
  SET_ATTR @1166 {TXH:103 NAME:transaction_id VALUE:52   RADIX:UVM_DEC BITS=32}
END @1166 {TXH:103 TIME=0}
FREE @1166 {TXH:103}
BEGIN @1166 {TXH:104 STREAM:6 NAME:req TIME=0  TYPE="Begin_End, Link" LABEL:"" DESC=""}
  LINK @1166 {TXH1:50 TXH2:104 RELATION=child}
  SET_ATTR @1186 {TXH:104 NAME:op_type VALUE:33603684309229924   RADIX:UVM_STRING BITS=56}
  SET_ATTR @1186 {TXH:104 NAME:addr VALUE:68   RADIX:UVM_HEX BITS=32}
  SET_ATTR @1186 {TXH:104 NAME:din VALUE:216   RADIX:UVM_HEX BITS=8}
  SET_ATTR @1186 {TXH:104 NAME:dout VALUE:2   RADIX:UVM_HEX BITS=8}
  SET_ATTR @1186 {TXH:104 NAME:valid_sb VALUE:0   RADIX:UVM_HEX BITS=1}
  SET_ATTR @1186 {TXH:104 NAME:transaction_id VALUE:53   RADIX:UVM_DEC BITS=32}
END @1186 {TXH:104 TIME=0}
FREE @1186 {TXH:104}
BEGIN @1186 {TXH:105 STREAM:6 NAME:req TIME=0  TYPE="Begin_End, Link" LABEL:"" DESC=""}
  LINK @1186 {TXH1:50 TXH2:105 RELATION=child}
  SET_ATTR @1206 {TXH:105 NAME:op_type VALUE:33603684309229924   RADIX:UVM_STRING BITS=56}
  SET_ATTR @1206 {TXH:105 NAME:addr VALUE:68   RADIX:UVM_HEX BITS=32}
  SET_ATTR @1206 {TXH:105 NAME:din VALUE:29   RADIX:UVM_HEX BITS=8}
  SET_ATTR @1206 {TXH:105 NAME:dout VALUE:2   RADIX:UVM_HEX BITS=8}
  SET_ATTR @1206 {TXH:105 NAME:valid_sb VALUE:0   RADIX:UVM_HEX BITS=1}
  SET_ATTR @1206 {TXH:105 NAME:transaction_id VALUE:54   RADIX:UVM_DEC BITS=32}
END @1206 {TXH:105 TIME=0}
FREE @1206 {TXH:105}
BEGIN @1206 {TXH:106 STREAM:6 NAME:req TIME=0  TYPE="Begin_End, Link" LABEL:"" DESC=""}
  LINK @1206 {TXH1:50 TXH2:106 RELATION=child}
  SET_ATTR @1226 {TXH:106 NAME:op_type VALUE:33603684309229924   RADIX:UVM_STRING BITS=56}
  SET_ATTR @1226 {TXH:106 NAME:addr VALUE:68   RADIX:UVM_HEX BITS=32}
  SET_ATTR @1226 {TXH:106 NAME:din VALUE:158   RADIX:UVM_HEX BITS=8}
  SET_ATTR @1226 {TXH:106 NAME:dout VALUE:2   RADIX:UVM_HEX BITS=8}
  SET_ATTR @1226 {TXH:106 NAME:valid_sb VALUE:0   RADIX:UVM_HEX BITS=1}
  SET_ATTR @1226 {TXH:106 NAME:transaction_id VALUE:55   RADIX:UVM_DEC BITS=32}
END @1226 {TXH:106 TIME=0}
FREE @1226 {TXH:106}
BEGIN @1226 {TXH:107 STREAM:6 NAME:req TIME=0  TYPE="Begin_End, Link" LABEL:"" DESC=""}
  LINK @1226 {TXH1:50 TXH2:107 RELATION=child}
  SET_ATTR @1246 {TXH:107 NAME:op_type VALUE:33603684309229924   RADIX:UVM_STRING BITS=56}
  SET_ATTR @1246 {TXH:107 NAME:addr VALUE:68   RADIX:UVM_HEX BITS=32}
  SET_ATTR @1246 {TXH:107 NAME:din VALUE:99   RADIX:UVM_HEX BITS=8}
  SET_ATTR @1246 {TXH:107 NAME:dout VALUE:2   RADIX:UVM_HEX BITS=8}
  SET_ATTR @1246 {TXH:107 NAME:valid_sb VALUE:0   RADIX:UVM_HEX BITS=1}
  SET_ATTR @1246 {TXH:107 NAME:transaction_id VALUE:56   RADIX:UVM_DEC BITS=32}
END @1246 {TXH:107 TIME=0}
FREE @1246 {TXH:107}
BEGIN @1246 {TXH:108 STREAM:6 NAME:req TIME=0  TYPE="Begin_End, Link" LABEL:"" DESC=""}
  LINK @1246 {TXH1:50 TXH2:108 RELATION=child}
  SET_ATTR @1266 {TXH:108 NAME:op_type VALUE:33603684309229924   RADIX:UVM_STRING BITS=56}
  SET_ATTR @1266 {TXH:108 NAME:addr VALUE:68   RADIX:UVM_HEX BITS=32}
  SET_ATTR @1266 {TXH:108 NAME:din VALUE:141   RADIX:UVM_HEX BITS=8}
  SET_ATTR @1266 {TXH:108 NAME:dout VALUE:2   RADIX:UVM_HEX BITS=8}
  SET_ATTR @1266 {TXH:108 NAME:valid_sb VALUE:0   RADIX:UVM_HEX BITS=1}
  SET_ATTR @1266 {TXH:108 NAME:transaction_id VALUE:57   RADIX:UVM_DEC BITS=32}
END @1266 {TXH:108 TIME=0}
FREE @1266 {TXH:108}
BEGIN @1266 {TXH:109 STREAM:6 NAME:req TIME=0  TYPE="Begin_End, Link" LABEL:"" DESC=""}
  LINK @1266 {TXH1:50 TXH2:109 RELATION=child}
  SET_ATTR @1286 {TXH:109 NAME:op_type VALUE:33603684309229924   RADIX:UVM_STRING BITS=56}
  SET_ATTR @1286 {TXH:109 NAME:addr VALUE:68   RADIX:UVM_HEX BITS=32}
  SET_ATTR @1286 {TXH:109 NAME:din VALUE:225   RADIX:UVM_HEX BITS=8}
  SET_ATTR @1286 {TXH:109 NAME:dout VALUE:2   RADIX:UVM_HEX BITS=8}
  SET_ATTR @1286 {TXH:109 NAME:valid_sb VALUE:0   RADIX:UVM_HEX BITS=1}
  SET_ATTR @1286 {TXH:109 NAME:transaction_id VALUE:58   RADIX:UVM_DEC BITS=32}
END @1286 {TXH:109 TIME=0}
FREE @1286 {TXH:109}
BEGIN @1286 {TXH:110 STREAM:6 NAME:req TIME=0  TYPE="Begin_End, Link" LABEL:"" DESC=""}
  LINK @1286 {TXH1:50 TXH2:110 RELATION=child}
  SET_ATTR @1306 {TXH:110 NAME:op_type VALUE:33603684309229924   RADIX:UVM_STRING BITS=56}
  SET_ATTR @1306 {TXH:110 NAME:addr VALUE:68   RADIX:UVM_HEX BITS=32}
  SET_ATTR @1306 {TXH:110 NAME:din VALUE:217   RADIX:UVM_HEX BITS=8}
  SET_ATTR @1306 {TXH:110 NAME:dout VALUE:2   RADIX:UVM_HEX BITS=8}
  SET_ATTR @1306 {TXH:110 NAME:valid_sb VALUE:0   RADIX:UVM_HEX BITS=1}
  SET_ATTR @1306 {TXH:110 NAME:transaction_id VALUE:59   RADIX:UVM_DEC BITS=32}
END @1306 {TXH:110 TIME=0}
FREE @1306 {TXH:110}
BEGIN @1306 {TXH:111 STREAM:6 NAME:req TIME=0  TYPE="Begin_End, Link" LABEL:"" DESC=""}
  LINK @1306 {TXH1:50 TXH2:111 RELATION=child}
  SET_ATTR @1326 {TXH:111 NAME:op_type VALUE:33603684309229924   RADIX:UVM_STRING BITS=56}
  SET_ATTR @1326 {TXH:111 NAME:addr VALUE:68   RADIX:UVM_HEX BITS=32}
  SET_ATTR @1326 {TXH:111 NAME:din VALUE:239   RADIX:UVM_HEX BITS=8}
  SET_ATTR @1326 {TXH:111 NAME:dout VALUE:2   RADIX:UVM_HEX BITS=8}
  SET_ATTR @1326 {TXH:111 NAME:valid_sb VALUE:0   RADIX:UVM_HEX BITS=1}
  SET_ATTR @1326 {TXH:111 NAME:transaction_id VALUE:60   RADIX:UVM_DEC BITS=32}
END @1326 {TXH:111 TIME=0}
FREE @1326 {TXH:111}
BEGIN @1326 {TXH:112 STREAM:6 NAME:req TIME=0  TYPE="Begin_End, Link" LABEL:"" DESC=""}
  LINK @1326 {TXH1:50 TXH2:112 RELATION=child}
  SET_ATTR @1346 {TXH:112 NAME:op_type VALUE:33603684309229924   RADIX:UVM_STRING BITS=56}
  SET_ATTR @1346 {TXH:112 NAME:addr VALUE:68   RADIX:UVM_HEX BITS=32}
  SET_ATTR @1346 {TXH:112 NAME:din VALUE:104   RADIX:UVM_HEX BITS=8}
  SET_ATTR @1346 {TXH:112 NAME:dout VALUE:2   RADIX:UVM_HEX BITS=8}
  SET_ATTR @1346 {TXH:112 NAME:valid_sb VALUE:0   RADIX:UVM_HEX BITS=1}
  SET_ATTR @1346 {TXH:112 NAME:transaction_id VALUE:61   RADIX:UVM_DEC BITS=32}
END @1346 {TXH:112 TIME=0}
FREE @1346 {TXH:112}
BEGIN @1346 {TXH:113 STREAM:6 NAME:req TIME=0  TYPE="Begin_End, Link" LABEL:"" DESC=""}
  LINK @1346 {TXH1:50 TXH2:113 RELATION=child}
  SET_ATTR @1366 {TXH:113 NAME:op_type VALUE:33603684309229924   RADIX:UVM_STRING BITS=56}
  SET_ATTR @1366 {TXH:113 NAME:addr VALUE:68   RADIX:UVM_HEX BITS=32}
  SET_ATTR @1366 {TXH:113 NAME:din VALUE:7   RADIX:UVM_HEX BITS=8}
  SET_ATTR @1366 {TXH:113 NAME:dout VALUE:2   RADIX:UVM_HEX BITS=8}
  SET_ATTR @1366 {TXH:113 NAME:valid_sb VALUE:0   RADIX:UVM_HEX BITS=1}
  SET_ATTR @1366 {TXH:113 NAME:transaction_id VALUE:62   RADIX:UVM_DEC BITS=32}
END @1366 {TXH:113 TIME=0}
FREE @1366 {TXH:113}
BEGIN @1366 {TXH:114 STREAM:6 NAME:req TIME=0  TYPE="Begin_End, Link" LABEL:"" DESC=""}
  LINK @1366 {TXH1:50 TXH2:114 RELATION=child}
  SET_ATTR @1386 {TXH:114 NAME:op_type VALUE:33603684309229924   RADIX:UVM_STRING BITS=56}
  SET_ATTR @1386 {TXH:114 NAME:addr VALUE:68   RADIX:UVM_HEX BITS=32}
  SET_ATTR @1386 {TXH:114 NAME:din VALUE:0   RADIX:UVM_HEX BITS=8}
  SET_ATTR @1386 {TXH:114 NAME:dout VALUE:2   RADIX:UVM_HEX BITS=8}
  SET_ATTR @1386 {TXH:114 NAME:valid_sb VALUE:0   RADIX:UVM_HEX BITS=1}
  SET_ATTR @1386 {TXH:114 NAME:transaction_id VALUE:63   RADIX:UVM_DEC BITS=32}
END @1386 {TXH:114 TIME=0}
FREE @1386 {TXH:114}
BEGIN @1386 {TXH:115 STREAM:6 NAME:req TIME=0  TYPE="Begin_End, Link" LABEL:"" DESC=""}
  LINK @1386 {TXH1:50 TXH2:115 RELATION=child}
  SET_ATTR @1406 {TXH:115 NAME:op_type VALUE:33603684309229924   RADIX:UVM_STRING BITS=56}
  SET_ATTR @1406 {TXH:115 NAME:addr VALUE:68   RADIX:UVM_HEX BITS=32}
  SET_ATTR @1406 {TXH:115 NAME:din VALUE:104   RADIX:UVM_HEX BITS=8}
  SET_ATTR @1406 {TXH:115 NAME:dout VALUE:2   RADIX:UVM_HEX BITS=8}
  SET_ATTR @1406 {TXH:115 NAME:valid_sb VALUE:0   RADIX:UVM_HEX BITS=1}
  SET_ATTR @1406 {TXH:115 NAME:transaction_id VALUE:64   RADIX:UVM_DEC BITS=32}
END @1406 {TXH:115 TIME=0}
FREE @1406 {TXH:115}
BEGIN @1406 {TXH:116 STREAM:6 NAME:req TIME=0  TYPE="Begin_End, Link" LABEL:"" DESC=""}
  LINK @1406 {TXH1:50 TXH2:116 RELATION=child}
  SET_ATTR @1426 {TXH:116 NAME:op_type VALUE:33603684309229924   RADIX:UVM_STRING BITS=56}
  SET_ATTR @1426 {TXH:116 NAME:addr VALUE:68   RADIX:UVM_HEX BITS=32}
  SET_ATTR @1426 {TXH:116 NAME:din VALUE:151   RADIX:UVM_HEX BITS=8}
  SET_ATTR @1426 {TXH:116 NAME:dout VALUE:2   RADIX:UVM_HEX BITS=8}
  SET_ATTR @1426 {TXH:116 NAME:valid_sb VALUE:0   RADIX:UVM_HEX BITS=1}
  SET_ATTR @1426 {TXH:116 NAME:transaction_id VALUE:65   RADIX:UVM_DEC BITS=32}
END @1426 {TXH:116 TIME=0}
FREE @1426 {TXH:116}
BEGIN @1426 {TXH:117 STREAM:6 NAME:req TIME=0  TYPE="Begin_End, Link" LABEL:"" DESC=""}
  LINK @1426 {TXH1:50 TXH2:117 RELATION=child}
  SET_ATTR @1446 {TXH:117 NAME:op_type VALUE:33603684309229924   RADIX:UVM_STRING BITS=56}
  SET_ATTR @1446 {TXH:117 NAME:addr VALUE:68   RADIX:UVM_HEX BITS=32}
  SET_ATTR @1446 {TXH:117 NAME:din VALUE:114   RADIX:UVM_HEX BITS=8}
  SET_ATTR @1446 {TXH:117 NAME:dout VALUE:2   RADIX:UVM_HEX BITS=8}
  SET_ATTR @1446 {TXH:117 NAME:valid_sb VALUE:0   RADIX:UVM_HEX BITS=1}
  SET_ATTR @1446 {TXH:117 NAME:transaction_id VALUE:66   RADIX:UVM_DEC BITS=32}
END @1446 {TXH:117 TIME=0}
FREE @1446 {TXH:117}
BEGIN @1446 {TXH:118 STREAM:6 NAME:req TIME=0  TYPE="Begin_End, Link" LABEL:"" DESC=""}
  LINK @1446 {TXH1:50 TXH2:118 RELATION=child}
  SET_ATTR @1466 {TXH:118 NAME:op_type VALUE:33603684309229924   RADIX:UVM_STRING BITS=56}
  SET_ATTR @1466 {TXH:118 NAME:addr VALUE:68   RADIX:UVM_HEX BITS=32}
  SET_ATTR @1466 {TXH:118 NAME:din VALUE:51   RADIX:UVM_HEX BITS=8}
  SET_ATTR @1466 {TXH:118 NAME:dout VALUE:2   RADIX:UVM_HEX BITS=8}
  SET_ATTR @1466 {TXH:118 NAME:valid_sb VALUE:0   RADIX:UVM_HEX BITS=1}
  SET_ATTR @1466 {TXH:118 NAME:transaction_id VALUE:67   RADIX:UVM_DEC BITS=32}
END @1466 {TXH:118 TIME=0}
FREE @1466 {TXH:118}
BEGIN @1466 {TXH:119 STREAM:6 NAME:req TIME=0  TYPE="Begin_End, Link" LABEL:"" DESC=""}
  LINK @1466 {TXH1:50 TXH2:119 RELATION=child}
  SET_ATTR @1486 {TXH:119 NAME:op_type VALUE:33603684309229924   RADIX:UVM_STRING BITS=56}
  SET_ATTR @1486 {TXH:119 NAME:addr VALUE:68   RADIX:UVM_HEX BITS=32}
  SET_ATTR @1486 {TXH:119 NAME:din VALUE:100   RADIX:UVM_HEX BITS=8}
  SET_ATTR @1486 {TXH:119 NAME:dout VALUE:2   RADIX:UVM_HEX BITS=8}
  SET_ATTR @1486 {TXH:119 NAME:valid_sb VALUE:0   RADIX:UVM_HEX BITS=1}
  SET_ATTR @1486 {TXH:119 NAME:transaction_id VALUE:68   RADIX:UVM_DEC BITS=32}
END @1486 {TXH:119 TIME=0}
FREE @1486 {TXH:119}
BEGIN @1486 {TXH:120 STREAM:6 NAME:req TIME=0  TYPE="Begin_End, Link" LABEL:"" DESC=""}
  LINK @1486 {TXH1:50 TXH2:120 RELATION=child}
  SET_ATTR @1506 {TXH:120 NAME:op_type VALUE:33603684309229924   RADIX:UVM_STRING BITS=56}
  SET_ATTR @1506 {TXH:120 NAME:addr VALUE:68   RADIX:UVM_HEX BITS=32}
  SET_ATTR @1506 {TXH:120 NAME:din VALUE:103   RADIX:UVM_HEX BITS=8}
  SET_ATTR @1506 {TXH:120 NAME:dout VALUE:2   RADIX:UVM_HEX BITS=8}
  SET_ATTR @1506 {TXH:120 NAME:valid_sb VALUE:0   RADIX:UVM_HEX BITS=1}
  SET_ATTR @1506 {TXH:120 NAME:transaction_id VALUE:69   RADIX:UVM_DEC BITS=32}
END @1506 {TXH:120 TIME=0}
FREE @1506 {TXH:120}
BEGIN @1506 {TXH:121 STREAM:6 NAME:req TIME=0  TYPE="Begin_End, Link" LABEL:"" DESC=""}
  LINK @1506 {TXH1:50 TXH2:121 RELATION=child}
  SET_ATTR @1526 {TXH:121 NAME:op_type VALUE:33603684309229924   RADIX:UVM_STRING BITS=56}
  SET_ATTR @1526 {TXH:121 NAME:addr VALUE:68   RADIX:UVM_HEX BITS=32}
  SET_ATTR @1526 {TXH:121 NAME:din VALUE:31   RADIX:UVM_HEX BITS=8}
  SET_ATTR @1526 {TXH:121 NAME:dout VALUE:2   RADIX:UVM_HEX BITS=8}
  SET_ATTR @1526 {TXH:121 NAME:valid_sb VALUE:0   RADIX:UVM_HEX BITS=1}
  SET_ATTR @1526 {TXH:121 NAME:transaction_id VALUE:70   RADIX:UVM_DEC BITS=32}
END @1526 {TXH:121 TIME=0}
FREE @1526 {TXH:121}
BEGIN @1526 {TXH:122 STREAM:6 NAME:req TIME=0  TYPE="Begin_End, Link" LABEL:"" DESC=""}
  LINK @1526 {TXH1:50 TXH2:122 RELATION=child}
  SET_ATTR @1546 {TXH:122 NAME:op_type VALUE:33603684309229924   RADIX:UVM_STRING BITS=56}
  SET_ATTR @1546 {TXH:122 NAME:addr VALUE:68   RADIX:UVM_HEX BITS=32}
  SET_ATTR @1546 {TXH:122 NAME:din VALUE:208   RADIX:UVM_HEX BITS=8}
  SET_ATTR @1546 {TXH:122 NAME:dout VALUE:2   RADIX:UVM_HEX BITS=8}
  SET_ATTR @1546 {TXH:122 NAME:valid_sb VALUE:0   RADIX:UVM_HEX BITS=1}
  SET_ATTR @1546 {TXH:122 NAME:transaction_id VALUE:71   RADIX:UVM_DEC BITS=32}
END @1546 {TXH:122 TIME=0}
FREE @1546 {TXH:122}
BEGIN @1546 {TXH:123 STREAM:6 NAME:req TIME=0  TYPE="Begin_End, Link" LABEL:"" DESC=""}
  LINK @1546 {TXH1:50 TXH2:123 RELATION=child}
  SET_ATTR @1566 {TXH:123 NAME:op_type VALUE:33603684309229924   RADIX:UVM_STRING BITS=56}
  SET_ATTR @1566 {TXH:123 NAME:addr VALUE:68   RADIX:UVM_HEX BITS=32}
  SET_ATTR @1566 {TXH:123 NAME:din VALUE:48   RADIX:UVM_HEX BITS=8}
  SET_ATTR @1566 {TXH:123 NAME:dout VALUE:2   RADIX:UVM_HEX BITS=8}
  SET_ATTR @1566 {TXH:123 NAME:valid_sb VALUE:0   RADIX:UVM_HEX BITS=1}
  SET_ATTR @1566 {TXH:123 NAME:transaction_id VALUE:72   RADIX:UVM_DEC BITS=32}
END @1566 {TXH:123 TIME=0}
FREE @1566 {TXH:123}
BEGIN @1566 {TXH:124 STREAM:6 NAME:req TIME=0  TYPE="Begin_End, Link" LABEL:"" DESC=""}
  LINK @1566 {TXH1:50 TXH2:124 RELATION=child}
  SET_ATTR @1586 {TXH:124 NAME:op_type VALUE:33603684309229924   RADIX:UVM_STRING BITS=56}
  SET_ATTR @1586 {TXH:124 NAME:addr VALUE:68   RADIX:UVM_HEX BITS=32}
  SET_ATTR @1586 {TXH:124 NAME:din VALUE:254   RADIX:UVM_HEX BITS=8}
  SET_ATTR @1586 {TXH:124 NAME:dout VALUE:2   RADIX:UVM_HEX BITS=8}
  SET_ATTR @1586 {TXH:124 NAME:valid_sb VALUE:0   RADIX:UVM_HEX BITS=1}
  SET_ATTR @1586 {TXH:124 NAME:transaction_id VALUE:73   RADIX:UVM_DEC BITS=32}
END @1586 {TXH:124 TIME=0}
FREE @1586 {TXH:124}
BEGIN @1586 {TXH:125 STREAM:6 NAME:req TIME=0  TYPE="Begin_End, Link" LABEL:"" DESC=""}
  LINK @1586 {TXH1:50 TXH2:125 RELATION=child}
  SET_ATTR @1606 {TXH:125 NAME:op_type VALUE:33603684309229924   RADIX:UVM_STRING BITS=56}
  SET_ATTR @1606 {TXH:125 NAME:addr VALUE:68   RADIX:UVM_HEX BITS=32}
  SET_ATTR @1606 {TXH:125 NAME:din VALUE:89   RADIX:UVM_HEX BITS=8}
  SET_ATTR @1606 {TXH:125 NAME:dout VALUE:2   RADIX:UVM_HEX BITS=8}
  SET_ATTR @1606 {TXH:125 NAME:valid_sb VALUE:0   RADIX:UVM_HEX BITS=1}
  SET_ATTR @1606 {TXH:125 NAME:transaction_id VALUE:74   RADIX:UVM_DEC BITS=32}
END @1606 {TXH:125 TIME=0}
FREE @1606 {TXH:125}
BEGIN @1606 {TXH:126 STREAM:6 NAME:req TIME=0  TYPE="Begin_End, Link" LABEL:"" DESC=""}
  LINK @1606 {TXH1:50 TXH2:126 RELATION=child}
  SET_ATTR @1626 {TXH:126 NAME:op_type VALUE:33603684309229924   RADIX:UVM_STRING BITS=56}
  SET_ATTR @1626 {TXH:126 NAME:addr VALUE:68   RADIX:UVM_HEX BITS=32}
  SET_ATTR @1626 {TXH:126 NAME:din VALUE:82   RADIX:UVM_HEX BITS=8}
  SET_ATTR @1626 {TXH:126 NAME:dout VALUE:2   RADIX:UVM_HEX BITS=8}
  SET_ATTR @1626 {TXH:126 NAME:valid_sb VALUE:0   RADIX:UVM_HEX BITS=1}
  SET_ATTR @1626 {TXH:126 NAME:transaction_id VALUE:75   RADIX:UVM_DEC BITS=32}
END @1626 {TXH:126 TIME=0}
FREE @1626 {TXH:126}
BEGIN @1626 {TXH:127 STREAM:6 NAME:req TIME=0  TYPE="Begin_End, Link" LABEL:"" DESC=""}
  LINK @1626 {TXH1:50 TXH2:127 RELATION=child}
  SET_ATTR @1646 {TXH:127 NAME:op_type VALUE:33603684309229924   RADIX:UVM_STRING BITS=56}
  SET_ATTR @1646 {TXH:127 NAME:addr VALUE:68   RADIX:UVM_HEX BITS=32}
  SET_ATTR @1646 {TXH:127 NAME:din VALUE:167   RADIX:UVM_HEX BITS=8}
  SET_ATTR @1646 {TXH:127 NAME:dout VALUE:2   RADIX:UVM_HEX BITS=8}
  SET_ATTR @1646 {TXH:127 NAME:valid_sb VALUE:0   RADIX:UVM_HEX BITS=1}
  SET_ATTR @1646 {TXH:127 NAME:transaction_id VALUE:76   RADIX:UVM_DEC BITS=32}
END @1646 {TXH:127 TIME=0}
FREE @1646 {TXH:127}
BEGIN @1646 {TXH:128 STREAM:6 NAME:req TIME=0  TYPE="Begin_End, Link" LABEL:"" DESC=""}
  LINK @1646 {TXH1:50 TXH2:128 RELATION=child}
  SET_ATTR @1666 {TXH:128 NAME:op_type VALUE:33603684309229924   RADIX:UVM_STRING BITS=56}
  SET_ATTR @1666 {TXH:128 NAME:addr VALUE:68   RADIX:UVM_HEX BITS=32}
  SET_ATTR @1666 {TXH:128 NAME:din VALUE:64   RADIX:UVM_HEX BITS=8}
  SET_ATTR @1666 {TXH:128 NAME:dout VALUE:2   RADIX:UVM_HEX BITS=8}
  SET_ATTR @1666 {TXH:128 NAME:valid_sb VALUE:0   RADIX:UVM_HEX BITS=1}
  SET_ATTR @1666 {TXH:128 NAME:transaction_id VALUE:77   RADIX:UVM_DEC BITS=32}
END @1666 {TXH:128 TIME=0}
FREE @1666 {TXH:128}
BEGIN @1666 {TXH:129 STREAM:6 NAME:req TIME=0  TYPE="Begin_End, Link" LABEL:"" DESC=""}
  LINK @1666 {TXH1:50 TXH2:129 RELATION=child}
  SET_ATTR @1686 {TXH:129 NAME:op_type VALUE:33603684309229924   RADIX:UVM_STRING BITS=56}
  SET_ATTR @1686 {TXH:129 NAME:addr VALUE:68   RADIX:UVM_HEX BITS=32}
  SET_ATTR @1686 {TXH:129 NAME:din VALUE:127   RADIX:UVM_HEX BITS=8}
  SET_ATTR @1686 {TXH:129 NAME:dout VALUE:2   RADIX:UVM_HEX BITS=8}
  SET_ATTR @1686 {TXH:129 NAME:valid_sb VALUE:0   RADIX:UVM_HEX BITS=1}
  SET_ATTR @1686 {TXH:129 NAME:transaction_id VALUE:78   RADIX:UVM_DEC BITS=32}
END @1686 {TXH:129 TIME=0}
FREE @1686 {TXH:129}
BEGIN @1686 {TXH:130 STREAM:6 NAME:req TIME=0  TYPE="Begin_End, Link" LABEL:"" DESC=""}
  LINK @1686 {TXH1:50 TXH2:130 RELATION=child}
  SET_ATTR @1706 {TXH:130 NAME:op_type VALUE:33603684309229924   RADIX:UVM_STRING BITS=56}
  SET_ATTR @1706 {TXH:130 NAME:addr VALUE:68   RADIX:UVM_HEX BITS=32}
  SET_ATTR @1706 {TXH:130 NAME:din VALUE:232   RADIX:UVM_HEX BITS=8}
  SET_ATTR @1706 {TXH:130 NAME:dout VALUE:2   RADIX:UVM_HEX BITS=8}
  SET_ATTR @1706 {TXH:130 NAME:valid_sb VALUE:0   RADIX:UVM_HEX BITS=1}
  SET_ATTR @1706 {TXH:130 NAME:transaction_id VALUE:79   RADIX:UVM_DEC BITS=32}
END @1706 {TXH:130 TIME=0}
FREE @1706 {TXH:130}
BEGIN @1706 {TXH:131 STREAM:6 NAME:req TIME=0  TYPE="Begin_End, Link" LABEL:"" DESC=""}
  LINK @1706 {TXH1:50 TXH2:131 RELATION=child}
  SET_ATTR @1726 {TXH:131 NAME:op_type VALUE:33603684309229924   RADIX:UVM_STRING BITS=56}
  SET_ATTR @1726 {TXH:131 NAME:addr VALUE:68   RADIX:UVM_HEX BITS=32}
  SET_ATTR @1726 {TXH:131 NAME:din VALUE:246   RADIX:UVM_HEX BITS=8}
  SET_ATTR @1726 {TXH:131 NAME:dout VALUE:2   RADIX:UVM_HEX BITS=8}
  SET_ATTR @1726 {TXH:131 NAME:valid_sb VALUE:0   RADIX:UVM_HEX BITS=1}
  SET_ATTR @1726 {TXH:131 NAME:transaction_id VALUE:80   RADIX:UVM_DEC BITS=32}
END @1726 {TXH:131 TIME=0}
FREE @1726 {TXH:131}
BEGIN @1726 {TXH:132 STREAM:6 NAME:req TIME=0  TYPE="Begin_End, Link" LABEL:"" DESC=""}
  LINK @1726 {TXH1:50 TXH2:132 RELATION=child}
  SET_ATTR @1746 {TXH:132 NAME:op_type VALUE:33603684309229924   RADIX:UVM_STRING BITS=56}
  SET_ATTR @1746 {TXH:132 NAME:addr VALUE:68   RADIX:UVM_HEX BITS=32}
  SET_ATTR @1746 {TXH:132 NAME:din VALUE:35   RADIX:UVM_HEX BITS=8}
  SET_ATTR @1746 {TXH:132 NAME:dout VALUE:2   RADIX:UVM_HEX BITS=8}
  SET_ATTR @1746 {TXH:132 NAME:valid_sb VALUE:0   RADIX:UVM_HEX BITS=1}
  SET_ATTR @1746 {TXH:132 NAME:transaction_id VALUE:81   RADIX:UVM_DEC BITS=32}
END @1746 {TXH:132 TIME=0}
FREE @1746 {TXH:132}
BEGIN @1746 {TXH:133 STREAM:6 NAME:req TIME=0  TYPE="Begin_End, Link" LABEL:"" DESC=""}
  LINK @1746 {TXH1:50 TXH2:133 RELATION=child}
  SET_ATTR @1766 {TXH:133 NAME:op_type VALUE:33603684309229924   RADIX:UVM_STRING BITS=56}
  SET_ATTR @1766 {TXH:133 NAME:addr VALUE:68   RADIX:UVM_HEX BITS=32}
  SET_ATTR @1766 {TXH:133 NAME:din VALUE:68   RADIX:UVM_HEX BITS=8}
  SET_ATTR @1766 {TXH:133 NAME:dout VALUE:2   RADIX:UVM_HEX BITS=8}
  SET_ATTR @1766 {TXH:133 NAME:valid_sb VALUE:0   RADIX:UVM_HEX BITS=1}
  SET_ATTR @1766 {TXH:133 NAME:transaction_id VALUE:82   RADIX:UVM_DEC BITS=32}
END @1766 {TXH:133 TIME=0}
FREE @1766 {TXH:133}
BEGIN @1766 {TXH:134 STREAM:6 NAME:req TIME=0  TYPE="Begin_End, Link" LABEL:"" DESC=""}
  LINK @1766 {TXH1:50 TXH2:134 RELATION=child}
  SET_ATTR @1786 {TXH:134 NAME:op_type VALUE:33603684309229924   RADIX:UVM_STRING BITS=56}
  SET_ATTR @1786 {TXH:134 NAME:addr VALUE:68   RADIX:UVM_HEX BITS=32}
  SET_ATTR @1786 {TXH:134 NAME:din VALUE:218   RADIX:UVM_HEX BITS=8}
  SET_ATTR @1786 {TXH:134 NAME:dout VALUE:2   RADIX:UVM_HEX BITS=8}
  SET_ATTR @1786 {TXH:134 NAME:valid_sb VALUE:0   RADIX:UVM_HEX BITS=1}
  SET_ATTR @1786 {TXH:134 NAME:transaction_id VALUE:83   RADIX:UVM_DEC BITS=32}
END @1786 {TXH:134 TIME=0}
FREE @1786 {TXH:134}
BEGIN @1786 {TXH:135 STREAM:6 NAME:req TIME=0  TYPE="Begin_End, Link" LABEL:"" DESC=""}
  LINK @1786 {TXH1:50 TXH2:135 RELATION=child}
  SET_ATTR @1806 {TXH:135 NAME:op_type VALUE:33603684309229924   RADIX:UVM_STRING BITS=56}
  SET_ATTR @1806 {TXH:135 NAME:addr VALUE:68   RADIX:UVM_HEX BITS=32}
  SET_ATTR @1806 {TXH:135 NAME:din VALUE:173   RADIX:UVM_HEX BITS=8}
  SET_ATTR @1806 {TXH:135 NAME:dout VALUE:2   RADIX:UVM_HEX BITS=8}
  SET_ATTR @1806 {TXH:135 NAME:valid_sb VALUE:0   RADIX:UVM_HEX BITS=1}
  SET_ATTR @1806 {TXH:135 NAME:transaction_id VALUE:84   RADIX:UVM_DEC BITS=32}
END @1806 {TXH:135 TIME=0}
FREE @1806 {TXH:135}
BEGIN @1806 {TXH:136 STREAM:6 NAME:req TIME=0  TYPE="Begin_End, Link" LABEL:"" DESC=""}
  LINK @1806 {TXH1:50 TXH2:136 RELATION=child}
  SET_ATTR @1826 {TXH:136 NAME:op_type VALUE:33603684309229924   RADIX:UVM_STRING BITS=56}
  SET_ATTR @1826 {TXH:136 NAME:addr VALUE:68   RADIX:UVM_HEX BITS=32}
  SET_ATTR @1826 {TXH:136 NAME:din VALUE:101   RADIX:UVM_HEX BITS=8}
  SET_ATTR @1826 {TXH:136 NAME:dout VALUE:2   RADIX:UVM_HEX BITS=8}
  SET_ATTR @1826 {TXH:136 NAME:valid_sb VALUE:0   RADIX:UVM_HEX BITS=1}
  SET_ATTR @1826 {TXH:136 NAME:transaction_id VALUE:85   RADIX:UVM_DEC BITS=32}
END @1826 {TXH:136 TIME=0}
FREE @1826 {TXH:136}
BEGIN @1826 {TXH:137 STREAM:6 NAME:req TIME=0  TYPE="Begin_End, Link" LABEL:"" DESC=""}
  LINK @1826 {TXH1:50 TXH2:137 RELATION=child}
  SET_ATTR @1846 {TXH:137 NAME:op_type VALUE:33603684309229924   RADIX:UVM_STRING BITS=56}
  SET_ATTR @1846 {TXH:137 NAME:addr VALUE:68   RADIX:UVM_HEX BITS=32}
  SET_ATTR @1846 {TXH:137 NAME:din VALUE:162   RADIX:UVM_HEX BITS=8}
  SET_ATTR @1846 {TXH:137 NAME:dout VALUE:2   RADIX:UVM_HEX BITS=8}
  SET_ATTR @1846 {TXH:137 NAME:valid_sb VALUE:0   RADIX:UVM_HEX BITS=1}
  SET_ATTR @1846 {TXH:137 NAME:transaction_id VALUE:86   RADIX:UVM_DEC BITS=32}
END @1846 {TXH:137 TIME=0}
FREE @1846 {TXH:137}
BEGIN @1846 {TXH:138 STREAM:6 NAME:req TIME=0  TYPE="Begin_End, Link" LABEL:"" DESC=""}
  LINK @1846 {TXH1:50 TXH2:138 RELATION=child}
  SET_ATTR @1866 {TXH:138 NAME:op_type VALUE:33603684309229924   RADIX:UVM_STRING BITS=56}
  SET_ATTR @1866 {TXH:138 NAME:addr VALUE:68   RADIX:UVM_HEX BITS=32}
  SET_ATTR @1866 {TXH:138 NAME:din VALUE:14   RADIX:UVM_HEX BITS=8}
  SET_ATTR @1866 {TXH:138 NAME:dout VALUE:2   RADIX:UVM_HEX BITS=8}
  SET_ATTR @1866 {TXH:138 NAME:valid_sb VALUE:0   RADIX:UVM_HEX BITS=1}
  SET_ATTR @1866 {TXH:138 NAME:transaction_id VALUE:87   RADIX:UVM_DEC BITS=32}
END @1866 {TXH:138 TIME=0}
FREE @1866 {TXH:138}
BEGIN @1866 {TXH:139 STREAM:6 NAME:req TIME=0  TYPE="Begin_End, Link" LABEL:"" DESC=""}
  LINK @1866 {TXH1:50 TXH2:139 RELATION=child}
  SET_ATTR @1886 {TXH:139 NAME:op_type VALUE:33603684309229924   RADIX:UVM_STRING BITS=56}
  SET_ATTR @1886 {TXH:139 NAME:addr VALUE:68   RADIX:UVM_HEX BITS=32}
  SET_ATTR @1886 {TXH:139 NAME:din VALUE:140   RADIX:UVM_HEX BITS=8}
  SET_ATTR @1886 {TXH:139 NAME:dout VALUE:2   RADIX:UVM_HEX BITS=8}
  SET_ATTR @1886 {TXH:139 NAME:valid_sb VALUE:0   RADIX:UVM_HEX BITS=1}
  SET_ATTR @1886 {TXH:139 NAME:transaction_id VALUE:88   RADIX:UVM_DEC BITS=32}
END @1886 {TXH:139 TIME=0}
FREE @1886 {TXH:139}
BEGIN @1886 {TXH:140 STREAM:6 NAME:req TIME=0  TYPE="Begin_End, Link" LABEL:"" DESC=""}
  LINK @1886 {TXH1:50 TXH2:140 RELATION=child}
  SET_ATTR @1906 {TXH:140 NAME:op_type VALUE:33603684309229924   RADIX:UVM_STRING BITS=56}
  SET_ATTR @1906 {TXH:140 NAME:addr VALUE:68   RADIX:UVM_HEX BITS=32}
  SET_ATTR @1906 {TXH:140 NAME:din VALUE:154   RADIX:UVM_HEX BITS=8}
  SET_ATTR @1906 {TXH:140 NAME:dout VALUE:2   RADIX:UVM_HEX BITS=8}
  SET_ATTR @1906 {TXH:140 NAME:valid_sb VALUE:0   RADIX:UVM_HEX BITS=1}
  SET_ATTR @1906 {TXH:140 NAME:transaction_id VALUE:89   RADIX:UVM_DEC BITS=32}
END @1906 {TXH:140 TIME=0}
FREE @1906 {TXH:140}
BEGIN @1906 {TXH:141 STREAM:6 NAME:req TIME=0  TYPE="Begin_End, Link" LABEL:"" DESC=""}
  LINK @1906 {TXH1:50 TXH2:141 RELATION=child}
  SET_ATTR @1926 {TXH:141 NAME:op_type VALUE:33603684309229924   RADIX:UVM_STRING BITS=56}
  SET_ATTR @1926 {TXH:141 NAME:addr VALUE:68   RADIX:UVM_HEX BITS=32}
  SET_ATTR @1926 {TXH:141 NAME:din VALUE:114   RADIX:UVM_HEX BITS=8}
  SET_ATTR @1926 {TXH:141 NAME:dout VALUE:2   RADIX:UVM_HEX BITS=8}
  SET_ATTR @1926 {TXH:141 NAME:valid_sb VALUE:0   RADIX:UVM_HEX BITS=1}
  SET_ATTR @1926 {TXH:141 NAME:transaction_id VALUE:90   RADIX:UVM_DEC BITS=32}
END @1926 {TXH:141 TIME=0}
FREE @1926 {TXH:141}
BEGIN @1926 {TXH:142 STREAM:6 NAME:req TIME=0  TYPE="Begin_End, Link" LABEL:"" DESC=""}
  LINK @1926 {TXH1:50 TXH2:142 RELATION=child}
  SET_ATTR @1946 {TXH:142 NAME:op_type VALUE:33603684309229924   RADIX:UVM_STRING BITS=56}
  SET_ATTR @1946 {TXH:142 NAME:addr VALUE:68   RADIX:UVM_HEX BITS=32}
  SET_ATTR @1946 {TXH:142 NAME:din VALUE:2   RADIX:UVM_HEX BITS=8}
  SET_ATTR @1946 {TXH:142 NAME:dout VALUE:2   RADIX:UVM_HEX BITS=8}
  SET_ATTR @1946 {TXH:142 NAME:valid_sb VALUE:0   RADIX:UVM_HEX BITS=1}
  SET_ATTR @1946 {TXH:142 NAME:transaction_id VALUE:91   RADIX:UVM_DEC BITS=32}
END @1946 {TXH:142 TIME=0}
FREE @1946 {TXH:142}
BEGIN @1946 {TXH:143 STREAM:6 NAME:req TIME=0  TYPE="Begin_End, Link" LABEL:"" DESC=""}
  LINK @1946 {TXH1:50 TXH2:143 RELATION=child}
  SET_ATTR @1966 {TXH:143 NAME:op_type VALUE:33603684309229924   RADIX:UVM_STRING BITS=56}
  SET_ATTR @1966 {TXH:143 NAME:addr VALUE:68   RADIX:UVM_HEX BITS=32}
  SET_ATTR @1966 {TXH:143 NAME:din VALUE:171   RADIX:UVM_HEX BITS=8}
  SET_ATTR @1966 {TXH:143 NAME:dout VALUE:2   RADIX:UVM_HEX BITS=8}
  SET_ATTR @1966 {TXH:143 NAME:valid_sb VALUE:0   RADIX:UVM_HEX BITS=1}
  SET_ATTR @1966 {TXH:143 NAME:transaction_id VALUE:92   RADIX:UVM_DEC BITS=32}
END @1966 {TXH:143 TIME=0}
FREE @1966 {TXH:143}
BEGIN @1966 {TXH:144 STREAM:6 NAME:req TIME=0  TYPE="Begin_End, Link" LABEL:"" DESC=""}
  LINK @1966 {TXH1:50 TXH2:144 RELATION=child}
  SET_ATTR @1986 {TXH:144 NAME:op_type VALUE:33603684309229924   RADIX:UVM_STRING BITS=56}
  SET_ATTR @1986 {TXH:144 NAME:addr VALUE:68   RADIX:UVM_HEX BITS=32}
  SET_ATTR @1986 {TXH:144 NAME:din VALUE:202   RADIX:UVM_HEX BITS=8}
  SET_ATTR @1986 {TXH:144 NAME:dout VALUE:2   RADIX:UVM_HEX BITS=8}
  SET_ATTR @1986 {TXH:144 NAME:valid_sb VALUE:0   RADIX:UVM_HEX BITS=1}
  SET_ATTR @1986 {TXH:144 NAME:transaction_id VALUE:93   RADIX:UVM_DEC BITS=32}
END @1986 {TXH:144 TIME=0}
FREE @1986 {TXH:144}
BEGIN @1986 {TXH:145 STREAM:6 NAME:req TIME=0  TYPE="Begin_End, Link" LABEL:"" DESC=""}
  LINK @1986 {TXH1:50 TXH2:145 RELATION=child}
  SET_ATTR @2006 {TXH:145 NAME:op_type VALUE:33603684309229924   RADIX:UVM_STRING BITS=56}
  SET_ATTR @2006 {TXH:145 NAME:addr VALUE:68   RADIX:UVM_HEX BITS=32}
  SET_ATTR @2006 {TXH:145 NAME:din VALUE:54   RADIX:UVM_HEX BITS=8}
  SET_ATTR @2006 {TXH:145 NAME:dout VALUE:2   RADIX:UVM_HEX BITS=8}
  SET_ATTR @2006 {TXH:145 NAME:valid_sb VALUE:0   RADIX:UVM_HEX BITS=1}
  SET_ATTR @2006 {TXH:145 NAME:transaction_id VALUE:94   RADIX:UVM_DEC BITS=32}
END @2006 {TXH:145 TIME=0}
FREE @2006 {TXH:145}
BEGIN @2006 {TXH:146 STREAM:6 NAME:req TIME=0  TYPE="Begin_End, Link" LABEL:"" DESC=""}
  LINK @2006 {TXH1:50 TXH2:146 RELATION=child}
  SET_ATTR @2026 {TXH:146 NAME:op_type VALUE:33603684309229924   RADIX:UVM_STRING BITS=56}
  SET_ATTR @2026 {TXH:146 NAME:addr VALUE:68   RADIX:UVM_HEX BITS=32}
  SET_ATTR @2026 {TXH:146 NAME:din VALUE:45   RADIX:UVM_HEX BITS=8}
  SET_ATTR @2026 {TXH:146 NAME:dout VALUE:2   RADIX:UVM_HEX BITS=8}
  SET_ATTR @2026 {TXH:146 NAME:valid_sb VALUE:0   RADIX:UVM_HEX BITS=1}
  SET_ATTR @2026 {TXH:146 NAME:transaction_id VALUE:95   RADIX:UVM_DEC BITS=32}
END @2026 {TXH:146 TIME=0}
FREE @2026 {TXH:146}
BEGIN @2026 {TXH:147 STREAM:6 NAME:req TIME=0  TYPE="Begin_End, Link" LABEL:"" DESC=""}
  LINK @2026 {TXH1:50 TXH2:147 RELATION=child}
  SET_ATTR @2046 {TXH:147 NAME:op_type VALUE:33603684309229924   RADIX:UVM_STRING BITS=56}
  SET_ATTR @2046 {TXH:147 NAME:addr VALUE:68   RADIX:UVM_HEX BITS=32}
  SET_ATTR @2046 {TXH:147 NAME:din VALUE:54   RADIX:UVM_HEX BITS=8}
  SET_ATTR @2046 {TXH:147 NAME:dout VALUE:2   RADIX:UVM_HEX BITS=8}
  SET_ATTR @2046 {TXH:147 NAME:valid_sb VALUE:0   RADIX:UVM_HEX BITS=1}
  SET_ATTR @2046 {TXH:147 NAME:transaction_id VALUE:96   RADIX:UVM_DEC BITS=32}
END @2046 {TXH:147 TIME=0}
FREE @2046 {TXH:147}
BEGIN @2046 {TXH:148 STREAM:6 NAME:req TIME=0  TYPE="Begin_End, Link" LABEL:"" DESC=""}
  LINK @2046 {TXH1:50 TXH2:148 RELATION=child}
  SET_ATTR @2066 {TXH:148 NAME:op_type VALUE:33603684309229924   RADIX:UVM_STRING BITS=56}
  SET_ATTR @2066 {TXH:148 NAME:addr VALUE:68   RADIX:UVM_HEX BITS=32}
  SET_ATTR @2066 {TXH:148 NAME:din VALUE:150   RADIX:UVM_HEX BITS=8}
  SET_ATTR @2066 {TXH:148 NAME:dout VALUE:2   RADIX:UVM_HEX BITS=8}
  SET_ATTR @2066 {TXH:148 NAME:valid_sb VALUE:0   RADIX:UVM_HEX BITS=1}
  SET_ATTR @2066 {TXH:148 NAME:transaction_id VALUE:97   RADIX:UVM_DEC BITS=32}
END @2066 {TXH:148 TIME=0}
FREE @2066 {TXH:148}
BEGIN @2066 {TXH:149 STREAM:6 NAME:req TIME=0  TYPE="Begin_End, Link" LABEL:"" DESC=""}
  LINK @2066 {TXH1:50 TXH2:149 RELATION=child}
  SET_ATTR @2086 {TXH:149 NAME:op_type VALUE:33603684309229924   RADIX:UVM_STRING BITS=56}
  SET_ATTR @2086 {TXH:149 NAME:addr VALUE:68   RADIX:UVM_HEX BITS=32}
  SET_ATTR @2086 {TXH:149 NAME:din VALUE:39   RADIX:UVM_HEX BITS=8}
  SET_ATTR @2086 {TXH:149 NAME:dout VALUE:2   RADIX:UVM_HEX BITS=8}
  SET_ATTR @2086 {TXH:149 NAME:valid_sb VALUE:0   RADIX:UVM_HEX BITS=1}
  SET_ATTR @2086 {TXH:149 NAME:transaction_id VALUE:98   RADIX:UVM_DEC BITS=32}
END @2086 {TXH:149 TIME=0}
FREE @2086 {TXH:149}
BEGIN @2086 {TXH:150 STREAM:6 NAME:req TIME=0  TYPE="Begin_End, Link" LABEL:"" DESC=""}
  LINK @2086 {TXH1:50 TXH2:150 RELATION=child}
  SET_ATTR @2106 {TXH:150 NAME:op_type VALUE:33603684309229924   RADIX:UVM_STRING BITS=56}
  SET_ATTR @2106 {TXH:150 NAME:addr VALUE:68   RADIX:UVM_HEX BITS=32}
  SET_ATTR @2106 {TXH:150 NAME:din VALUE:51   RADIX:UVM_HEX BITS=8}
  SET_ATTR @2106 {TXH:150 NAME:dout VALUE:2   RADIX:UVM_HEX BITS=8}
  SET_ATTR @2106 {TXH:150 NAME:valid_sb VALUE:0   RADIX:UVM_HEX BITS=1}
  SET_ATTR @2106 {TXH:150 NAME:transaction_id VALUE:99   RADIX:UVM_DEC BITS=32}
END @2106 {TXH:150 TIME=0}
FREE @2106 {TXH:150}
BEGIN @2106 {TXH:151 STREAM:6 NAME:req TIME=0  TYPE="Begin_End, Link" LABEL:"" DESC=""}
  LINK @2106 {TXH1:50 TXH2:151 RELATION=child}
  SET_ATTR @2126 {TXH:151 NAME:op_type VALUE:33603684309229924   RADIX:UVM_STRING BITS=56}
  SET_ATTR @2126 {TXH:151 NAME:addr VALUE:68   RADIX:UVM_HEX BITS=32}
  SET_ATTR @2126 {TXH:151 NAME:din VALUE:104   RADIX:UVM_HEX BITS=8}
  SET_ATTR @2126 {TXH:151 NAME:dout VALUE:2   RADIX:UVM_HEX BITS=8}
  SET_ATTR @2126 {TXH:151 NAME:valid_sb VALUE:0   RADIX:UVM_HEX BITS=1}
  SET_ATTR @2126 {TXH:151 NAME:transaction_id VALUE:100   RADIX:UVM_DEC BITS=32}
END @2126 {TXH:151 TIME=0}
FREE @2126 {TXH:151}
BEGIN @2126 {TXH:152 STREAM:6 NAME:req TIME=0  TYPE="Begin_End, Link" LABEL:"" DESC=""}
  LINK @2126 {TXH1:50 TXH2:152 RELATION=child}
  SET_ATTR @2146 {TXH:152 NAME:op_type VALUE:33603684309229924   RADIX:UVM_STRING BITS=56}
  SET_ATTR @2146 {TXH:152 NAME:addr VALUE:68   RADIX:UVM_HEX BITS=32}
  SET_ATTR @2146 {TXH:152 NAME:din VALUE:114   RADIX:UVM_HEX BITS=8}
  SET_ATTR @2146 {TXH:152 NAME:dout VALUE:2   RADIX:UVM_HEX BITS=8}
  SET_ATTR @2146 {TXH:152 NAME:valid_sb VALUE:0   RADIX:UVM_HEX BITS=1}
  SET_ATTR @2146 {TXH:152 NAME:transaction_id VALUE:101   RADIX:UVM_DEC BITS=32}
END @2146 {TXH:152 TIME=0}
FREE @2146 {TXH:152}
BEGIN @2146 {TXH:153 STREAM:6 NAME:req TIME=0  TYPE="Begin_End, Link" LABEL:"" DESC=""}
  LINK @2146 {TXH1:50 TXH2:153 RELATION=child}
  SET_ATTR @2166 {TXH:153 NAME:op_type VALUE:33603684309229924   RADIX:UVM_STRING BITS=56}
  SET_ATTR @2166 {TXH:153 NAME:addr VALUE:68   RADIX:UVM_HEX BITS=32}
  SET_ATTR @2166 {TXH:153 NAME:din VALUE:89   RADIX:UVM_HEX BITS=8}
  SET_ATTR @2166 {TXH:153 NAME:dout VALUE:2   RADIX:UVM_HEX BITS=8}
  SET_ATTR @2166 {TXH:153 NAME:valid_sb VALUE:0   RADIX:UVM_HEX BITS=1}
  SET_ATTR @2166 {TXH:153 NAME:transaction_id VALUE:102   RADIX:UVM_DEC BITS=32}
END @2166 {TXH:153 TIME=0}
FREE @2166 {TXH:153}
BEGIN @2166 {TXH:154 STREAM:6 NAME:req TIME=0  TYPE="Begin_End, Link" LABEL:"" DESC=""}
  LINK @2166 {TXH1:50 TXH2:154 RELATION=child}
  SET_ATTR @2186 {TXH:154 NAME:op_type VALUE:33603684309229924   RADIX:UVM_STRING BITS=56}
  SET_ATTR @2186 {TXH:154 NAME:addr VALUE:68   RADIX:UVM_HEX BITS=32}
  SET_ATTR @2186 {TXH:154 NAME:din VALUE:116   RADIX:UVM_HEX BITS=8}
  SET_ATTR @2186 {TXH:154 NAME:dout VALUE:2   RADIX:UVM_HEX BITS=8}
  SET_ATTR @2186 {TXH:154 NAME:valid_sb VALUE:0   RADIX:UVM_HEX BITS=1}
  SET_ATTR @2186 {TXH:154 NAME:transaction_id VALUE:103   RADIX:UVM_DEC BITS=32}
END @2186 {TXH:154 TIME=0}
FREE @2186 {TXH:154}
BEGIN @2186 {TXH:155 STREAM:6 NAME:req TIME=0  TYPE="Begin_End, Link" LABEL:"" DESC=""}
  LINK @2186 {TXH1:50 TXH2:155 RELATION=child}
  SET_ATTR @2206 {TXH:155 NAME:op_type VALUE:33603684309229924   RADIX:UVM_STRING BITS=56}
  SET_ATTR @2206 {TXH:155 NAME:addr VALUE:68   RADIX:UVM_HEX BITS=32}
  SET_ATTR @2206 {TXH:155 NAME:din VALUE:225   RADIX:UVM_HEX BITS=8}
  SET_ATTR @2206 {TXH:155 NAME:dout VALUE:2   RADIX:UVM_HEX BITS=8}
  SET_ATTR @2206 {TXH:155 NAME:valid_sb VALUE:0   RADIX:UVM_HEX BITS=1}
  SET_ATTR @2206 {TXH:155 NAME:transaction_id VALUE:104   RADIX:UVM_DEC BITS=32}
END @2206 {TXH:155 TIME=0}
FREE @2206 {TXH:155}
BEGIN @2206 {TXH:156 STREAM:6 NAME:req TIME=0  TYPE="Begin_End, Link" LABEL:"" DESC=""}
  LINK @2206 {TXH1:50 TXH2:156 RELATION=child}
  SET_ATTR @2226 {TXH:156 NAME:op_type VALUE:33603684309229924   RADIX:UVM_STRING BITS=56}
  SET_ATTR @2226 {TXH:156 NAME:addr VALUE:68   RADIX:UVM_HEX BITS=32}
  SET_ATTR @2226 {TXH:156 NAME:din VALUE:199   RADIX:UVM_HEX BITS=8}
  SET_ATTR @2226 {TXH:156 NAME:dout VALUE:2   RADIX:UVM_HEX BITS=8}
  SET_ATTR @2226 {TXH:156 NAME:valid_sb VALUE:0   RADIX:UVM_HEX BITS=1}
  SET_ATTR @2226 {TXH:156 NAME:transaction_id VALUE:105   RADIX:UVM_DEC BITS=32}
END @2226 {TXH:156 TIME=0}
FREE @2226 {TXH:156}
BEGIN @2226 {TXH:157 STREAM:6 NAME:req TIME=0  TYPE="Begin_End, Link" LABEL:"" DESC=""}
  LINK @2226 {TXH1:50 TXH2:157 RELATION=child}
  SET_ATTR @2246 {TXH:157 NAME:op_type VALUE:33603684309229924   RADIX:UVM_STRING BITS=56}
  SET_ATTR @2246 {TXH:157 NAME:addr VALUE:68   RADIX:UVM_HEX BITS=32}
  SET_ATTR @2246 {TXH:157 NAME:din VALUE:201   RADIX:UVM_HEX BITS=8}
  SET_ATTR @2246 {TXH:157 NAME:dout VALUE:2   RADIX:UVM_HEX BITS=8}
  SET_ATTR @2246 {TXH:157 NAME:valid_sb VALUE:0   RADIX:UVM_HEX BITS=1}
  SET_ATTR @2246 {TXH:157 NAME:transaction_id VALUE:106   RADIX:UVM_DEC BITS=32}
END @2246 {TXH:157 TIME=0}
FREE @2246 {TXH:157}
BEGIN @2246 {TXH:158 STREAM:6 NAME:req TIME=0  TYPE="Begin_End, Link" LABEL:"" DESC=""}
  LINK @2246 {TXH1:50 TXH2:158 RELATION=child}
  SET_ATTR @2266 {TXH:158 NAME:op_type VALUE:33603684309229924   RADIX:UVM_STRING BITS=56}
  SET_ATTR @2266 {TXH:158 NAME:addr VALUE:68   RADIX:UVM_HEX BITS=32}
  SET_ATTR @2266 {TXH:158 NAME:din VALUE:107   RADIX:UVM_HEX BITS=8}
  SET_ATTR @2266 {TXH:158 NAME:dout VALUE:2   RADIX:UVM_HEX BITS=8}
  SET_ATTR @2266 {TXH:158 NAME:valid_sb VALUE:0   RADIX:UVM_HEX BITS=1}
  SET_ATTR @2266 {TXH:158 NAME:transaction_id VALUE:107   RADIX:UVM_DEC BITS=32}
END @2266 {TXH:158 TIME=0}
FREE @2266 {TXH:158}
BEGIN @2266 {TXH:159 STREAM:6 NAME:req TIME=0  TYPE="Begin_End, Link" LABEL:"" DESC=""}
  LINK @2266 {TXH1:50 TXH2:159 RELATION=child}
  SET_ATTR @2286 {TXH:159 NAME:op_type VALUE:33603684309229924   RADIX:UVM_STRING BITS=56}
  SET_ATTR @2286 {TXH:159 NAME:addr VALUE:68   RADIX:UVM_HEX BITS=32}
  SET_ATTR @2286 {TXH:159 NAME:din VALUE:155   RADIX:UVM_HEX BITS=8}
  SET_ATTR @2286 {TXH:159 NAME:dout VALUE:2   RADIX:UVM_HEX BITS=8}
  SET_ATTR @2286 {TXH:159 NAME:valid_sb VALUE:0   RADIX:UVM_HEX BITS=1}
  SET_ATTR @2286 {TXH:159 NAME:transaction_id VALUE:108   RADIX:UVM_DEC BITS=32}
END @2286 {TXH:159 TIME=0}
FREE @2286 {TXH:159}
BEGIN @2286 {TXH:160 STREAM:6 NAME:req TIME=0  TYPE="Begin_End, Link" LABEL:"" DESC=""}
  LINK @2286 {TXH1:50 TXH2:160 RELATION=child}
  SET_ATTR @2306 {TXH:160 NAME:op_type VALUE:33603684309229924   RADIX:UVM_STRING BITS=56}
  SET_ATTR @2306 {TXH:160 NAME:addr VALUE:68   RADIX:UVM_HEX BITS=32}
  SET_ATTR @2306 {TXH:160 NAME:din VALUE:136   RADIX:UVM_HEX BITS=8}
  SET_ATTR @2306 {TXH:160 NAME:dout VALUE:2   RADIX:UVM_HEX BITS=8}
  SET_ATTR @2306 {TXH:160 NAME:valid_sb VALUE:0   RADIX:UVM_HEX BITS=1}
  SET_ATTR @2306 {TXH:160 NAME:transaction_id VALUE:109   RADIX:UVM_DEC BITS=32}
END @2306 {TXH:160 TIME=0}
FREE @2306 {TXH:160}
BEGIN @2306 {TXH:161 STREAM:6 NAME:req TIME=0  TYPE="Begin_End, Link" LABEL:"" DESC=""}
  LINK @2306 {TXH1:50 TXH2:161 RELATION=child}
  SET_ATTR @2326 {TXH:161 NAME:op_type VALUE:33603684309229924   RADIX:UVM_STRING BITS=56}
  SET_ATTR @2326 {TXH:161 NAME:addr VALUE:68   RADIX:UVM_HEX BITS=32}
  SET_ATTR @2326 {TXH:161 NAME:din VALUE:82   RADIX:UVM_HEX BITS=8}
  SET_ATTR @2326 {TXH:161 NAME:dout VALUE:2   RADIX:UVM_HEX BITS=8}
  SET_ATTR @2326 {TXH:161 NAME:valid_sb VALUE:0   RADIX:UVM_HEX BITS=1}
  SET_ATTR @2326 {TXH:161 NAME:transaction_id VALUE:110   RADIX:UVM_DEC BITS=32}
END @2326 {TXH:161 TIME=0}
FREE @2326 {TXH:161}
BEGIN @2326 {TXH:162 STREAM:6 NAME:req TIME=0  TYPE="Begin_End, Link" LABEL:"" DESC=""}
  LINK @2326 {TXH1:50 TXH2:162 RELATION=child}
  SET_ATTR @2346 {TXH:162 NAME:op_type VALUE:33603684309229924   RADIX:UVM_STRING BITS=56}
  SET_ATTR @2346 {TXH:162 NAME:addr VALUE:68   RADIX:UVM_HEX BITS=32}
  SET_ATTR @2346 {TXH:162 NAME:din VALUE:130   RADIX:UVM_HEX BITS=8}
  SET_ATTR @2346 {TXH:162 NAME:dout VALUE:2   RADIX:UVM_HEX BITS=8}
  SET_ATTR @2346 {TXH:162 NAME:valid_sb VALUE:0   RADIX:UVM_HEX BITS=1}
  SET_ATTR @2346 {TXH:162 NAME:transaction_id VALUE:111   RADIX:UVM_DEC BITS=32}
END @2346 {TXH:162 TIME=0}
FREE @2346 {TXH:162}
BEGIN @2346 {TXH:163 STREAM:6 NAME:req TIME=0  TYPE="Begin_End, Link" LABEL:"" DESC=""}
  LINK @2346 {TXH1:50 TXH2:163 RELATION=child}
  SET_ATTR @2366 {TXH:163 NAME:op_type VALUE:33603684309229924   RADIX:UVM_STRING BITS=56}
  SET_ATTR @2366 {TXH:163 NAME:addr VALUE:68   RADIX:UVM_HEX BITS=32}
  SET_ATTR @2366 {TXH:163 NAME:din VALUE:148   RADIX:UVM_HEX BITS=8}
  SET_ATTR @2366 {TXH:163 NAME:dout VALUE:2   RADIX:UVM_HEX BITS=8}
  SET_ATTR @2366 {TXH:163 NAME:valid_sb VALUE:0   RADIX:UVM_HEX BITS=1}
  SET_ATTR @2366 {TXH:163 NAME:transaction_id VALUE:112   RADIX:UVM_DEC BITS=32}
END @2366 {TXH:163 TIME=0}
FREE @2366 {TXH:163}
BEGIN @2366 {TXH:164 STREAM:6 NAME:req TIME=0  TYPE="Begin_End, Link" LABEL:"" DESC=""}
  LINK @2366 {TXH1:50 TXH2:164 RELATION=child}
  SET_ATTR @2386 {TXH:164 NAME:op_type VALUE:33603684309229924   RADIX:UVM_STRING BITS=56}
  SET_ATTR @2386 {TXH:164 NAME:addr VALUE:68   RADIX:UVM_HEX BITS=32}
  SET_ATTR @2386 {TXH:164 NAME:din VALUE:218   RADIX:UVM_HEX BITS=8}
  SET_ATTR @2386 {TXH:164 NAME:dout VALUE:66   RADIX:UVM_HEX BITS=8}
  SET_ATTR @2386 {TXH:164 NAME:valid_sb VALUE:0   RADIX:UVM_HEX BITS=1}
  SET_ATTR @2386 {TXH:164 NAME:transaction_id VALUE:113   RADIX:UVM_DEC BITS=32}
END @2386 {TXH:164 TIME=0}
FREE @2386 {TXH:164}
BEGIN @2386 {TXH:165 STREAM:6 NAME:req TIME=0  TYPE="Begin_End, Link" LABEL:"" DESC=""}
  LINK @2386 {TXH1:50 TXH2:165 RELATION=child}
  SET_ATTR @2406 {TXH:165 NAME:op_type VALUE:33603684309229924   RADIX:UVM_STRING BITS=56}
  SET_ATTR @2406 {TXH:165 NAME:addr VALUE:68   RADIX:UVM_HEX BITS=32}
  SET_ATTR @2406 {TXH:165 NAME:din VALUE:99   RADIX:UVM_HEX BITS=8}
  SET_ATTR @2406 {TXH:165 NAME:dout VALUE:66   RADIX:UVM_HEX BITS=8}
  SET_ATTR @2406 {TXH:165 NAME:valid_sb VALUE:0   RADIX:UVM_HEX BITS=1}
  SET_ATTR @2406 {TXH:165 NAME:transaction_id VALUE:114   RADIX:UVM_DEC BITS=32}
END @2406 {TXH:165 TIME=0}
FREE @2406 {TXH:165}
BEGIN @2406 {TXH:166 STREAM:6 NAME:req TIME=0  TYPE="Begin_End, Link" LABEL:"" DESC=""}
  LINK @2406 {TXH1:50 TXH2:166 RELATION=child}
  SET_ATTR @2426 {TXH:166 NAME:op_type VALUE:33603684309229924   RADIX:UVM_STRING BITS=56}
  SET_ATTR @2426 {TXH:166 NAME:addr VALUE:68   RADIX:UVM_HEX BITS=32}
  SET_ATTR @2426 {TXH:166 NAME:din VALUE:11   RADIX:UVM_HEX BITS=8}
  SET_ATTR @2426 {TXH:166 NAME:dout VALUE:66   RADIX:UVM_HEX BITS=8}
  SET_ATTR @2426 {TXH:166 NAME:valid_sb VALUE:0   RADIX:UVM_HEX BITS=1}
  SET_ATTR @2426 {TXH:166 NAME:transaction_id VALUE:115   RADIX:UVM_DEC BITS=32}
END @2426 {TXH:166 TIME=0}
FREE @2426 {TXH:166}
BEGIN @2426 {TXH:167 STREAM:6 NAME:req TIME=0  TYPE="Begin_End, Link" LABEL:"" DESC=""}
  LINK @2426 {TXH1:50 TXH2:167 RELATION=child}
  SET_ATTR @2446 {TXH:167 NAME:op_type VALUE:33603684309229924   RADIX:UVM_STRING BITS=56}
  SET_ATTR @2446 {TXH:167 NAME:addr VALUE:68   RADIX:UVM_HEX BITS=32}
  SET_ATTR @2446 {TXH:167 NAME:din VALUE:189   RADIX:UVM_HEX BITS=8}
  SET_ATTR @2446 {TXH:167 NAME:dout VALUE:66   RADIX:UVM_HEX BITS=8}
  SET_ATTR @2446 {TXH:167 NAME:valid_sb VALUE:0   RADIX:UVM_HEX BITS=1}
  SET_ATTR @2446 {TXH:167 NAME:transaction_id VALUE:116   RADIX:UVM_DEC BITS=32}
END @2446 {TXH:167 TIME=0}
FREE @2446 {TXH:167}
BEGIN @2446 {TXH:168 STREAM:6 NAME:req TIME=0  TYPE="Begin_End, Link" LABEL:"" DESC=""}
  LINK @2446 {TXH1:50 TXH2:168 RELATION=child}
  SET_ATTR @2466 {TXH:168 NAME:op_type VALUE:33603684309229924   RADIX:UVM_STRING BITS=56}
  SET_ATTR @2466 {TXH:168 NAME:addr VALUE:68   RADIX:UVM_HEX BITS=32}
  SET_ATTR @2466 {TXH:168 NAME:din VALUE:100   RADIX:UVM_HEX BITS=8}
  SET_ATTR @2466 {TXH:168 NAME:dout VALUE:66   RADIX:UVM_HEX BITS=8}
  SET_ATTR @2466 {TXH:168 NAME:valid_sb VALUE:0   RADIX:UVM_HEX BITS=1}
  SET_ATTR @2466 {TXH:168 NAME:transaction_id VALUE:117   RADIX:UVM_DEC BITS=32}
END @2466 {TXH:168 TIME=0}
FREE @2466 {TXH:168}
BEGIN @2466 {TXH:169 STREAM:6 NAME:req TIME=0  TYPE="Begin_End, Link" LABEL:"" DESC=""}
  LINK @2466 {TXH1:50 TXH2:169 RELATION=child}
  SET_ATTR @2486 {TXH:169 NAME:op_type VALUE:33603684309229924   RADIX:UVM_STRING BITS=56}
  SET_ATTR @2486 {TXH:169 NAME:addr VALUE:68   RADIX:UVM_HEX BITS=32}
  SET_ATTR @2486 {TXH:169 NAME:din VALUE:208   RADIX:UVM_HEX BITS=8}
  SET_ATTR @2486 {TXH:169 NAME:dout VALUE:66   RADIX:UVM_HEX BITS=8}
  SET_ATTR @2486 {TXH:169 NAME:valid_sb VALUE:0   RADIX:UVM_HEX BITS=1}
  SET_ATTR @2486 {TXH:169 NAME:transaction_id VALUE:118   RADIX:UVM_DEC BITS=32}
END @2486 {TXH:169 TIME=0}
FREE @2486 {TXH:169}
BEGIN @2486 {TXH:170 STREAM:6 NAME:req TIME=0  TYPE="Begin_End, Link" LABEL:"" DESC=""}
  LINK @2486 {TXH1:50 TXH2:170 RELATION=child}
  SET_ATTR @2506 {TXH:170 NAME:op_type VALUE:33603684309229924   RADIX:UVM_STRING BITS=56}
  SET_ATTR @2506 {TXH:170 NAME:addr VALUE:68   RADIX:UVM_HEX BITS=32}
  SET_ATTR @2506 {TXH:170 NAME:din VALUE:138   RADIX:UVM_HEX BITS=8}
  SET_ATTR @2506 {TXH:170 NAME:dout VALUE:66   RADIX:UVM_HEX BITS=8}
  SET_ATTR @2506 {TXH:170 NAME:valid_sb VALUE:0   RADIX:UVM_HEX BITS=1}
  SET_ATTR @2506 {TXH:170 NAME:transaction_id VALUE:119   RADIX:UVM_DEC BITS=32}
END @2506 {TXH:170 TIME=0}
FREE @2506 {TXH:170}
BEGIN @2506 {TXH:171 STREAM:6 NAME:req TIME=0  TYPE="Begin_End, Link" LABEL:"" DESC=""}
  LINK @2506 {TXH1:50 TXH2:171 RELATION=child}
  SET_ATTR @2526 {TXH:171 NAME:op_type VALUE:33603684309229924   RADIX:UVM_STRING BITS=56}
  SET_ATTR @2526 {TXH:171 NAME:addr VALUE:68   RADIX:UVM_HEX BITS=32}
  SET_ATTR @2526 {TXH:171 NAME:din VALUE:74   RADIX:UVM_HEX BITS=8}
  SET_ATTR @2526 {TXH:171 NAME:dout VALUE:66   RADIX:UVM_HEX BITS=8}
  SET_ATTR @2526 {TXH:171 NAME:valid_sb VALUE:0   RADIX:UVM_HEX BITS=1}
  SET_ATTR @2526 {TXH:171 NAME:transaction_id VALUE:120   RADIX:UVM_DEC BITS=32}
END @2526 {TXH:171 TIME=0}
FREE @2526 {TXH:171}
BEGIN @2526 {TXH:172 STREAM:6 NAME:req TIME=0  TYPE="Begin_End, Link" LABEL:"" DESC=""}
  LINK @2526 {TXH1:50 TXH2:172 RELATION=child}
  SET_ATTR @2546 {TXH:172 NAME:op_type VALUE:33603684309229924   RADIX:UVM_STRING BITS=56}
  SET_ATTR @2546 {TXH:172 NAME:addr VALUE:68   RADIX:UVM_HEX BITS=32}
  SET_ATTR @2546 {TXH:172 NAME:din VALUE:173   RADIX:UVM_HEX BITS=8}
  SET_ATTR @2546 {TXH:172 NAME:dout VALUE:66   RADIX:UVM_HEX BITS=8}
  SET_ATTR @2546 {TXH:172 NAME:valid_sb VALUE:0   RADIX:UVM_HEX BITS=1}
  SET_ATTR @2546 {TXH:172 NAME:transaction_id VALUE:121   RADIX:UVM_DEC BITS=32}
END @2546 {TXH:172 TIME=0}
FREE @2546 {TXH:172}
BEGIN @2546 {TXH:173 STREAM:6 NAME:req TIME=0  TYPE="Begin_End, Link" LABEL:"" DESC=""}
  LINK @2546 {TXH1:50 TXH2:173 RELATION=child}
  SET_ATTR @2566 {TXH:173 NAME:op_type VALUE:33603684309229924   RADIX:UVM_STRING BITS=56}
  SET_ATTR @2566 {TXH:173 NAME:addr VALUE:68   RADIX:UVM_HEX BITS=32}
  SET_ATTR @2566 {TXH:173 NAME:din VALUE:46   RADIX:UVM_HEX BITS=8}
  SET_ATTR @2566 {TXH:173 NAME:dout VALUE:66   RADIX:UVM_HEX BITS=8}
  SET_ATTR @2566 {TXH:173 NAME:valid_sb VALUE:0   RADIX:UVM_HEX BITS=1}
  SET_ATTR @2566 {TXH:173 NAME:transaction_id VALUE:122   RADIX:UVM_DEC BITS=32}
END @2566 {TXH:173 TIME=0}
FREE @2566 {TXH:173}
BEGIN @2566 {TXH:174 STREAM:6 NAME:req TIME=0  TYPE="Begin_End, Link" LABEL:"" DESC=""}
  LINK @2566 {TXH1:50 TXH2:174 RELATION=child}
  SET_ATTR @2586 {TXH:174 NAME:op_type VALUE:33603684309229924   RADIX:UVM_STRING BITS=56}
  SET_ATTR @2586 {TXH:174 NAME:addr VALUE:68   RADIX:UVM_HEX BITS=32}
  SET_ATTR @2586 {TXH:174 NAME:din VALUE:165   RADIX:UVM_HEX BITS=8}
  SET_ATTR @2586 {TXH:174 NAME:dout VALUE:66   RADIX:UVM_HEX BITS=8}
  SET_ATTR @2586 {TXH:174 NAME:valid_sb VALUE:0   RADIX:UVM_HEX BITS=1}
  SET_ATTR @2586 {TXH:174 NAME:transaction_id VALUE:123   RADIX:UVM_DEC BITS=32}
END @2586 {TXH:174 TIME=0}
FREE @2586 {TXH:174}
BEGIN @2586 {TXH:175 STREAM:6 NAME:req TIME=0  TYPE="Begin_End, Link" LABEL:"" DESC=""}
  LINK @2586 {TXH1:50 TXH2:175 RELATION=child}
  SET_ATTR @2606 {TXH:175 NAME:op_type VALUE:33603684309229924   RADIX:UVM_STRING BITS=56}
  SET_ATTR @2606 {TXH:175 NAME:addr VALUE:68   RADIX:UVM_HEX BITS=32}
  SET_ATTR @2606 {TXH:175 NAME:din VALUE:75   RADIX:UVM_HEX BITS=8}
  SET_ATTR @2606 {TXH:175 NAME:dout VALUE:66   RADIX:UVM_HEX BITS=8}
  SET_ATTR @2606 {TXH:175 NAME:valid_sb VALUE:0   RADIX:UVM_HEX BITS=1}
  SET_ATTR @2606 {TXH:175 NAME:transaction_id VALUE:124   RADIX:UVM_DEC BITS=32}
END @2606 {TXH:175 TIME=0}
FREE @2606 {TXH:175}
BEGIN @2606 {TXH:176 STREAM:6 NAME:req TIME=0  TYPE="Begin_End, Link" LABEL:"" DESC=""}
  LINK @2606 {TXH1:50 TXH2:176 RELATION=child}
  SET_ATTR @2626 {TXH:176 NAME:op_type VALUE:33603684309229924   RADIX:UVM_STRING BITS=56}
  SET_ATTR @2626 {TXH:176 NAME:addr VALUE:68   RADIX:UVM_HEX BITS=32}
  SET_ATTR @2626 {TXH:176 NAME:din VALUE:188   RADIX:UVM_HEX BITS=8}
  SET_ATTR @2626 {TXH:176 NAME:dout VALUE:66   RADIX:UVM_HEX BITS=8}
  SET_ATTR @2626 {TXH:176 NAME:valid_sb VALUE:0   RADIX:UVM_HEX BITS=1}
  SET_ATTR @2626 {TXH:176 NAME:transaction_id VALUE:125   RADIX:UVM_DEC BITS=32}
END @2626 {TXH:176 TIME=0}
FREE @2626 {TXH:176}
BEGIN @2626 {TXH:177 STREAM:6 NAME:req TIME=0  TYPE="Begin_End, Link" LABEL:"" DESC=""}
  LINK @2626 {TXH1:50 TXH2:177 RELATION=child}
  SET_ATTR @2646 {TXH:177 NAME:op_type VALUE:33603684309229924   RADIX:UVM_STRING BITS=56}
  SET_ATTR @2646 {TXH:177 NAME:addr VALUE:68   RADIX:UVM_HEX BITS=32}
  SET_ATTR @2646 {TXH:177 NAME:din VALUE:150   RADIX:UVM_HEX BITS=8}
  SET_ATTR @2646 {TXH:177 NAME:dout VALUE:66   RADIX:UVM_HEX BITS=8}
  SET_ATTR @2646 {TXH:177 NAME:valid_sb VALUE:0   RADIX:UVM_HEX BITS=1}
  SET_ATTR @2646 {TXH:177 NAME:transaction_id VALUE:126   RADIX:UVM_DEC BITS=32}
END @2646 {TXH:177 TIME=0}
FREE @2646 {TXH:177}
BEGIN @2646 {TXH:178 STREAM:6 NAME:req TIME=0  TYPE="Begin_End, Link" LABEL:"" DESC=""}
  LINK @2646 {TXH1:50 TXH2:178 RELATION=child}
  SET_ATTR @2666 {TXH:178 NAME:op_type VALUE:33603684309229924   RADIX:UVM_STRING BITS=56}
  SET_ATTR @2666 {TXH:178 NAME:addr VALUE:68   RADIX:UVM_HEX BITS=32}
  SET_ATTR @2666 {TXH:178 NAME:din VALUE:85   RADIX:UVM_HEX BITS=8}
  SET_ATTR @2666 {TXH:178 NAME:dout VALUE:66   RADIX:UVM_HEX BITS=8}
  SET_ATTR @2666 {TXH:178 NAME:valid_sb VALUE:0   RADIX:UVM_HEX BITS=1}
  SET_ATTR @2666 {TXH:178 NAME:transaction_id VALUE:127   RADIX:UVM_DEC BITS=32}
END @2666 {TXH:178 TIME=0}
FREE @2666 {TXH:178}
BEGIN @2666 {TXH:179 STREAM:6 NAME:req TIME=0  TYPE="Begin_End, Link" LABEL:"" DESC=""}
  LINK @2666 {TXH1:50 TXH2:179 RELATION=child}
  SET_ATTR @2686 {TXH:179 NAME:op_type VALUE:33603684309229924   RADIX:UVM_STRING BITS=56}
  SET_ATTR @2686 {TXH:179 NAME:addr VALUE:68   RADIX:UVM_HEX BITS=32}
  SET_ATTR @2686 {TXH:179 NAME:din VALUE:239   RADIX:UVM_HEX BITS=8}
  SET_ATTR @2686 {TXH:179 NAME:dout VALUE:66   RADIX:UVM_HEX BITS=8}
  SET_ATTR @2686 {TXH:179 NAME:valid_sb VALUE:0   RADIX:UVM_HEX BITS=1}
  SET_ATTR @2686 {TXH:179 NAME:transaction_id VALUE:128   RADIX:UVM_DEC BITS=32}
END @2686 {TXH:179 TIME=0}
FREE @2686 {TXH:179}
BEGIN @2686 {TXH:180 STREAM:6 NAME:req TIME=0  TYPE="Begin_End, Link" LABEL:"" DESC=""}
  LINK @2686 {TXH1:50 TXH2:180 RELATION=child}
  SET_ATTR @2706 {TXH:180 NAME:op_type VALUE:33603684309229924   RADIX:UVM_STRING BITS=56}
  SET_ATTR @2706 {TXH:180 NAME:addr VALUE:68   RADIX:UVM_HEX BITS=32}
  SET_ATTR @2706 {TXH:180 NAME:din VALUE:71   RADIX:UVM_HEX BITS=8}
  SET_ATTR @2706 {TXH:180 NAME:dout VALUE:66   RADIX:UVM_HEX BITS=8}
  SET_ATTR @2706 {TXH:180 NAME:valid_sb VALUE:0   RADIX:UVM_HEX BITS=1}
  SET_ATTR @2706 {TXH:180 NAME:transaction_id VALUE:129   RADIX:UVM_DEC BITS=32}
END @2706 {TXH:180 TIME=0}
FREE @2706 {TXH:180}
BEGIN @2706 {TXH:181 STREAM:6 NAME:req TIME=0  TYPE="Begin_End, Link" LABEL:"" DESC=""}
  LINK @2706 {TXH1:50 TXH2:181 RELATION=child}
  SET_ATTR @2726 {TXH:181 NAME:op_type VALUE:33603684309229924   RADIX:UVM_STRING BITS=56}
  SET_ATTR @2726 {TXH:181 NAME:addr VALUE:68   RADIX:UVM_HEX BITS=32}
  SET_ATTR @2726 {TXH:181 NAME:din VALUE:175   RADIX:UVM_HEX BITS=8}
  SET_ATTR @2726 {TXH:181 NAME:dout VALUE:66   RADIX:UVM_HEX BITS=8}
  SET_ATTR @2726 {TXH:181 NAME:valid_sb VALUE:0   RADIX:UVM_HEX BITS=1}
  SET_ATTR @2726 {TXH:181 NAME:transaction_id VALUE:130   RADIX:UVM_DEC BITS=32}
END @2726 {TXH:181 TIME=0}
FREE @2726 {TXH:181}
BEGIN @2726 {TXH:182 STREAM:6 NAME:req TIME=0  TYPE="Begin_End, Link" LABEL:"" DESC=""}
  LINK @2726 {TXH1:50 TXH2:182 RELATION=child}
  SET_ATTR @2746 {TXH:182 NAME:op_type VALUE:33603684309229924   RADIX:UVM_STRING BITS=56}
  SET_ATTR @2746 {TXH:182 NAME:addr VALUE:68   RADIX:UVM_HEX BITS=32}
  SET_ATTR @2746 {TXH:182 NAME:din VALUE:158   RADIX:UVM_HEX BITS=8}
  SET_ATTR @2746 {TXH:182 NAME:dout VALUE:66   RADIX:UVM_HEX BITS=8}
  SET_ATTR @2746 {TXH:182 NAME:valid_sb VALUE:0   RADIX:UVM_HEX BITS=1}
  SET_ATTR @2746 {TXH:182 NAME:transaction_id VALUE:131   RADIX:UVM_DEC BITS=32}
END @2746 {TXH:182 TIME=0}
FREE @2746 {TXH:182}
BEGIN @2746 {TXH:183 STREAM:6 NAME:req TIME=0  TYPE="Begin_End, Link" LABEL:"" DESC=""}
  LINK @2746 {TXH1:50 TXH2:183 RELATION=child}
  SET_ATTR @2766 {TXH:183 NAME:op_type VALUE:33603684309229924   RADIX:UVM_STRING BITS=56}
  SET_ATTR @2766 {TXH:183 NAME:addr VALUE:68   RADIX:UVM_HEX BITS=32}
  SET_ATTR @2766 {TXH:183 NAME:din VALUE:41   RADIX:UVM_HEX BITS=8}
  SET_ATTR @2766 {TXH:183 NAME:dout VALUE:66   RADIX:UVM_HEX BITS=8}
  SET_ATTR @2766 {TXH:183 NAME:valid_sb VALUE:0   RADIX:UVM_HEX BITS=1}
  SET_ATTR @2766 {TXH:183 NAME:transaction_id VALUE:132   RADIX:UVM_DEC BITS=32}
END @2766 {TXH:183 TIME=0}
FREE @2766 {TXH:183}
BEGIN @2766 {TXH:184 STREAM:6 NAME:req TIME=0  TYPE="Begin_End, Link" LABEL:"" DESC=""}
  LINK @2766 {TXH1:50 TXH2:184 RELATION=child}
  SET_ATTR @2786 {TXH:184 NAME:op_type VALUE:33603684309229924   RADIX:UVM_STRING BITS=56}
  SET_ATTR @2786 {TXH:184 NAME:addr VALUE:68   RADIX:UVM_HEX BITS=32}
  SET_ATTR @2786 {TXH:184 NAME:din VALUE:42   RADIX:UVM_HEX BITS=8}
  SET_ATTR @2786 {TXH:184 NAME:dout VALUE:66   RADIX:UVM_HEX BITS=8}
  SET_ATTR @2786 {TXH:184 NAME:valid_sb VALUE:0   RADIX:UVM_HEX BITS=1}
  SET_ATTR @2786 {TXH:184 NAME:transaction_id VALUE:133   RADIX:UVM_DEC BITS=32}
END @2786 {TXH:184 TIME=0}
FREE @2786 {TXH:184}
BEGIN @2786 {TXH:185 STREAM:6 NAME:req TIME=0  TYPE="Begin_End, Link" LABEL:"" DESC=""}
  LINK @2786 {TXH1:50 TXH2:185 RELATION=child}
  SET_ATTR @2806 {TXH:185 NAME:op_type VALUE:33603684309229924   RADIX:UVM_STRING BITS=56}
  SET_ATTR @2806 {TXH:185 NAME:addr VALUE:68   RADIX:UVM_HEX BITS=32}
  SET_ATTR @2806 {TXH:185 NAME:din VALUE:224   RADIX:UVM_HEX BITS=8}
  SET_ATTR @2806 {TXH:185 NAME:dout VALUE:66   RADIX:UVM_HEX BITS=8}
  SET_ATTR @2806 {TXH:185 NAME:valid_sb VALUE:0   RADIX:UVM_HEX BITS=1}
  SET_ATTR @2806 {TXH:185 NAME:transaction_id VALUE:134   RADIX:UVM_DEC BITS=32}
END @2806 {TXH:185 TIME=0}
FREE @2806 {TXH:185}
BEGIN @2806 {TXH:186 STREAM:6 NAME:req TIME=0  TYPE="Begin_End, Link" LABEL:"" DESC=""}
  LINK @2806 {TXH1:50 TXH2:186 RELATION=child}
  SET_ATTR @2826 {TXH:186 NAME:op_type VALUE:33603684309229924   RADIX:UVM_STRING BITS=56}
  SET_ATTR @2826 {TXH:186 NAME:addr VALUE:68   RADIX:UVM_HEX BITS=32}
  SET_ATTR @2826 {TXH:186 NAME:din VALUE:19   RADIX:UVM_HEX BITS=8}
  SET_ATTR @2826 {TXH:186 NAME:dout VALUE:66   RADIX:UVM_HEX BITS=8}
  SET_ATTR @2826 {TXH:186 NAME:valid_sb VALUE:0   RADIX:UVM_HEX BITS=1}
  SET_ATTR @2826 {TXH:186 NAME:transaction_id VALUE:135   RADIX:UVM_DEC BITS=32}
END @2826 {TXH:186 TIME=0}
FREE @2826 {TXH:186}
BEGIN @2826 {TXH:187 STREAM:6 NAME:req TIME=0  TYPE="Begin_End, Link" LABEL:"" DESC=""}
  LINK @2826 {TXH1:50 TXH2:187 RELATION=child}
  SET_ATTR @2846 {TXH:187 NAME:op_type VALUE:33603684309229924   RADIX:UVM_STRING BITS=56}
  SET_ATTR @2846 {TXH:187 NAME:addr VALUE:68   RADIX:UVM_HEX BITS=32}
  SET_ATTR @2846 {TXH:187 NAME:din VALUE:222   RADIX:UVM_HEX BITS=8}
  SET_ATTR @2846 {TXH:187 NAME:dout VALUE:66   RADIX:UVM_HEX BITS=8}
  SET_ATTR @2846 {TXH:187 NAME:valid_sb VALUE:0   RADIX:UVM_HEX BITS=1}
  SET_ATTR @2846 {TXH:187 NAME:transaction_id VALUE:136   RADIX:UVM_DEC BITS=32}
END @2846 {TXH:187 TIME=0}
FREE @2846 {TXH:187}
BEGIN @2846 {TXH:188 STREAM:6 NAME:req TIME=0  TYPE="Begin_End, Link" LABEL:"" DESC=""}
  LINK @2846 {TXH1:50 TXH2:188 RELATION=child}
  SET_ATTR @2866 {TXH:188 NAME:op_type VALUE:33603684309229924   RADIX:UVM_STRING BITS=56}
  SET_ATTR @2866 {TXH:188 NAME:addr VALUE:68   RADIX:UVM_HEX BITS=32}
  SET_ATTR @2866 {TXH:188 NAME:din VALUE:150   RADIX:UVM_HEX BITS=8}
  SET_ATTR @2866 {TXH:188 NAME:dout VALUE:66   RADIX:UVM_HEX BITS=8}
  SET_ATTR @2866 {TXH:188 NAME:valid_sb VALUE:0   RADIX:UVM_HEX BITS=1}
  SET_ATTR @2866 {TXH:188 NAME:transaction_id VALUE:137   RADIX:UVM_DEC BITS=32}
END @2866 {TXH:188 TIME=0}
FREE @2866 {TXH:188}
BEGIN @2866 {TXH:189 STREAM:6 NAME:req TIME=0  TYPE="Begin_End, Link" LABEL:"" DESC=""}
  LINK @2866 {TXH1:50 TXH2:189 RELATION=child}
  SET_ATTR @2886 {TXH:189 NAME:op_type VALUE:33603684309229924   RADIX:UVM_STRING BITS=56}
  SET_ATTR @2886 {TXH:189 NAME:addr VALUE:68   RADIX:UVM_HEX BITS=32}
  SET_ATTR @2886 {TXH:189 NAME:din VALUE:176   RADIX:UVM_HEX BITS=8}
  SET_ATTR @2886 {TXH:189 NAME:dout VALUE:66   RADIX:UVM_HEX BITS=8}
  SET_ATTR @2886 {TXH:189 NAME:valid_sb VALUE:0   RADIX:UVM_HEX BITS=1}
  SET_ATTR @2886 {TXH:189 NAME:transaction_id VALUE:138   RADIX:UVM_DEC BITS=32}
END @2886 {TXH:189 TIME=0}
FREE @2886 {TXH:189}
BEGIN @2886 {TXH:190 STREAM:6 NAME:req TIME=0  TYPE="Begin_End, Link" LABEL:"" DESC=""}
  LINK @2886 {TXH1:50 TXH2:190 RELATION=child}
  SET_ATTR @2906 {TXH:190 NAME:op_type VALUE:33603684309229924   RADIX:UVM_STRING BITS=56}
  SET_ATTR @2906 {TXH:190 NAME:addr VALUE:68   RADIX:UVM_HEX BITS=32}
  SET_ATTR @2906 {TXH:190 NAME:din VALUE:42   RADIX:UVM_HEX BITS=8}
  SET_ATTR @2906 {TXH:190 NAME:dout VALUE:66   RADIX:UVM_HEX BITS=8}
  SET_ATTR @2906 {TXH:190 NAME:valid_sb VALUE:0   RADIX:UVM_HEX BITS=1}
  SET_ATTR @2906 {TXH:190 NAME:transaction_id VALUE:139   RADIX:UVM_DEC BITS=32}
END @2906 {TXH:190 TIME=0}
FREE @2906 {TXH:190}
BEGIN @2906 {TXH:191 STREAM:6 NAME:req TIME=0  TYPE="Begin_End, Link" LABEL:"" DESC=""}
  LINK @2906 {TXH1:50 TXH2:191 RELATION=child}
  SET_ATTR @2926 {TXH:191 NAME:op_type VALUE:33603684309229924   RADIX:UVM_STRING BITS=56}
  SET_ATTR @2926 {TXH:191 NAME:addr VALUE:68   RADIX:UVM_HEX BITS=32}
  SET_ATTR @2926 {TXH:191 NAME:din VALUE:192   RADIX:UVM_HEX BITS=8}
  SET_ATTR @2926 {TXH:191 NAME:dout VALUE:66   RADIX:UVM_HEX BITS=8}
  SET_ATTR @2926 {TXH:191 NAME:valid_sb VALUE:0   RADIX:UVM_HEX BITS=1}
  SET_ATTR @2926 {TXH:191 NAME:transaction_id VALUE:140   RADIX:UVM_DEC BITS=32}
END @2926 {TXH:191 TIME=0}
FREE @2926 {TXH:191}
BEGIN @2926 {TXH:192 STREAM:6 NAME:req TIME=0  TYPE="Begin_End, Link" LABEL:"" DESC=""}
  LINK @2926 {TXH1:50 TXH2:192 RELATION=child}
  SET_ATTR @2946 {TXH:192 NAME:op_type VALUE:33603684309229924   RADIX:UVM_STRING BITS=56}
  SET_ATTR @2946 {TXH:192 NAME:addr VALUE:68   RADIX:UVM_HEX BITS=32}
  SET_ATTR @2946 {TXH:192 NAME:din VALUE:29   RADIX:UVM_HEX BITS=8}
  SET_ATTR @2946 {TXH:192 NAME:dout VALUE:66   RADIX:UVM_HEX BITS=8}
  SET_ATTR @2946 {TXH:192 NAME:valid_sb VALUE:0   RADIX:UVM_HEX BITS=1}
  SET_ATTR @2946 {TXH:192 NAME:transaction_id VALUE:141   RADIX:UVM_DEC BITS=32}
END @2946 {TXH:192 TIME=0}
FREE @2946 {TXH:192}
BEGIN @2946 {TXH:193 STREAM:6 NAME:req TIME=0  TYPE="Begin_End, Link" LABEL:"" DESC=""}
  LINK @2946 {TXH1:50 TXH2:193 RELATION=child}
  SET_ATTR @2966 {TXH:193 NAME:op_type VALUE:33603684309229924   RADIX:UVM_STRING BITS=56}
  SET_ATTR @2966 {TXH:193 NAME:addr VALUE:68   RADIX:UVM_HEX BITS=32}
  SET_ATTR @2966 {TXH:193 NAME:din VALUE:81   RADIX:UVM_HEX BITS=8}
  SET_ATTR @2966 {TXH:193 NAME:dout VALUE:66   RADIX:UVM_HEX BITS=8}
  SET_ATTR @2966 {TXH:193 NAME:valid_sb VALUE:0   RADIX:UVM_HEX BITS=1}
  SET_ATTR @2966 {TXH:193 NAME:transaction_id VALUE:142   RADIX:UVM_DEC BITS=32}
END @2966 {TXH:193 TIME=0}
FREE @2966 {TXH:193}
BEGIN @2966 {TXH:194 STREAM:6 NAME:req TIME=0  TYPE="Begin_End, Link" LABEL:"" DESC=""}
  LINK @2966 {TXH1:50 TXH2:194 RELATION=child}
  SET_ATTR @2986 {TXH:194 NAME:op_type VALUE:33603684309229924   RADIX:UVM_STRING BITS=56}
  SET_ATTR @2986 {TXH:194 NAME:addr VALUE:68   RADIX:UVM_HEX BITS=32}
  SET_ATTR @2986 {TXH:194 NAME:din VALUE:10   RADIX:UVM_HEX BITS=8}
  SET_ATTR @2986 {TXH:194 NAME:dout VALUE:66   RADIX:UVM_HEX BITS=8}
  SET_ATTR @2986 {TXH:194 NAME:valid_sb VALUE:0   RADIX:UVM_HEX BITS=1}
  SET_ATTR @2986 {TXH:194 NAME:transaction_id VALUE:143   RADIX:UVM_DEC BITS=32}
END @2986 {TXH:194 TIME=0}
FREE @2986 {TXH:194}
BEGIN @2986 {TXH:195 STREAM:6 NAME:req TIME=0  TYPE="Begin_End, Link" LABEL:"" DESC=""}
  LINK @2986 {TXH1:50 TXH2:195 RELATION=child}
  SET_ATTR @3006 {TXH:195 NAME:op_type VALUE:33603684309229924   RADIX:UVM_STRING BITS=56}
  SET_ATTR @3006 {TXH:195 NAME:addr VALUE:68   RADIX:UVM_HEX BITS=32}
  SET_ATTR @3006 {TXH:195 NAME:din VALUE:10   RADIX:UVM_HEX BITS=8}
  SET_ATTR @3006 {TXH:195 NAME:dout VALUE:66   RADIX:UVM_HEX BITS=8}
  SET_ATTR @3006 {TXH:195 NAME:valid_sb VALUE:0   RADIX:UVM_HEX BITS=1}
  SET_ATTR @3006 {TXH:195 NAME:transaction_id VALUE:144   RADIX:UVM_DEC BITS=32}
END @3006 {TXH:195 TIME=0}
FREE @3006 {TXH:195}
BEGIN @3006 {TXH:196 STREAM:6 NAME:req TIME=0  TYPE="Begin_End, Link" LABEL:"" DESC=""}
  LINK @3006 {TXH1:50 TXH2:196 RELATION=child}
  SET_ATTR @3026 {TXH:196 NAME:op_type VALUE:33603684309229924   RADIX:UVM_STRING BITS=56}
  SET_ATTR @3026 {TXH:196 NAME:addr VALUE:68   RADIX:UVM_HEX BITS=32}
  SET_ATTR @3026 {TXH:196 NAME:din VALUE:177   RADIX:UVM_HEX BITS=8}
  SET_ATTR @3026 {TXH:196 NAME:dout VALUE:66   RADIX:UVM_HEX BITS=8}
  SET_ATTR @3026 {TXH:196 NAME:valid_sb VALUE:0   RADIX:UVM_HEX BITS=1}
  SET_ATTR @3026 {TXH:196 NAME:transaction_id VALUE:145   RADIX:UVM_DEC BITS=32}
END @3026 {TXH:196 TIME=0}
FREE @3026 {TXH:196}
BEGIN @3026 {TXH:197 STREAM:6 NAME:req TIME=0  TYPE="Begin_End, Link" LABEL:"" DESC=""}
  LINK @3026 {TXH1:50 TXH2:197 RELATION=child}
  SET_ATTR @3046 {TXH:197 NAME:op_type VALUE:33603684309229924   RADIX:UVM_STRING BITS=56}
  SET_ATTR @3046 {TXH:197 NAME:addr VALUE:68   RADIX:UVM_HEX BITS=32}
  SET_ATTR @3046 {TXH:197 NAME:din VALUE:179   RADIX:UVM_HEX BITS=8}
  SET_ATTR @3046 {TXH:197 NAME:dout VALUE:66   RADIX:UVM_HEX BITS=8}
  SET_ATTR @3046 {TXH:197 NAME:valid_sb VALUE:0   RADIX:UVM_HEX BITS=1}
  SET_ATTR @3046 {TXH:197 NAME:transaction_id VALUE:146   RADIX:UVM_DEC BITS=32}
END @3046 {TXH:197 TIME=0}
FREE @3046 {TXH:197}
BEGIN @3046 {TXH:198 STREAM:6 NAME:req TIME=0  TYPE="Begin_End, Link" LABEL:"" DESC=""}
  LINK @3046 {TXH1:50 TXH2:198 RELATION=child}
  SET_ATTR @3066 {TXH:198 NAME:op_type VALUE:33603684309229924   RADIX:UVM_STRING BITS=56}
  SET_ATTR @3066 {TXH:198 NAME:addr VALUE:68   RADIX:UVM_HEX BITS=32}
  SET_ATTR @3066 {TXH:198 NAME:din VALUE:62   RADIX:UVM_HEX BITS=8}
  SET_ATTR @3066 {TXH:198 NAME:dout VALUE:66   RADIX:UVM_HEX BITS=8}
  SET_ATTR @3066 {TXH:198 NAME:valid_sb VALUE:0   RADIX:UVM_HEX BITS=1}
  SET_ATTR @3066 {TXH:198 NAME:transaction_id VALUE:147   RADIX:UVM_DEC BITS=32}
END @3066 {TXH:198 TIME=0}
FREE @3066 {TXH:198}
BEGIN @3066 {TXH:199 STREAM:6 NAME:req TIME=0  TYPE="Begin_End, Link" LABEL:"" DESC=""}
  LINK @3066 {TXH1:50 TXH2:199 RELATION=child}
  SET_ATTR @3086 {TXH:199 NAME:op_type VALUE:33603684309229924   RADIX:UVM_STRING BITS=56}
  SET_ATTR @3086 {TXH:199 NAME:addr VALUE:68   RADIX:UVM_HEX BITS=32}
  SET_ATTR @3086 {TXH:199 NAME:din VALUE:75   RADIX:UVM_HEX BITS=8}
  SET_ATTR @3086 {TXH:199 NAME:dout VALUE:66   RADIX:UVM_HEX BITS=8}
  SET_ATTR @3086 {TXH:199 NAME:valid_sb VALUE:0   RADIX:UVM_HEX BITS=1}
  SET_ATTR @3086 {TXH:199 NAME:transaction_id VALUE:148   RADIX:UVM_DEC BITS=32}
END @3086 {TXH:199 TIME=0}
FREE @3086 {TXH:199}
BEGIN @3086 {TXH:200 STREAM:6 NAME:req TIME=0  TYPE="Begin_End, Link" LABEL:"" DESC=""}
  LINK @3086 {TXH1:50 TXH2:200 RELATION=child}
  SET_ATTR @3106 {TXH:200 NAME:op_type VALUE:33603684309229924   RADIX:UVM_STRING BITS=56}
  SET_ATTR @3106 {TXH:200 NAME:addr VALUE:68   RADIX:UVM_HEX BITS=32}
  SET_ATTR @3106 {TXH:200 NAME:din VALUE:119   RADIX:UVM_HEX BITS=8}
  SET_ATTR @3106 {TXH:200 NAME:dout VALUE:66   RADIX:UVM_HEX BITS=8}
  SET_ATTR @3106 {TXH:200 NAME:valid_sb VALUE:0   RADIX:UVM_HEX BITS=1}
  SET_ATTR @3106 {TXH:200 NAME:transaction_id VALUE:149   RADIX:UVM_DEC BITS=32}
END @3106 {TXH:200 TIME=0}
FREE @3106 {TXH:200}
BEGIN @3106 {TXH:201 STREAM:6 NAME:req TIME=0  TYPE="Begin_End, Link" LABEL:"" DESC=""}
  LINK @3106 {TXH1:50 TXH2:201 RELATION=child}
  SET_ATTR @3126 {TXH:201 NAME:op_type VALUE:33603684309229924   RADIX:UVM_STRING BITS=56}
  SET_ATTR @3126 {TXH:201 NAME:addr VALUE:68   RADIX:UVM_HEX BITS=32}
  SET_ATTR @3126 {TXH:201 NAME:din VALUE:39   RADIX:UVM_HEX BITS=8}
  SET_ATTR @3126 {TXH:201 NAME:dout VALUE:66   RADIX:UVM_HEX BITS=8}
  SET_ATTR @3126 {TXH:201 NAME:valid_sb VALUE:0   RADIX:UVM_HEX BITS=1}
  SET_ATTR @3126 {TXH:201 NAME:transaction_id VALUE:150   RADIX:UVM_DEC BITS=32}
END @3126 {TXH:201 TIME=0}
FREE @3126 {TXH:201}
BEGIN @3126 {TXH:202 STREAM:6 NAME:req TIME=0  TYPE="Begin_End, Link" LABEL:"" DESC=""}
  LINK @3126 {TXH1:50 TXH2:202 RELATION=child}
  SET_ATTR @3146 {TXH:202 NAME:op_type VALUE:33603684309229924   RADIX:UVM_STRING BITS=56}
  SET_ATTR @3146 {TXH:202 NAME:addr VALUE:68   RADIX:UVM_HEX BITS=32}
  SET_ATTR @3146 {TXH:202 NAME:din VALUE:141   RADIX:UVM_HEX BITS=8}
  SET_ATTR @3146 {TXH:202 NAME:dout VALUE:66   RADIX:UVM_HEX BITS=8}
  SET_ATTR @3146 {TXH:202 NAME:valid_sb VALUE:0   RADIX:UVM_HEX BITS=1}
  SET_ATTR @3146 {TXH:202 NAME:transaction_id VALUE:151   RADIX:UVM_DEC BITS=32}
END @3146 {TXH:202 TIME=0}
FREE @3146 {TXH:202}
BEGIN @3146 {TXH:203 STREAM:6 NAME:req TIME=0  TYPE="Begin_End, Link" LABEL:"" DESC=""}
  LINK @3146 {TXH1:50 TXH2:203 RELATION=child}
  SET_ATTR @3166 {TXH:203 NAME:op_type VALUE:33603684309229924   RADIX:UVM_STRING BITS=56}
  SET_ATTR @3166 {TXH:203 NAME:addr VALUE:68   RADIX:UVM_HEX BITS=32}
  SET_ATTR @3166 {TXH:203 NAME:din VALUE:135   RADIX:UVM_HEX BITS=8}
  SET_ATTR @3166 {TXH:203 NAME:dout VALUE:66   RADIX:UVM_HEX BITS=8}
  SET_ATTR @3166 {TXH:203 NAME:valid_sb VALUE:0   RADIX:UVM_HEX BITS=1}
  SET_ATTR @3166 {TXH:203 NAME:transaction_id VALUE:152   RADIX:UVM_DEC BITS=32}
END @3166 {TXH:203 TIME=0}
FREE @3166 {TXH:203}
BEGIN @3166 {TXH:204 STREAM:6 NAME:req TIME=0  TYPE="Begin_End, Link" LABEL:"" DESC=""}
  LINK @3166 {TXH1:50 TXH2:204 RELATION=child}
  SET_ATTR @3186 {TXH:204 NAME:op_type VALUE:33603684309229924   RADIX:UVM_STRING BITS=56}
  SET_ATTR @3186 {TXH:204 NAME:addr VALUE:68   RADIX:UVM_HEX BITS=32}
  SET_ATTR @3186 {TXH:204 NAME:din VALUE:176   RADIX:UVM_HEX BITS=8}
  SET_ATTR @3186 {TXH:204 NAME:dout VALUE:66   RADIX:UVM_HEX BITS=8}
  SET_ATTR @3186 {TXH:204 NAME:valid_sb VALUE:0   RADIX:UVM_HEX BITS=1}
  SET_ATTR @3186 {TXH:204 NAME:transaction_id VALUE:153   RADIX:UVM_DEC BITS=32}
END @3186 {TXH:204 TIME=0}
FREE @3186 {TXH:204}
BEGIN @3186 {TXH:205 STREAM:6 NAME:req TIME=0  TYPE="Begin_End, Link" LABEL:"" DESC=""}
  LINK @3186 {TXH1:50 TXH2:205 RELATION=child}
  SET_ATTR @3206 {TXH:205 NAME:op_type VALUE:33603684309229924   RADIX:UVM_STRING BITS=56}
  SET_ATTR @3206 {TXH:205 NAME:addr VALUE:68   RADIX:UVM_HEX BITS=32}
  SET_ATTR @3206 {TXH:205 NAME:din VALUE:193   RADIX:UVM_HEX BITS=8}
  SET_ATTR @3206 {TXH:205 NAME:dout VALUE:66   RADIX:UVM_HEX BITS=8}
  SET_ATTR @3206 {TXH:205 NAME:valid_sb VALUE:0   RADIX:UVM_HEX BITS=1}
  SET_ATTR @3206 {TXH:205 NAME:transaction_id VALUE:154   RADIX:UVM_DEC BITS=32}
END @3206 {TXH:205 TIME=0}
FREE @3206 {TXH:205}
BEGIN @3206 {TXH:206 STREAM:6 NAME:req TIME=0  TYPE="Begin_End, Link" LABEL:"" DESC=""}
  LINK @3206 {TXH1:50 TXH2:206 RELATION=child}
  SET_ATTR @3226 {TXH:206 NAME:op_type VALUE:33603684309229924   RADIX:UVM_STRING BITS=56}
  SET_ATTR @3226 {TXH:206 NAME:addr VALUE:68   RADIX:UVM_HEX BITS=32}
  SET_ATTR @3226 {TXH:206 NAME:din VALUE:8   RADIX:UVM_HEX BITS=8}
  SET_ATTR @3226 {TXH:206 NAME:dout VALUE:66   RADIX:UVM_HEX BITS=8}
  SET_ATTR @3226 {TXH:206 NAME:valid_sb VALUE:0   RADIX:UVM_HEX BITS=1}
  SET_ATTR @3226 {TXH:206 NAME:transaction_id VALUE:155   RADIX:UVM_DEC BITS=32}
END @3226 {TXH:206 TIME=0}
FREE @3226 {TXH:206}
BEGIN @3226 {TXH:207 STREAM:6 NAME:req TIME=0  TYPE="Begin_End, Link" LABEL:"" DESC=""}
  LINK @3226 {TXH1:50 TXH2:207 RELATION=child}
  SET_ATTR @3246 {TXH:207 NAME:op_type VALUE:33603684309229924   RADIX:UVM_STRING BITS=56}
  SET_ATTR @3246 {TXH:207 NAME:addr VALUE:68   RADIX:UVM_HEX BITS=32}
  SET_ATTR @3246 {TXH:207 NAME:din VALUE:200   RADIX:UVM_HEX BITS=8}
  SET_ATTR @3246 {TXH:207 NAME:dout VALUE:66   RADIX:UVM_HEX BITS=8}
  SET_ATTR @3246 {TXH:207 NAME:valid_sb VALUE:0   RADIX:UVM_HEX BITS=1}
  SET_ATTR @3246 {TXH:207 NAME:transaction_id VALUE:156   RADIX:UVM_DEC BITS=32}
END @3246 {TXH:207 TIME=0}
FREE @3246 {TXH:207}
BEGIN @3246 {TXH:208 STREAM:6 NAME:req TIME=0  TYPE="Begin_End, Link" LABEL:"" DESC=""}
  LINK @3246 {TXH1:50 TXH2:208 RELATION=child}
  SET_ATTR @3266 {TXH:208 NAME:op_type VALUE:33603684309229924   RADIX:UVM_STRING BITS=56}
  SET_ATTR @3266 {TXH:208 NAME:addr VALUE:68   RADIX:UVM_HEX BITS=32}
  SET_ATTR @3266 {TXH:208 NAME:din VALUE:17   RADIX:UVM_HEX BITS=8}
  SET_ATTR @3266 {TXH:208 NAME:dout VALUE:66   RADIX:UVM_HEX BITS=8}
  SET_ATTR @3266 {TXH:208 NAME:valid_sb VALUE:0   RADIX:UVM_HEX BITS=1}
  SET_ATTR @3266 {TXH:208 NAME:transaction_id VALUE:157   RADIX:UVM_DEC BITS=32}
END @3266 {TXH:208 TIME=0}
FREE @3266 {TXH:208}
BEGIN @3266 {TXH:209 STREAM:6 NAME:req TIME=0  TYPE="Begin_End, Link" LABEL:"" DESC=""}
  LINK @3266 {TXH1:50 TXH2:209 RELATION=child}
  SET_ATTR @3286 {TXH:209 NAME:op_type VALUE:33603684309229924   RADIX:UVM_STRING BITS=56}
  SET_ATTR @3286 {TXH:209 NAME:addr VALUE:68   RADIX:UVM_HEX BITS=32}
  SET_ATTR @3286 {TXH:209 NAME:din VALUE:240   RADIX:UVM_HEX BITS=8}
  SET_ATTR @3286 {TXH:209 NAME:dout VALUE:66   RADIX:UVM_HEX BITS=8}
  SET_ATTR @3286 {TXH:209 NAME:valid_sb VALUE:0   RADIX:UVM_HEX BITS=1}
  SET_ATTR @3286 {TXH:209 NAME:transaction_id VALUE:158   RADIX:UVM_DEC BITS=32}
END @3286 {TXH:209 TIME=0}
FREE @3286 {TXH:209}
BEGIN @3286 {TXH:210 STREAM:6 NAME:req TIME=0  TYPE="Begin_End, Link" LABEL:"" DESC=""}
  LINK @3286 {TXH1:50 TXH2:210 RELATION=child}
  SET_ATTR @3306 {TXH:210 NAME:op_type VALUE:33603684309229924   RADIX:UVM_STRING BITS=56}
  SET_ATTR @3306 {TXH:210 NAME:addr VALUE:68   RADIX:UVM_HEX BITS=32}
  SET_ATTR @3306 {TXH:210 NAME:din VALUE:184   RADIX:UVM_HEX BITS=8}
  SET_ATTR @3306 {TXH:210 NAME:dout VALUE:66   RADIX:UVM_HEX BITS=8}
  SET_ATTR @3306 {TXH:210 NAME:valid_sb VALUE:0   RADIX:UVM_HEX BITS=1}
  SET_ATTR @3306 {TXH:210 NAME:transaction_id VALUE:159   RADIX:UVM_DEC BITS=32}
END @3306 {TXH:210 TIME=0}
FREE @3306 {TXH:210}
BEGIN @3306 {TXH:211 STREAM:6 NAME:req TIME=0  TYPE="Begin_End, Link" LABEL:"" DESC=""}
  LINK @3306 {TXH1:50 TXH2:211 RELATION=child}
  SET_ATTR @3326 {TXH:211 NAME:op_type VALUE:33603684309229924   RADIX:UVM_STRING BITS=56}
  SET_ATTR @3326 {TXH:211 NAME:addr VALUE:68   RADIX:UVM_HEX BITS=32}
  SET_ATTR @3326 {TXH:211 NAME:din VALUE:160   RADIX:UVM_HEX BITS=8}
  SET_ATTR @3326 {TXH:211 NAME:dout VALUE:66   RADIX:UVM_HEX BITS=8}
  SET_ATTR @3326 {TXH:211 NAME:valid_sb VALUE:0   RADIX:UVM_HEX BITS=1}
  SET_ATTR @3326 {TXH:211 NAME:transaction_id VALUE:160   RADIX:UVM_DEC BITS=32}
END @3326 {TXH:211 TIME=0}
FREE @3326 {TXH:211}
BEGIN @3326 {TXH:212 STREAM:6 NAME:req TIME=0  TYPE="Begin_End, Link" LABEL:"" DESC=""}
  LINK @3326 {TXH1:50 TXH2:212 RELATION=child}
  SET_ATTR @3346 {TXH:212 NAME:op_type VALUE:33603684309229924   RADIX:UVM_STRING BITS=56}
  SET_ATTR @3346 {TXH:212 NAME:addr VALUE:68   RADIX:UVM_HEX BITS=32}
  SET_ATTR @3346 {TXH:212 NAME:din VALUE:192   RADIX:UVM_HEX BITS=8}
  SET_ATTR @3346 {TXH:212 NAME:dout VALUE:66   RADIX:UVM_HEX BITS=8}
  SET_ATTR @3346 {TXH:212 NAME:valid_sb VALUE:0   RADIX:UVM_HEX BITS=1}
  SET_ATTR @3346 {TXH:212 NAME:transaction_id VALUE:161   RADIX:UVM_DEC BITS=32}
END @3346 {TXH:212 TIME=0}
FREE @3346 {TXH:212}
BEGIN @3346 {TXH:213 STREAM:6 NAME:req TIME=0  TYPE="Begin_End, Link" LABEL:"" DESC=""}
  LINK @3346 {TXH1:50 TXH2:213 RELATION=child}
  SET_ATTR @3366 {TXH:213 NAME:op_type VALUE:33603684309229924   RADIX:UVM_STRING BITS=56}
  SET_ATTR @3366 {TXH:213 NAME:addr VALUE:68   RADIX:UVM_HEX BITS=32}
  SET_ATTR @3366 {TXH:213 NAME:din VALUE:210   RADIX:UVM_HEX BITS=8}
  SET_ATTR @3366 {TXH:213 NAME:dout VALUE:66   RADIX:UVM_HEX BITS=8}
  SET_ATTR @3366 {TXH:213 NAME:valid_sb VALUE:0   RADIX:UVM_HEX BITS=1}
  SET_ATTR @3366 {TXH:213 NAME:transaction_id VALUE:162   RADIX:UVM_DEC BITS=32}
END @3366 {TXH:213 TIME=0}
FREE @3366 {TXH:213}
BEGIN @3366 {TXH:214 STREAM:6 NAME:req TIME=0  TYPE="Begin_End, Link" LABEL:"" DESC=""}
  LINK @3366 {TXH1:50 TXH2:214 RELATION=child}
  SET_ATTR @3386 {TXH:214 NAME:op_type VALUE:33603684309229924   RADIX:UVM_STRING BITS=56}
  SET_ATTR @3386 {TXH:214 NAME:addr VALUE:68   RADIX:UVM_HEX BITS=32}
  SET_ATTR @3386 {TXH:214 NAME:din VALUE:51   RADIX:UVM_HEX BITS=8}
  SET_ATTR @3386 {TXH:214 NAME:dout VALUE:66   RADIX:UVM_HEX BITS=8}
  SET_ATTR @3386 {TXH:214 NAME:valid_sb VALUE:0   RADIX:UVM_HEX BITS=1}
  SET_ATTR @3386 {TXH:214 NAME:transaction_id VALUE:163   RADIX:UVM_DEC BITS=32}
END @3386 {TXH:214 TIME=0}
FREE @3386 {TXH:214}
BEGIN @3386 {TXH:215 STREAM:6 NAME:req TIME=0  TYPE="Begin_End, Link" LABEL:"" DESC=""}
  LINK @3386 {TXH1:50 TXH2:215 RELATION=child}
  SET_ATTR @3406 {TXH:215 NAME:op_type VALUE:33603684309229924   RADIX:UVM_STRING BITS=56}
  SET_ATTR @3406 {TXH:215 NAME:addr VALUE:68   RADIX:UVM_HEX BITS=32}
  SET_ATTR @3406 {TXH:215 NAME:din VALUE:65   RADIX:UVM_HEX BITS=8}
  SET_ATTR @3406 {TXH:215 NAME:dout VALUE:66   RADIX:UVM_HEX BITS=8}
  SET_ATTR @3406 {TXH:215 NAME:valid_sb VALUE:0   RADIX:UVM_HEX BITS=1}
  SET_ATTR @3406 {TXH:215 NAME:transaction_id VALUE:164   RADIX:UVM_DEC BITS=32}
END @3406 {TXH:215 TIME=0}
FREE @3406 {TXH:215}
BEGIN @3406 {TXH:216 STREAM:6 NAME:req TIME=0  TYPE="Begin_End, Link" LABEL:"" DESC=""}
  LINK @3406 {TXH1:50 TXH2:216 RELATION=child}
  SET_ATTR @3426 {TXH:216 NAME:op_type VALUE:33603684309229924   RADIX:UVM_STRING BITS=56}
  SET_ATTR @3426 {TXH:216 NAME:addr VALUE:68   RADIX:UVM_HEX BITS=32}
  SET_ATTR @3426 {TXH:216 NAME:din VALUE:75   RADIX:UVM_HEX BITS=8}
  SET_ATTR @3426 {TXH:216 NAME:dout VALUE:66   RADIX:UVM_HEX BITS=8}
  SET_ATTR @3426 {TXH:216 NAME:valid_sb VALUE:0   RADIX:UVM_HEX BITS=1}
  SET_ATTR @3426 {TXH:216 NAME:transaction_id VALUE:165   RADIX:UVM_DEC BITS=32}
END @3426 {TXH:216 TIME=0}
FREE @3426 {TXH:216}
BEGIN @3426 {TXH:217 STREAM:6 NAME:req TIME=0  TYPE="Begin_End, Link" LABEL:"" DESC=""}
  LINK @3426 {TXH1:50 TXH2:217 RELATION=child}
  SET_ATTR @3446 {TXH:217 NAME:op_type VALUE:33603684309229924   RADIX:UVM_STRING BITS=56}
  SET_ATTR @3446 {TXH:217 NAME:addr VALUE:68   RADIX:UVM_HEX BITS=32}
  SET_ATTR @3446 {TXH:217 NAME:din VALUE:138   RADIX:UVM_HEX BITS=8}
  SET_ATTR @3446 {TXH:217 NAME:dout VALUE:66   RADIX:UVM_HEX BITS=8}
  SET_ATTR @3446 {TXH:217 NAME:valid_sb VALUE:0   RADIX:UVM_HEX BITS=1}
  SET_ATTR @3446 {TXH:217 NAME:transaction_id VALUE:166   RADIX:UVM_DEC BITS=32}
END @3446 {TXH:217 TIME=0}
FREE @3446 {TXH:217}
BEGIN @3446 {TXH:218 STREAM:6 NAME:req TIME=0  TYPE="Begin_End, Link" LABEL:"" DESC=""}
  LINK @3446 {TXH1:50 TXH2:218 RELATION=child}
  SET_ATTR @3466 {TXH:218 NAME:op_type VALUE:33603684309229924   RADIX:UVM_STRING BITS=56}
  SET_ATTR @3466 {TXH:218 NAME:addr VALUE:68   RADIX:UVM_HEX BITS=32}
  SET_ATTR @3466 {TXH:218 NAME:din VALUE:101   RADIX:UVM_HEX BITS=8}
  SET_ATTR @3466 {TXH:218 NAME:dout VALUE:66   RADIX:UVM_HEX BITS=8}
  SET_ATTR @3466 {TXH:218 NAME:valid_sb VALUE:0   RADIX:UVM_HEX BITS=1}
  SET_ATTR @3466 {TXH:218 NAME:transaction_id VALUE:167   RADIX:UVM_DEC BITS=32}
END @3466 {TXH:218 TIME=0}
FREE @3466 {TXH:218}
BEGIN @3466 {TXH:219 STREAM:6 NAME:req TIME=0  TYPE="Begin_End, Link" LABEL:"" DESC=""}
  LINK @3466 {TXH1:50 TXH2:219 RELATION=child}
  SET_ATTR @3486 {TXH:219 NAME:op_type VALUE:33603684309229924   RADIX:UVM_STRING BITS=56}
  SET_ATTR @3486 {TXH:219 NAME:addr VALUE:68   RADIX:UVM_HEX BITS=32}
  SET_ATTR @3486 {TXH:219 NAME:din VALUE:24   RADIX:UVM_HEX BITS=8}
  SET_ATTR @3486 {TXH:219 NAME:dout VALUE:66   RADIX:UVM_HEX BITS=8}
  SET_ATTR @3486 {TXH:219 NAME:valid_sb VALUE:0   RADIX:UVM_HEX BITS=1}
  SET_ATTR @3486 {TXH:219 NAME:transaction_id VALUE:168   RADIX:UVM_DEC BITS=32}
END @3486 {TXH:219 TIME=0}
FREE @3486 {TXH:219}
BEGIN @3486 {TXH:220 STREAM:6 NAME:req TIME=0  TYPE="Begin_End, Link" LABEL:"" DESC=""}
  LINK @3486 {TXH1:50 TXH2:220 RELATION=child}
  SET_ATTR @3506 {TXH:220 NAME:op_type VALUE:33603684309229924   RADIX:UVM_STRING BITS=56}
  SET_ATTR @3506 {TXH:220 NAME:addr VALUE:68   RADIX:UVM_HEX BITS=32}
  SET_ATTR @3506 {TXH:220 NAME:din VALUE:214   RADIX:UVM_HEX BITS=8}
  SET_ATTR @3506 {TXH:220 NAME:dout VALUE:66   RADIX:UVM_HEX BITS=8}
  SET_ATTR @3506 {TXH:220 NAME:valid_sb VALUE:0   RADIX:UVM_HEX BITS=1}
  SET_ATTR @3506 {TXH:220 NAME:transaction_id VALUE:169   RADIX:UVM_DEC BITS=32}
END @3506 {TXH:220 TIME=0}
FREE @3506 {TXH:220}
BEGIN @3506 {TXH:221 STREAM:6 NAME:req TIME=0  TYPE="Begin_End, Link" LABEL:"" DESC=""}
  LINK @3506 {TXH1:50 TXH2:221 RELATION=child}
  SET_ATTR @3526 {TXH:221 NAME:op_type VALUE:33603684309229924   RADIX:UVM_STRING BITS=56}
  SET_ATTR @3526 {TXH:221 NAME:addr VALUE:68   RADIX:UVM_HEX BITS=32}
  SET_ATTR @3526 {TXH:221 NAME:din VALUE:65   RADIX:UVM_HEX BITS=8}
  SET_ATTR @3526 {TXH:221 NAME:dout VALUE:66   RADIX:UVM_HEX BITS=8}
  SET_ATTR @3526 {TXH:221 NAME:valid_sb VALUE:0   RADIX:UVM_HEX BITS=1}
  SET_ATTR @3526 {TXH:221 NAME:transaction_id VALUE:170   RADIX:UVM_DEC BITS=32}
END @3526 {TXH:221 TIME=0}
FREE @3526 {TXH:221}
BEGIN @3526 {TXH:222 STREAM:6 NAME:req TIME=0  TYPE="Begin_End, Link" LABEL:"" DESC=""}
  LINK @3526 {TXH1:50 TXH2:222 RELATION=child}
  SET_ATTR @3546 {TXH:222 NAME:op_type VALUE:33603684309229924   RADIX:UVM_STRING BITS=56}
  SET_ATTR @3546 {TXH:222 NAME:addr VALUE:68   RADIX:UVM_HEX BITS=32}
  SET_ATTR @3546 {TXH:222 NAME:din VALUE:227   RADIX:UVM_HEX BITS=8}
  SET_ATTR @3546 {TXH:222 NAME:dout VALUE:66   RADIX:UVM_HEX BITS=8}
  SET_ATTR @3546 {TXH:222 NAME:valid_sb VALUE:0   RADIX:UVM_HEX BITS=1}
  SET_ATTR @3546 {TXH:222 NAME:transaction_id VALUE:171   RADIX:UVM_DEC BITS=32}
END @3546 {TXH:222 TIME=0}
FREE @3546 {TXH:222}
BEGIN @3546 {TXH:223 STREAM:6 NAME:req TIME=0  TYPE="Begin_End, Link" LABEL:"" DESC=""}
  LINK @3546 {TXH1:50 TXH2:223 RELATION=child}
  SET_ATTR @3566 {TXH:223 NAME:op_type VALUE:33603684309229924   RADIX:UVM_STRING BITS=56}
  SET_ATTR @3566 {TXH:223 NAME:addr VALUE:68   RADIX:UVM_HEX BITS=32}
  SET_ATTR @3566 {TXH:223 NAME:din VALUE:225   RADIX:UVM_HEX BITS=8}
  SET_ATTR @3566 {TXH:223 NAME:dout VALUE:66   RADIX:UVM_HEX BITS=8}
  SET_ATTR @3566 {TXH:223 NAME:valid_sb VALUE:0   RADIX:UVM_HEX BITS=1}
  SET_ATTR @3566 {TXH:223 NAME:transaction_id VALUE:172   RADIX:UVM_DEC BITS=32}
END @3566 {TXH:223 TIME=0}
FREE @3566 {TXH:223}
BEGIN @3566 {TXH:224 STREAM:6 NAME:req TIME=0  TYPE="Begin_End, Link" LABEL:"" DESC=""}
  LINK @3566 {TXH1:50 TXH2:224 RELATION=child}
  SET_ATTR @3586 {TXH:224 NAME:op_type VALUE:33603684309229924   RADIX:UVM_STRING BITS=56}
  SET_ATTR @3586 {TXH:224 NAME:addr VALUE:68   RADIX:UVM_HEX BITS=32}
  SET_ATTR @3586 {TXH:224 NAME:din VALUE:218   RADIX:UVM_HEX BITS=8}
  SET_ATTR @3586 {TXH:224 NAME:dout VALUE:66   RADIX:UVM_HEX BITS=8}
  SET_ATTR @3586 {TXH:224 NAME:valid_sb VALUE:0   RADIX:UVM_HEX BITS=1}
  SET_ATTR @3586 {TXH:224 NAME:transaction_id VALUE:173   RADIX:UVM_DEC BITS=32}
END @3586 {TXH:224 TIME=0}
FREE @3586 {TXH:224}
BEGIN @3586 {TXH:225 STREAM:6 NAME:req TIME=0  TYPE="Begin_End, Link" LABEL:"" DESC=""}
  LINK @3586 {TXH1:50 TXH2:225 RELATION=child}
  SET_ATTR @3606 {TXH:225 NAME:op_type VALUE:33603684309229924   RADIX:UVM_STRING BITS=56}
  SET_ATTR @3606 {TXH:225 NAME:addr VALUE:68   RADIX:UVM_HEX BITS=32}
  SET_ATTR @3606 {TXH:225 NAME:din VALUE:161   RADIX:UVM_HEX BITS=8}
  SET_ATTR @3606 {TXH:225 NAME:dout VALUE:66   RADIX:UVM_HEX BITS=8}
  SET_ATTR @3606 {TXH:225 NAME:valid_sb VALUE:0   RADIX:UVM_HEX BITS=1}
  SET_ATTR @3606 {TXH:225 NAME:transaction_id VALUE:174   RADIX:UVM_DEC BITS=32}
END @3606 {TXH:225 TIME=0}
FREE @3606 {TXH:225}
BEGIN @3606 {TXH:226 STREAM:6 NAME:req TIME=0  TYPE="Begin_End, Link" LABEL:"" DESC=""}
  LINK @3606 {TXH1:50 TXH2:226 RELATION=child}
  SET_ATTR @3626 {TXH:226 NAME:op_type VALUE:33603684309229924   RADIX:UVM_STRING BITS=56}
  SET_ATTR @3626 {TXH:226 NAME:addr VALUE:68   RADIX:UVM_HEX BITS=32}
  SET_ATTR @3626 {TXH:226 NAME:din VALUE:121   RADIX:UVM_HEX BITS=8}
  SET_ATTR @3626 {TXH:226 NAME:dout VALUE:66   RADIX:UVM_HEX BITS=8}
  SET_ATTR @3626 {TXH:226 NAME:valid_sb VALUE:0   RADIX:UVM_HEX BITS=1}
  SET_ATTR @3626 {TXH:226 NAME:transaction_id VALUE:175   RADIX:UVM_DEC BITS=32}
END @3626 {TXH:226 TIME=0}
FREE @3626 {TXH:226}
BEGIN @3626 {TXH:227 STREAM:6 NAME:req TIME=0  TYPE="Begin_End, Link" LABEL:"" DESC=""}
  LINK @3626 {TXH1:50 TXH2:227 RELATION=child}
  SET_ATTR @3646 {TXH:227 NAME:op_type VALUE:33603684309229924   RADIX:UVM_STRING BITS=56}
  SET_ATTR @3646 {TXH:227 NAME:addr VALUE:68   RADIX:UVM_HEX BITS=32}
  SET_ATTR @3646 {TXH:227 NAME:din VALUE:68   RADIX:UVM_HEX BITS=8}
  SET_ATTR @3646 {TXH:227 NAME:dout VALUE:66   RADIX:UVM_HEX BITS=8}
  SET_ATTR @3646 {TXH:227 NAME:valid_sb VALUE:0   RADIX:UVM_HEX BITS=1}
  SET_ATTR @3646 {TXH:227 NAME:transaction_id VALUE:176   RADIX:UVM_DEC BITS=32}
END @3646 {TXH:227 TIME=0}
FREE @3646 {TXH:227}
BEGIN @3646 {TXH:228 STREAM:6 NAME:req TIME=0  TYPE="Begin_End, Link" LABEL:"" DESC=""}
  LINK @3646 {TXH1:50 TXH2:228 RELATION=child}
  SET_ATTR @3666 {TXH:228 NAME:op_type VALUE:33603684309229924   RADIX:UVM_STRING BITS=56}
  SET_ATTR @3666 {TXH:228 NAME:addr VALUE:68   RADIX:UVM_HEX BITS=32}
  SET_ATTR @3666 {TXH:228 NAME:din VALUE:31   RADIX:UVM_HEX BITS=8}
  SET_ATTR @3666 {TXH:228 NAME:dout VALUE:66   RADIX:UVM_HEX BITS=8}
  SET_ATTR @3666 {TXH:228 NAME:valid_sb VALUE:0   RADIX:UVM_HEX BITS=1}
  SET_ATTR @3666 {TXH:228 NAME:transaction_id VALUE:177   RADIX:UVM_DEC BITS=32}
END @3666 {TXH:228 TIME=0}
FREE @3666 {TXH:228}
BEGIN @3666 {TXH:229 STREAM:6 NAME:req TIME=0  TYPE="Begin_End, Link" LABEL:"" DESC=""}
  LINK @3666 {TXH1:50 TXH2:229 RELATION=child}
  SET_ATTR @3686 {TXH:229 NAME:op_type VALUE:33603684309229924   RADIX:UVM_STRING BITS=56}
  SET_ATTR @3686 {TXH:229 NAME:addr VALUE:68   RADIX:UVM_HEX BITS=32}
  SET_ATTR @3686 {TXH:229 NAME:din VALUE:143   RADIX:UVM_HEX BITS=8}
  SET_ATTR @3686 {TXH:229 NAME:dout VALUE:66   RADIX:UVM_HEX BITS=8}
  SET_ATTR @3686 {TXH:229 NAME:valid_sb VALUE:0   RADIX:UVM_HEX BITS=1}
  SET_ATTR @3686 {TXH:229 NAME:transaction_id VALUE:178   RADIX:UVM_DEC BITS=32}
END @3686 {TXH:229 TIME=0}
FREE @3686 {TXH:229}
BEGIN @3686 {TXH:230 STREAM:6 NAME:req TIME=0  TYPE="Begin_End, Link" LABEL:"" DESC=""}
  LINK @3686 {TXH1:50 TXH2:230 RELATION=child}
  SET_ATTR @3706 {TXH:230 NAME:op_type VALUE:33603684309229924   RADIX:UVM_STRING BITS=56}
  SET_ATTR @3706 {TXH:230 NAME:addr VALUE:68   RADIX:UVM_HEX BITS=32}
  SET_ATTR @3706 {TXH:230 NAME:din VALUE:76   RADIX:UVM_HEX BITS=8}
  SET_ATTR @3706 {TXH:230 NAME:dout VALUE:66   RADIX:UVM_HEX BITS=8}
  SET_ATTR @3706 {TXH:230 NAME:valid_sb VALUE:0   RADIX:UVM_HEX BITS=1}
  SET_ATTR @3706 {TXH:230 NAME:transaction_id VALUE:179   RADIX:UVM_DEC BITS=32}
END @3706 {TXH:230 TIME=0}
FREE @3706 {TXH:230}
BEGIN @3706 {TXH:231 STREAM:6 NAME:req TIME=0  TYPE="Begin_End, Link" LABEL:"" DESC=""}
  LINK @3706 {TXH1:50 TXH2:231 RELATION=child}
  SET_ATTR @3726 {TXH:231 NAME:op_type VALUE:33603684309229924   RADIX:UVM_STRING BITS=56}
  SET_ATTR @3726 {TXH:231 NAME:addr VALUE:68   RADIX:UVM_HEX BITS=32}
  SET_ATTR @3726 {TXH:231 NAME:din VALUE:181   RADIX:UVM_HEX BITS=8}
  SET_ATTR @3726 {TXH:231 NAME:dout VALUE:66   RADIX:UVM_HEX BITS=8}
  SET_ATTR @3726 {TXH:231 NAME:valid_sb VALUE:0   RADIX:UVM_HEX BITS=1}
  SET_ATTR @3726 {TXH:231 NAME:transaction_id VALUE:180   RADIX:UVM_DEC BITS=32}
END @3726 {TXH:231 TIME=0}
FREE @3726 {TXH:231}
BEGIN @3726 {TXH:232 STREAM:6 NAME:req TIME=0  TYPE="Begin_End, Link" LABEL:"" DESC=""}
  LINK @3726 {TXH1:50 TXH2:232 RELATION=child}
  SET_ATTR @3746 {TXH:232 NAME:op_type VALUE:33603684309229924   RADIX:UVM_STRING BITS=56}
  SET_ATTR @3746 {TXH:232 NAME:addr VALUE:68   RADIX:UVM_HEX BITS=32}
  SET_ATTR @3746 {TXH:232 NAME:din VALUE:40   RADIX:UVM_HEX BITS=8}
  SET_ATTR @3746 {TXH:232 NAME:dout VALUE:66   RADIX:UVM_HEX BITS=8}
  SET_ATTR @3746 {TXH:232 NAME:valid_sb VALUE:0   RADIX:UVM_HEX BITS=1}
  SET_ATTR @3746 {TXH:232 NAME:transaction_id VALUE:181   RADIX:UVM_DEC BITS=32}
END @3746 {TXH:232 TIME=0}
FREE @3746 {TXH:232}
BEGIN @3746 {TXH:233 STREAM:6 NAME:req TIME=0  TYPE="Begin_End, Link" LABEL:"" DESC=""}
  LINK @3746 {TXH1:50 TXH2:233 RELATION=child}
  SET_ATTR @3766 {TXH:233 NAME:op_type VALUE:33603684309229924   RADIX:UVM_STRING BITS=56}
  SET_ATTR @3766 {TXH:233 NAME:addr VALUE:68   RADIX:UVM_HEX BITS=32}
  SET_ATTR @3766 {TXH:233 NAME:din VALUE:122   RADIX:UVM_HEX BITS=8}
  SET_ATTR @3766 {TXH:233 NAME:dout VALUE:66   RADIX:UVM_HEX BITS=8}
  SET_ATTR @3766 {TXH:233 NAME:valid_sb VALUE:0   RADIX:UVM_HEX BITS=1}
  SET_ATTR @3766 {TXH:233 NAME:transaction_id VALUE:182   RADIX:UVM_DEC BITS=32}
END @3766 {TXH:233 TIME=0}
FREE @3766 {TXH:233}
BEGIN @3766 {TXH:234 STREAM:6 NAME:req TIME=0  TYPE="Begin_End, Link" LABEL:"" DESC=""}
  LINK @3766 {TXH1:50 TXH2:234 RELATION=child}
  SET_ATTR @3786 {TXH:234 NAME:op_type VALUE:33603684309229924   RADIX:UVM_STRING BITS=56}
  SET_ATTR @3786 {TXH:234 NAME:addr VALUE:68   RADIX:UVM_HEX BITS=32}
  SET_ATTR @3786 {TXH:234 NAME:din VALUE:203   RADIX:UVM_HEX BITS=8}
  SET_ATTR @3786 {TXH:234 NAME:dout VALUE:66   RADIX:UVM_HEX BITS=8}
  SET_ATTR @3786 {TXH:234 NAME:valid_sb VALUE:0   RADIX:UVM_HEX BITS=1}
  SET_ATTR @3786 {TXH:234 NAME:transaction_id VALUE:183   RADIX:UVM_DEC BITS=32}
END @3786 {TXH:234 TIME=0}
FREE @3786 {TXH:234}
BEGIN @3786 {TXH:235 STREAM:6 NAME:req TIME=0  TYPE="Begin_End, Link" LABEL:"" DESC=""}
  LINK @3786 {TXH1:50 TXH2:235 RELATION=child}
  SET_ATTR @3806 {TXH:235 NAME:op_type VALUE:33603684309229924   RADIX:UVM_STRING BITS=56}
  SET_ATTR @3806 {TXH:235 NAME:addr VALUE:68   RADIX:UVM_HEX BITS=32}
  SET_ATTR @3806 {TXH:235 NAME:din VALUE:152   RADIX:UVM_HEX BITS=8}
  SET_ATTR @3806 {TXH:235 NAME:dout VALUE:66   RADIX:UVM_HEX BITS=8}
  SET_ATTR @3806 {TXH:235 NAME:valid_sb VALUE:0   RADIX:UVM_HEX BITS=1}
  SET_ATTR @3806 {TXH:235 NAME:transaction_id VALUE:184   RADIX:UVM_DEC BITS=32}
END @3806 {TXH:235 TIME=0}
FREE @3806 {TXH:235}
BEGIN @3806 {TXH:236 STREAM:6 NAME:req TIME=0  TYPE="Begin_End, Link" LABEL:"" DESC=""}
  LINK @3806 {TXH1:50 TXH2:236 RELATION=child}
  SET_ATTR @3826 {TXH:236 NAME:op_type VALUE:33603684309229924   RADIX:UVM_STRING BITS=56}
  SET_ATTR @3826 {TXH:236 NAME:addr VALUE:68   RADIX:UVM_HEX BITS=32}
  SET_ATTR @3826 {TXH:236 NAME:din VALUE:122   RADIX:UVM_HEX BITS=8}
  SET_ATTR @3826 {TXH:236 NAME:dout VALUE:66   RADIX:UVM_HEX BITS=8}
  SET_ATTR @3826 {TXH:236 NAME:valid_sb VALUE:0   RADIX:UVM_HEX BITS=1}
  SET_ATTR @3826 {TXH:236 NAME:transaction_id VALUE:185   RADIX:UVM_DEC BITS=32}
END @3826 {TXH:236 TIME=0}
FREE @3826 {TXH:236}
BEGIN @3826 {TXH:237 STREAM:6 NAME:req TIME=0  TYPE="Begin_End, Link" LABEL:"" DESC=""}
  LINK @3826 {TXH1:50 TXH2:237 RELATION=child}
  SET_ATTR @3846 {TXH:237 NAME:op_type VALUE:33603684309229924   RADIX:UVM_STRING BITS=56}
  SET_ATTR @3846 {TXH:237 NAME:addr VALUE:68   RADIX:UVM_HEX BITS=32}
  SET_ATTR @3846 {TXH:237 NAME:din VALUE:247   RADIX:UVM_HEX BITS=8}
  SET_ATTR @3846 {TXH:237 NAME:dout VALUE:66   RADIX:UVM_HEX BITS=8}
  SET_ATTR @3846 {TXH:237 NAME:valid_sb VALUE:0   RADIX:UVM_HEX BITS=1}
  SET_ATTR @3846 {TXH:237 NAME:transaction_id VALUE:186   RADIX:UVM_DEC BITS=32}
END @3846 {TXH:237 TIME=0}
FREE @3846 {TXH:237}
BEGIN @3846 {TXH:238 STREAM:6 NAME:req TIME=0  TYPE="Begin_End, Link" LABEL:"" DESC=""}
  LINK @3846 {TXH1:50 TXH2:238 RELATION=child}
  SET_ATTR @3866 {TXH:238 NAME:op_type VALUE:33603684309229924   RADIX:UVM_STRING BITS=56}
  SET_ATTR @3866 {TXH:238 NAME:addr VALUE:68   RADIX:UVM_HEX BITS=32}
  SET_ATTR @3866 {TXH:238 NAME:din VALUE:239   RADIX:UVM_HEX BITS=8}
  SET_ATTR @3866 {TXH:238 NAME:dout VALUE:66   RADIX:UVM_HEX BITS=8}
  SET_ATTR @3866 {TXH:238 NAME:valid_sb VALUE:0   RADIX:UVM_HEX BITS=1}
  SET_ATTR @3866 {TXH:238 NAME:transaction_id VALUE:187   RADIX:UVM_DEC BITS=32}
END @3866 {TXH:238 TIME=0}
FREE @3866 {TXH:238}
BEGIN @3866 {TXH:239 STREAM:6 NAME:req TIME=0  TYPE="Begin_End, Link" LABEL:"" DESC=""}
  LINK @3866 {TXH1:50 TXH2:239 RELATION=child}
  SET_ATTR @3886 {TXH:239 NAME:op_type VALUE:33603684309229924   RADIX:UVM_STRING BITS=56}
  SET_ATTR @3886 {TXH:239 NAME:addr VALUE:68   RADIX:UVM_HEX BITS=32}
  SET_ATTR @3886 {TXH:239 NAME:din VALUE:16   RADIX:UVM_HEX BITS=8}
  SET_ATTR @3886 {TXH:239 NAME:dout VALUE:66   RADIX:UVM_HEX BITS=8}
  SET_ATTR @3886 {TXH:239 NAME:valid_sb VALUE:0   RADIX:UVM_HEX BITS=1}
  SET_ATTR @3886 {TXH:239 NAME:transaction_id VALUE:188   RADIX:UVM_DEC BITS=32}
END @3886 {TXH:239 TIME=0}
FREE @3886 {TXH:239}
BEGIN @3886 {TXH:240 STREAM:6 NAME:req TIME=0  TYPE="Begin_End, Link" LABEL:"" DESC=""}
  LINK @3886 {TXH1:50 TXH2:240 RELATION=child}
  SET_ATTR @3906 {TXH:240 NAME:op_type VALUE:33603684309229924   RADIX:UVM_STRING BITS=56}
  SET_ATTR @3906 {TXH:240 NAME:addr VALUE:68   RADIX:UVM_HEX BITS=32}
  SET_ATTR @3906 {TXH:240 NAME:din VALUE:200   RADIX:UVM_HEX BITS=8}
  SET_ATTR @3906 {TXH:240 NAME:dout VALUE:66   RADIX:UVM_HEX BITS=8}
  SET_ATTR @3906 {TXH:240 NAME:valid_sb VALUE:0   RADIX:UVM_HEX BITS=1}
  SET_ATTR @3906 {TXH:240 NAME:transaction_id VALUE:189   RADIX:UVM_DEC BITS=32}
END @3906 {TXH:240 TIME=0}
FREE @3906 {TXH:240}
BEGIN @3906 {TXH:241 STREAM:6 NAME:req TIME=0  TYPE="Begin_End, Link" LABEL:"" DESC=""}
  LINK @3906 {TXH1:50 TXH2:241 RELATION=child}
  SET_ATTR @3926 {TXH:241 NAME:op_type VALUE:33603684309229924   RADIX:UVM_STRING BITS=56}
  SET_ATTR @3926 {TXH:241 NAME:addr VALUE:68   RADIX:UVM_HEX BITS=32}
  SET_ATTR @3926 {TXH:241 NAME:din VALUE:156   RADIX:UVM_HEX BITS=8}
  SET_ATTR @3926 {TXH:241 NAME:dout VALUE:66   RADIX:UVM_HEX BITS=8}
  SET_ATTR @3926 {TXH:241 NAME:valid_sb VALUE:0   RADIX:UVM_HEX BITS=1}
  SET_ATTR @3926 {TXH:241 NAME:transaction_id VALUE:190   RADIX:UVM_DEC BITS=32}
END @3926 {TXH:241 TIME=0}
FREE @3926 {TXH:241}
BEGIN @3926 {TXH:242 STREAM:6 NAME:req TIME=0  TYPE="Begin_End, Link" LABEL:"" DESC=""}
  LINK @3926 {TXH1:50 TXH2:242 RELATION=child}
  SET_ATTR @3946 {TXH:242 NAME:op_type VALUE:33603684309229924   RADIX:UVM_STRING BITS=56}
  SET_ATTR @3946 {TXH:242 NAME:addr VALUE:68   RADIX:UVM_HEX BITS=32}
  SET_ATTR @3946 {TXH:242 NAME:din VALUE:125   RADIX:UVM_HEX BITS=8}
  SET_ATTR @3946 {TXH:242 NAME:dout VALUE:66   RADIX:UVM_HEX BITS=8}
  SET_ATTR @3946 {TXH:242 NAME:valid_sb VALUE:0   RADIX:UVM_HEX BITS=1}
  SET_ATTR @3946 {TXH:242 NAME:transaction_id VALUE:191   RADIX:UVM_DEC BITS=32}
END @3946 {TXH:242 TIME=0}
FREE @3946 {TXH:242}
BEGIN @3946 {TXH:243 STREAM:6 NAME:req TIME=0  TYPE="Begin_End, Link" LABEL:"" DESC=""}
  LINK @3946 {TXH1:50 TXH2:243 RELATION=child}
  SET_ATTR @3966 {TXH:243 NAME:op_type VALUE:33603684309229924   RADIX:UVM_STRING BITS=56}
  SET_ATTR @3966 {TXH:243 NAME:addr VALUE:68   RADIX:UVM_HEX BITS=32}
  SET_ATTR @3966 {TXH:243 NAME:din VALUE:232   RADIX:UVM_HEX BITS=8}
  SET_ATTR @3966 {TXH:243 NAME:dout VALUE:66   RADIX:UVM_HEX BITS=8}
  SET_ATTR @3966 {TXH:243 NAME:valid_sb VALUE:0   RADIX:UVM_HEX BITS=1}
  SET_ATTR @3966 {TXH:243 NAME:transaction_id VALUE:192   RADIX:UVM_DEC BITS=32}
END @3966 {TXH:243 TIME=0}
FREE @3966 {TXH:243}
BEGIN @3966 {TXH:244 STREAM:6 NAME:req TIME=0  TYPE="Begin_End, Link" LABEL:"" DESC=""}
  LINK @3966 {TXH1:50 TXH2:244 RELATION=child}
  SET_ATTR @3986 {TXH:244 NAME:op_type VALUE:33603684309229924   RADIX:UVM_STRING BITS=56}
  SET_ATTR @3986 {TXH:244 NAME:addr VALUE:68   RADIX:UVM_HEX BITS=32}
  SET_ATTR @3986 {TXH:244 NAME:din VALUE:31   RADIX:UVM_HEX BITS=8}
  SET_ATTR @3986 {TXH:244 NAME:dout VALUE:66   RADIX:UVM_HEX BITS=8}
  SET_ATTR @3986 {TXH:244 NAME:valid_sb VALUE:0   RADIX:UVM_HEX BITS=1}
  SET_ATTR @3986 {TXH:244 NAME:transaction_id VALUE:193   RADIX:UVM_DEC BITS=32}
END @3986 {TXH:244 TIME=0}
FREE @3986 {TXH:244}
BEGIN @3986 {TXH:245 STREAM:6 NAME:req TIME=0  TYPE="Begin_End, Link" LABEL:"" DESC=""}
  LINK @3986 {TXH1:50 TXH2:245 RELATION=child}
  SET_ATTR @4006 {TXH:245 NAME:op_type VALUE:33603684309229924   RADIX:UVM_STRING BITS=56}
  SET_ATTR @4006 {TXH:245 NAME:addr VALUE:68   RADIX:UVM_HEX BITS=32}
  SET_ATTR @4006 {TXH:245 NAME:din VALUE:177   RADIX:UVM_HEX BITS=8}
  SET_ATTR @4006 {TXH:245 NAME:dout VALUE:66   RADIX:UVM_HEX BITS=8}
  SET_ATTR @4006 {TXH:245 NAME:valid_sb VALUE:0   RADIX:UVM_HEX BITS=1}
  SET_ATTR @4006 {TXH:245 NAME:transaction_id VALUE:194   RADIX:UVM_DEC BITS=32}
END @4006 {TXH:245 TIME=0}
FREE @4006 {TXH:245}
BEGIN @4006 {TXH:246 STREAM:6 NAME:req TIME=0  TYPE="Begin_End, Link" LABEL:"" DESC=""}
  LINK @4006 {TXH1:50 TXH2:246 RELATION=child}
  SET_ATTR @4026 {TXH:246 NAME:op_type VALUE:33603684309229924   RADIX:UVM_STRING BITS=56}
  SET_ATTR @4026 {TXH:246 NAME:addr VALUE:68   RADIX:UVM_HEX BITS=32}
  SET_ATTR @4026 {TXH:246 NAME:din VALUE:95   RADIX:UVM_HEX BITS=8}
  SET_ATTR @4026 {TXH:246 NAME:dout VALUE:66   RADIX:UVM_HEX BITS=8}
  SET_ATTR @4026 {TXH:246 NAME:valid_sb VALUE:0   RADIX:UVM_HEX BITS=1}
  SET_ATTR @4026 {TXH:246 NAME:transaction_id VALUE:195   RADIX:UVM_DEC BITS=32}
END @4026 {TXH:246 TIME=0}
FREE @4026 {TXH:246}
BEGIN @4026 {TXH:247 STREAM:6 NAME:req TIME=0  TYPE="Begin_End, Link" LABEL:"" DESC=""}
  LINK @4026 {TXH1:50 TXH2:247 RELATION=child}
  SET_ATTR @4046 {TXH:247 NAME:op_type VALUE:33603684309229924   RADIX:UVM_STRING BITS=56}
  SET_ATTR @4046 {TXH:247 NAME:addr VALUE:68   RADIX:UVM_HEX BITS=32}
  SET_ATTR @4046 {TXH:247 NAME:din VALUE:161   RADIX:UVM_HEX BITS=8}
  SET_ATTR @4046 {TXH:247 NAME:dout VALUE:66   RADIX:UVM_HEX BITS=8}
  SET_ATTR @4046 {TXH:247 NAME:valid_sb VALUE:0   RADIX:UVM_HEX BITS=1}
  SET_ATTR @4046 {TXH:247 NAME:transaction_id VALUE:196   RADIX:UVM_DEC BITS=32}
END @4046 {TXH:247 TIME=0}
FREE @4046 {TXH:247}
BEGIN @4046 {TXH:248 STREAM:6 NAME:req TIME=0  TYPE="Begin_End, Link" LABEL:"" DESC=""}
  LINK @4046 {TXH1:50 TXH2:248 RELATION=child}
  SET_ATTR @4066 {TXH:248 NAME:op_type VALUE:33603684309229924   RADIX:UVM_STRING BITS=56}
  SET_ATTR @4066 {TXH:248 NAME:addr VALUE:68   RADIX:UVM_HEX BITS=32}
  SET_ATTR @4066 {TXH:248 NAME:din VALUE:127   RADIX:UVM_HEX BITS=8}
  SET_ATTR @4066 {TXH:248 NAME:dout VALUE:66   RADIX:UVM_HEX BITS=8}
  SET_ATTR @4066 {TXH:248 NAME:valid_sb VALUE:0   RADIX:UVM_HEX BITS=1}
  SET_ATTR @4066 {TXH:248 NAME:transaction_id VALUE:197   RADIX:UVM_DEC BITS=32}
END @4066 {TXH:248 TIME=0}
FREE @4066 {TXH:248}
BEGIN @4066 {TXH:249 STREAM:6 NAME:req TIME=0  TYPE="Begin_End, Link" LABEL:"" DESC=""}
  LINK @4066 {TXH1:50 TXH2:249 RELATION=child}
  SET_ATTR @4086 {TXH:249 NAME:op_type VALUE:33603684309229924   RADIX:UVM_STRING BITS=56}
  SET_ATTR @4086 {TXH:249 NAME:addr VALUE:68   RADIX:UVM_HEX BITS=32}
  SET_ATTR @4086 {TXH:249 NAME:din VALUE:191   RADIX:UVM_HEX BITS=8}
  SET_ATTR @4086 {TXH:249 NAME:dout VALUE:66   RADIX:UVM_HEX BITS=8}
  SET_ATTR @4086 {TXH:249 NAME:valid_sb VALUE:0   RADIX:UVM_HEX BITS=1}
  SET_ATTR @4086 {TXH:249 NAME:transaction_id VALUE:198   RADIX:UVM_DEC BITS=32}
END @4086 {TXH:249 TIME=0}
FREE @4086 {TXH:249}
BEGIN @4086 {TXH:250 STREAM:6 NAME:req TIME=0  TYPE="Begin_End, Link" LABEL:"" DESC=""}
  LINK @4086 {TXH1:50 TXH2:250 RELATION=child}
  SET_ATTR @4106 {TXH:250 NAME:op_type VALUE:33603684309229924   RADIX:UVM_STRING BITS=56}
  SET_ATTR @4106 {TXH:250 NAME:addr VALUE:68   RADIX:UVM_HEX BITS=32}
  SET_ATTR @4106 {TXH:250 NAME:din VALUE:0   RADIX:UVM_HEX BITS=8}
  SET_ATTR @4106 {TXH:250 NAME:dout VALUE:66   RADIX:UVM_HEX BITS=8}
  SET_ATTR @4106 {TXH:250 NAME:valid_sb VALUE:0   RADIX:UVM_HEX BITS=1}
  SET_ATTR @4106 {TXH:250 NAME:transaction_id VALUE:199   RADIX:UVM_DEC BITS=32}
END @4106 {TXH:250 TIME=0}
FREE @4106 {TXH:250}
BEGIN @4106 {TXH:251 STREAM:6 NAME:req TIME=0  TYPE="Begin_End, Link" LABEL:"" DESC=""}
  LINK @4106 {TXH1:50 TXH2:251 RELATION=child}
  SET_ATTR @4126 {TXH:251 NAME:op_type VALUE:33603684309229924   RADIX:UVM_STRING BITS=56}
  SET_ATTR @4126 {TXH:251 NAME:addr VALUE:68   RADIX:UVM_HEX BITS=32}
  SET_ATTR @4126 {TXH:251 NAME:din VALUE:215   RADIX:UVM_HEX BITS=8}
  SET_ATTR @4126 {TXH:251 NAME:dout VALUE:66   RADIX:UVM_HEX BITS=8}
  SET_ATTR @4126 {TXH:251 NAME:valid_sb VALUE:0   RADIX:UVM_HEX BITS=1}
  SET_ATTR @4126 {TXH:251 NAME:transaction_id VALUE:200   RADIX:UVM_DEC BITS=32}
END @4126 {TXH:251 TIME=0}
FREE @4126 {TXH:251}
BEGIN @4126 {TXH:252 STREAM:6 NAME:req TIME=0  TYPE="Begin_End, Link" LABEL:"" DESC=""}
  LINK @4126 {TXH1:50 TXH2:252 RELATION=child}
  SET_ATTR @4146 {TXH:252 NAME:op_type VALUE:33603684309229924   RADIX:UVM_STRING BITS=56}
  SET_ATTR @4146 {TXH:252 NAME:addr VALUE:68   RADIX:UVM_HEX BITS=32}
  SET_ATTR @4146 {TXH:252 NAME:din VALUE:225   RADIX:UVM_HEX BITS=8}
  SET_ATTR @4146 {TXH:252 NAME:dout VALUE:66   RADIX:UVM_HEX BITS=8}
  SET_ATTR @4146 {TXH:252 NAME:valid_sb VALUE:0   RADIX:UVM_HEX BITS=1}
  SET_ATTR @4146 {TXH:252 NAME:transaction_id VALUE:201   RADIX:UVM_DEC BITS=32}
END @4146 {TXH:252 TIME=0}
FREE @4146 {TXH:252}
BEGIN @4146 {TXH:253 STREAM:6 NAME:req TIME=0  TYPE="Begin_End, Link" LABEL:"" DESC=""}
  LINK @4146 {TXH1:50 TXH2:253 RELATION=child}
  SET_ATTR @4166 {TXH:253 NAME:op_type VALUE:33603684309229924   RADIX:UVM_STRING BITS=56}
  SET_ATTR @4166 {TXH:253 NAME:addr VALUE:68   RADIX:UVM_HEX BITS=32}
  SET_ATTR @4166 {TXH:253 NAME:din VALUE:173   RADIX:UVM_HEX BITS=8}
  SET_ATTR @4166 {TXH:253 NAME:dout VALUE:66   RADIX:UVM_HEX BITS=8}
  SET_ATTR @4166 {TXH:253 NAME:valid_sb VALUE:0   RADIX:UVM_HEX BITS=1}
  SET_ATTR @4166 {TXH:253 NAME:transaction_id VALUE:202   RADIX:UVM_DEC BITS=32}
END @4166 {TXH:253 TIME=0}
FREE @4166 {TXH:253}
BEGIN @4166 {TXH:254 STREAM:6 NAME:req TIME=0  TYPE="Begin_End, Link" LABEL:"" DESC=""}
  LINK @4166 {TXH1:50 TXH2:254 RELATION=child}
  SET_ATTR @4186 {TXH:254 NAME:op_type VALUE:33603684309229924   RADIX:UVM_STRING BITS=56}
  SET_ATTR @4186 {TXH:254 NAME:addr VALUE:68   RADIX:UVM_HEX BITS=32}
  SET_ATTR @4186 {TXH:254 NAME:din VALUE:83   RADIX:UVM_HEX BITS=8}
  SET_ATTR @4186 {TXH:254 NAME:dout VALUE:66   RADIX:UVM_HEX BITS=8}
  SET_ATTR @4186 {TXH:254 NAME:valid_sb VALUE:0   RADIX:UVM_HEX BITS=1}
  SET_ATTR @4186 {TXH:254 NAME:transaction_id VALUE:203   RADIX:UVM_DEC BITS=32}
END @4186 {TXH:254 TIME=0}
FREE @4186 {TXH:254}
BEGIN @4186 {TXH:255 STREAM:6 NAME:req TIME=0  TYPE="Begin_End, Link" LABEL:"" DESC=""}
  LINK @4186 {TXH1:50 TXH2:255 RELATION=child}
  SET_ATTR @4206 {TXH:255 NAME:op_type VALUE:33603684309229924   RADIX:UVM_STRING BITS=56}
  SET_ATTR @4206 {TXH:255 NAME:addr VALUE:68   RADIX:UVM_HEX BITS=32}
  SET_ATTR @4206 {TXH:255 NAME:din VALUE:99   RADIX:UVM_HEX BITS=8}
  SET_ATTR @4206 {TXH:255 NAME:dout VALUE:66   RADIX:UVM_HEX BITS=8}
  SET_ATTR @4206 {TXH:255 NAME:valid_sb VALUE:0   RADIX:UVM_HEX BITS=1}
  SET_ATTR @4206 {TXH:255 NAME:transaction_id VALUE:204   RADIX:UVM_DEC BITS=32}
END @4206 {TXH:255 TIME=0}
FREE @4206 {TXH:255}
BEGIN @4206 {TXH:256 STREAM:6 NAME:req TIME=0  TYPE="Begin_End, Link" LABEL:"" DESC=""}
  LINK @4206 {TXH1:50 TXH2:256 RELATION=child}
  SET_ATTR @4226 {TXH:256 NAME:op_type VALUE:33603684309229924   RADIX:UVM_STRING BITS=56}
  SET_ATTR @4226 {TXH:256 NAME:addr VALUE:68   RADIX:UVM_HEX BITS=32}
  SET_ATTR @4226 {TXH:256 NAME:din VALUE:203   RADIX:UVM_HEX BITS=8}
  SET_ATTR @4226 {TXH:256 NAME:dout VALUE:66   RADIX:UVM_HEX BITS=8}
  SET_ATTR @4226 {TXH:256 NAME:valid_sb VALUE:0   RADIX:UVM_HEX BITS=1}
  SET_ATTR @4226 {TXH:256 NAME:transaction_id VALUE:205   RADIX:UVM_DEC BITS=32}
END @4226 {TXH:256 TIME=0}
FREE @4226 {TXH:256}
BEGIN @4226 {TXH:257 STREAM:6 NAME:req TIME=0  TYPE="Begin_End, Link" LABEL:"" DESC=""}
  LINK @4226 {TXH1:50 TXH2:257 RELATION=child}
  SET_ATTR @4246 {TXH:257 NAME:op_type VALUE:33603684309229924   RADIX:UVM_STRING BITS=56}
  SET_ATTR @4246 {TXH:257 NAME:addr VALUE:68   RADIX:UVM_HEX BITS=32}
  SET_ATTR @4246 {TXH:257 NAME:din VALUE:36   RADIX:UVM_HEX BITS=8}
  SET_ATTR @4246 {TXH:257 NAME:dout VALUE:66   RADIX:UVM_HEX BITS=8}
  SET_ATTR @4246 {TXH:257 NAME:valid_sb VALUE:0   RADIX:UVM_HEX BITS=1}
  SET_ATTR @4246 {TXH:257 NAME:transaction_id VALUE:206   RADIX:UVM_DEC BITS=32}
END @4246 {TXH:257 TIME=0}
FREE @4246 {TXH:257}
BEGIN @4246 {TXH:258 STREAM:6 NAME:req TIME=0  TYPE="Begin_End, Link" LABEL:"" DESC=""}
  LINK @4246 {TXH1:50 TXH2:258 RELATION=child}
  SET_ATTR @4266 {TXH:258 NAME:op_type VALUE:33603684309229924   RADIX:UVM_STRING BITS=56}
  SET_ATTR @4266 {TXH:258 NAME:addr VALUE:68   RADIX:UVM_HEX BITS=32}
  SET_ATTR @4266 {TXH:258 NAME:din VALUE:51   RADIX:UVM_HEX BITS=8}
  SET_ATTR @4266 {TXH:258 NAME:dout VALUE:66   RADIX:UVM_HEX BITS=8}
  SET_ATTR @4266 {TXH:258 NAME:valid_sb VALUE:0   RADIX:UVM_HEX BITS=1}
  SET_ATTR @4266 {TXH:258 NAME:transaction_id VALUE:207   RADIX:UVM_DEC BITS=32}
END @4266 {TXH:258 TIME=0}
FREE @4266 {TXH:258}
BEGIN @4266 {TXH:259 STREAM:6 NAME:req TIME=0  TYPE="Begin_End, Link" LABEL:"" DESC=""}
  LINK @4266 {TXH1:50 TXH2:259 RELATION=child}
  SET_ATTR @4286 {TXH:259 NAME:op_type VALUE:33603684309229924   RADIX:UVM_STRING BITS=56}
  SET_ATTR @4286 {TXH:259 NAME:addr VALUE:68   RADIX:UVM_HEX BITS=32}
  SET_ATTR @4286 {TXH:259 NAME:din VALUE:88   RADIX:UVM_HEX BITS=8}
  SET_ATTR @4286 {TXH:259 NAME:dout VALUE:66   RADIX:UVM_HEX BITS=8}
  SET_ATTR @4286 {TXH:259 NAME:valid_sb VALUE:0   RADIX:UVM_HEX BITS=1}
  SET_ATTR @4286 {TXH:259 NAME:transaction_id VALUE:208   RADIX:UVM_DEC BITS=32}
END @4286 {TXH:259 TIME=0}
FREE @4286 {TXH:259}
BEGIN @4286 {TXH:260 STREAM:6 NAME:req TIME=0  TYPE="Begin_End, Link" LABEL:"" DESC=""}
  LINK @4286 {TXH1:50 TXH2:260 RELATION=child}
  SET_ATTR @4306 {TXH:260 NAME:op_type VALUE:33603684309229924   RADIX:UVM_STRING BITS=56}
  SET_ATTR @4306 {TXH:260 NAME:addr VALUE:68   RADIX:UVM_HEX BITS=32}
  SET_ATTR @4306 {TXH:260 NAME:din VALUE:41   RADIX:UVM_HEX BITS=8}
  SET_ATTR @4306 {TXH:260 NAME:dout VALUE:66   RADIX:UVM_HEX BITS=8}
  SET_ATTR @4306 {TXH:260 NAME:valid_sb VALUE:0   RADIX:UVM_HEX BITS=1}
  SET_ATTR @4306 {TXH:260 NAME:transaction_id VALUE:209   RADIX:UVM_DEC BITS=32}
END @4306 {TXH:260 TIME=0}
FREE @4306 {TXH:260}
BEGIN @4306 {TXH:261 STREAM:6 NAME:req TIME=0  TYPE="Begin_End, Link" LABEL:"" DESC=""}
  LINK @4306 {TXH1:50 TXH2:261 RELATION=child}
  SET_ATTR @4326 {TXH:261 NAME:op_type VALUE:33603684309229924   RADIX:UVM_STRING BITS=56}
  SET_ATTR @4326 {TXH:261 NAME:addr VALUE:68   RADIX:UVM_HEX BITS=32}
  SET_ATTR @4326 {TXH:261 NAME:din VALUE:122   RADIX:UVM_HEX BITS=8}
  SET_ATTR @4326 {TXH:261 NAME:dout VALUE:66   RADIX:UVM_HEX BITS=8}
  SET_ATTR @4326 {TXH:261 NAME:valid_sb VALUE:0   RADIX:UVM_HEX BITS=1}
  SET_ATTR @4326 {TXH:261 NAME:transaction_id VALUE:210   RADIX:UVM_DEC BITS=32}
END @4326 {TXH:261 TIME=0}
FREE @4326 {TXH:261}
BEGIN @4326 {TXH:262 STREAM:6 NAME:req TIME=0  TYPE="Begin_End, Link" LABEL:"" DESC=""}
  LINK @4326 {TXH1:50 TXH2:262 RELATION=child}
  SET_ATTR @4346 {TXH:262 NAME:op_type VALUE:33603684309229924   RADIX:UVM_STRING BITS=56}
  SET_ATTR @4346 {TXH:262 NAME:addr VALUE:68   RADIX:UVM_HEX BITS=32}
  SET_ATTR @4346 {TXH:262 NAME:din VALUE:145   RADIX:UVM_HEX BITS=8}
  SET_ATTR @4346 {TXH:262 NAME:dout VALUE:66   RADIX:UVM_HEX BITS=8}
  SET_ATTR @4346 {TXH:262 NAME:valid_sb VALUE:0   RADIX:UVM_HEX BITS=1}
  SET_ATTR @4346 {TXH:262 NAME:transaction_id VALUE:211   RADIX:UVM_DEC BITS=32}
END @4346 {TXH:262 TIME=0}
FREE @4346 {TXH:262}
BEGIN @4346 {TXH:263 STREAM:6 NAME:req TIME=0  TYPE="Begin_End, Link" LABEL:"" DESC=""}
  LINK @4346 {TXH1:50 TXH2:263 RELATION=child}
  SET_ATTR @4366 {TXH:263 NAME:op_type VALUE:33603684309229924   RADIX:UVM_STRING BITS=56}
  SET_ATTR @4366 {TXH:263 NAME:addr VALUE:68   RADIX:UVM_HEX BITS=32}
  SET_ATTR @4366 {TXH:263 NAME:din VALUE:212   RADIX:UVM_HEX BITS=8}
  SET_ATTR @4366 {TXH:263 NAME:dout VALUE:66   RADIX:UVM_HEX BITS=8}
  SET_ATTR @4366 {TXH:263 NAME:valid_sb VALUE:0   RADIX:UVM_HEX BITS=1}
  SET_ATTR @4366 {TXH:263 NAME:transaction_id VALUE:212   RADIX:UVM_DEC BITS=32}
END @4366 {TXH:263 TIME=0}
FREE @4366 {TXH:263}
BEGIN @4366 {TXH:264 STREAM:6 NAME:req TIME=0  TYPE="Begin_End, Link" LABEL:"" DESC=""}
  LINK @4366 {TXH1:50 TXH2:264 RELATION=child}
  SET_ATTR @4386 {TXH:264 NAME:op_type VALUE:33603684309229924   RADIX:UVM_STRING BITS=56}
  SET_ATTR @4386 {TXH:264 NAME:addr VALUE:68   RADIX:UVM_HEX BITS=32}
  SET_ATTR @4386 {TXH:264 NAME:din VALUE:55   RADIX:UVM_HEX BITS=8}
  SET_ATTR @4386 {TXH:264 NAME:dout VALUE:66   RADIX:UVM_HEX BITS=8}
  SET_ATTR @4386 {TXH:264 NAME:valid_sb VALUE:0   RADIX:UVM_HEX BITS=1}
  SET_ATTR @4386 {TXH:264 NAME:transaction_id VALUE:213   RADIX:UVM_DEC BITS=32}
END @4386 {TXH:264 TIME=0}
FREE @4386 {TXH:264}
BEGIN @4386 {TXH:265 STREAM:6 NAME:req TIME=0  TYPE="Begin_End, Link" LABEL:"" DESC=""}
  LINK @4386 {TXH1:50 TXH2:265 RELATION=child}
  SET_ATTR @4406 {TXH:265 NAME:op_type VALUE:33603684309229924   RADIX:UVM_STRING BITS=56}
  SET_ATTR @4406 {TXH:265 NAME:addr VALUE:68   RADIX:UVM_HEX BITS=32}
  SET_ATTR @4406 {TXH:265 NAME:din VALUE:29   RADIX:UVM_HEX BITS=8}
  SET_ATTR @4406 {TXH:265 NAME:dout VALUE:66   RADIX:UVM_HEX BITS=8}
  SET_ATTR @4406 {TXH:265 NAME:valid_sb VALUE:0   RADIX:UVM_HEX BITS=1}
  SET_ATTR @4406 {TXH:265 NAME:transaction_id VALUE:214   RADIX:UVM_DEC BITS=32}
END @4406 {TXH:265 TIME=0}
FREE @4406 {TXH:265}
BEGIN @4406 {TXH:266 STREAM:6 NAME:req TIME=0  TYPE="Begin_End, Link" LABEL:"" DESC=""}
  LINK @4406 {TXH1:50 TXH2:266 RELATION=child}
  SET_ATTR @4426 {TXH:266 NAME:op_type VALUE:33603684309229924   RADIX:UVM_STRING BITS=56}
  SET_ATTR @4426 {TXH:266 NAME:addr VALUE:68   RADIX:UVM_HEX BITS=32}
  SET_ATTR @4426 {TXH:266 NAME:din VALUE:236   RADIX:UVM_HEX BITS=8}
  SET_ATTR @4426 {TXH:266 NAME:dout VALUE:66   RADIX:UVM_HEX BITS=8}
  SET_ATTR @4426 {TXH:266 NAME:valid_sb VALUE:0   RADIX:UVM_HEX BITS=1}
  SET_ATTR @4426 {TXH:266 NAME:transaction_id VALUE:215   RADIX:UVM_DEC BITS=32}
END @4426 {TXH:266 TIME=0}
FREE @4426 {TXH:266}
BEGIN @4426 {TXH:267 STREAM:6 NAME:req TIME=0  TYPE="Begin_End, Link" LABEL:"" DESC=""}
  LINK @4426 {TXH1:50 TXH2:267 RELATION=child}
  SET_ATTR @4446 {TXH:267 NAME:op_type VALUE:33603684309229924   RADIX:UVM_STRING BITS=56}
  SET_ATTR @4446 {TXH:267 NAME:addr VALUE:68   RADIX:UVM_HEX BITS=32}
  SET_ATTR @4446 {TXH:267 NAME:din VALUE:17   RADIX:UVM_HEX BITS=8}
  SET_ATTR @4446 {TXH:267 NAME:dout VALUE:66   RADIX:UVM_HEX BITS=8}
  SET_ATTR @4446 {TXH:267 NAME:valid_sb VALUE:0   RADIX:UVM_HEX BITS=1}
  SET_ATTR @4446 {TXH:267 NAME:transaction_id VALUE:216   RADIX:UVM_DEC BITS=32}
END @4446 {TXH:267 TIME=0}
FREE @4446 {TXH:267}
BEGIN @4446 {TXH:268 STREAM:6 NAME:req TIME=0  TYPE="Begin_End, Link" LABEL:"" DESC=""}
  LINK @4446 {TXH1:50 TXH2:268 RELATION=child}
  SET_ATTR @4466 {TXH:268 NAME:op_type VALUE:33603684309229924   RADIX:UVM_STRING BITS=56}
  SET_ATTR @4466 {TXH:268 NAME:addr VALUE:68   RADIX:UVM_HEX BITS=32}
  SET_ATTR @4466 {TXH:268 NAME:din VALUE:242   RADIX:UVM_HEX BITS=8}
  SET_ATTR @4466 {TXH:268 NAME:dout VALUE:66   RADIX:UVM_HEX BITS=8}
  SET_ATTR @4466 {TXH:268 NAME:valid_sb VALUE:0   RADIX:UVM_HEX BITS=1}
  SET_ATTR @4466 {TXH:268 NAME:transaction_id VALUE:217   RADIX:UVM_DEC BITS=32}
END @4466 {TXH:268 TIME=0}
FREE @4466 {TXH:268}
BEGIN @4466 {TXH:269 STREAM:6 NAME:req TIME=0  TYPE="Begin_End, Link" LABEL:"" DESC=""}
  LINK @4466 {TXH1:50 TXH2:269 RELATION=child}
  SET_ATTR @4486 {TXH:269 NAME:op_type VALUE:33603684309229924   RADIX:UVM_STRING BITS=56}
  SET_ATTR @4486 {TXH:269 NAME:addr VALUE:68   RADIX:UVM_HEX BITS=32}
  SET_ATTR @4486 {TXH:269 NAME:din VALUE:46   RADIX:UVM_HEX BITS=8}
  SET_ATTR @4486 {TXH:269 NAME:dout VALUE:66   RADIX:UVM_HEX BITS=8}
  SET_ATTR @4486 {TXH:269 NAME:valid_sb VALUE:0   RADIX:UVM_HEX BITS=1}
  SET_ATTR @4486 {TXH:269 NAME:transaction_id VALUE:218   RADIX:UVM_DEC BITS=32}
END @4486 {TXH:269 TIME=0}
FREE @4486 {TXH:269}
BEGIN @4486 {TXH:270 STREAM:6 NAME:req TIME=0  TYPE="Begin_End, Link" LABEL:"" DESC=""}
  LINK @4486 {TXH1:50 TXH2:270 RELATION=child}
  SET_ATTR @4506 {TXH:270 NAME:op_type VALUE:33603684309229924   RADIX:UVM_STRING BITS=56}
  SET_ATTR @4506 {TXH:270 NAME:addr VALUE:68   RADIX:UVM_HEX BITS=32}
  SET_ATTR @4506 {TXH:270 NAME:din VALUE:187   RADIX:UVM_HEX BITS=8}
  SET_ATTR @4506 {TXH:270 NAME:dout VALUE:66   RADIX:UVM_HEX BITS=8}
  SET_ATTR @4506 {TXH:270 NAME:valid_sb VALUE:0   RADIX:UVM_HEX BITS=1}
  SET_ATTR @4506 {TXH:270 NAME:transaction_id VALUE:219   RADIX:UVM_DEC BITS=32}
END @4506 {TXH:270 TIME=0}
FREE @4506 {TXH:270}
BEGIN @4506 {TXH:271 STREAM:6 NAME:req TIME=0  TYPE="Begin_End, Link" LABEL:"" DESC=""}
  LINK @4506 {TXH1:50 TXH2:271 RELATION=child}
  SET_ATTR @4526 {TXH:271 NAME:op_type VALUE:33603684309229924   RADIX:UVM_STRING BITS=56}
  SET_ATTR @4526 {TXH:271 NAME:addr VALUE:68   RADIX:UVM_HEX BITS=32}
  SET_ATTR @4526 {TXH:271 NAME:din VALUE:218   RADIX:UVM_HEX BITS=8}
  SET_ATTR @4526 {TXH:271 NAME:dout VALUE:66   RADIX:UVM_HEX BITS=8}
  SET_ATTR @4526 {TXH:271 NAME:valid_sb VALUE:0   RADIX:UVM_HEX BITS=1}
  SET_ATTR @4526 {TXH:271 NAME:transaction_id VALUE:220   RADIX:UVM_DEC BITS=32}
END @4526 {TXH:271 TIME=0}
FREE @4526 {TXH:271}
BEGIN @4526 {TXH:272 STREAM:6 NAME:req TIME=0  TYPE="Begin_End, Link" LABEL:"" DESC=""}
  LINK @4526 {TXH1:50 TXH2:272 RELATION=child}
  SET_ATTR @4546 {TXH:272 NAME:op_type VALUE:33603684309229924   RADIX:UVM_STRING BITS=56}
  SET_ATTR @4546 {TXH:272 NAME:addr VALUE:68   RADIX:UVM_HEX BITS=32}
  SET_ATTR @4546 {TXH:272 NAME:din VALUE:4   RADIX:UVM_HEX BITS=8}
  SET_ATTR @4546 {TXH:272 NAME:dout VALUE:66   RADIX:UVM_HEX BITS=8}
  SET_ATTR @4546 {TXH:272 NAME:valid_sb VALUE:0   RADIX:UVM_HEX BITS=1}
  SET_ATTR @4546 {TXH:272 NAME:transaction_id VALUE:221   RADIX:UVM_DEC BITS=32}
END @4546 {TXH:272 TIME=0}
FREE @4546 {TXH:272}
BEGIN @4546 {TXH:273 STREAM:6 NAME:req TIME=0  TYPE="Begin_End, Link" LABEL:"" DESC=""}
  LINK @4546 {TXH1:50 TXH2:273 RELATION=child}
  SET_ATTR @4566 {TXH:273 NAME:op_type VALUE:33603684309229924   RADIX:UVM_STRING BITS=56}
  SET_ATTR @4566 {TXH:273 NAME:addr VALUE:68   RADIX:UVM_HEX BITS=32}
  SET_ATTR @4566 {TXH:273 NAME:din VALUE:66   RADIX:UVM_HEX BITS=8}
  SET_ATTR @4566 {TXH:273 NAME:dout VALUE:66   RADIX:UVM_HEX BITS=8}
  SET_ATTR @4566 {TXH:273 NAME:valid_sb VALUE:0   RADIX:UVM_HEX BITS=1}
  SET_ATTR @4566 {TXH:273 NAME:transaction_id VALUE:222   RADIX:UVM_DEC BITS=32}
END @4566 {TXH:273 TIME=0}
FREE @4566 {TXH:273}
BEGIN @4566 {TXH:274 STREAM:6 NAME:req TIME=0  TYPE="Begin_End, Link" LABEL:"" DESC=""}
  LINK @4566 {TXH1:50 TXH2:274 RELATION=child}
  SET_ATTR @4586 {TXH:274 NAME:op_type VALUE:33603684309229924   RADIX:UVM_STRING BITS=56}
  SET_ATTR @4586 {TXH:274 NAME:addr VALUE:68   RADIX:UVM_HEX BITS=32}
  SET_ATTR @4586 {TXH:274 NAME:din VALUE:227   RADIX:UVM_HEX BITS=8}
  SET_ATTR @4586 {TXH:274 NAME:dout VALUE:66   RADIX:UVM_HEX BITS=8}
  SET_ATTR @4586 {TXH:274 NAME:valid_sb VALUE:0   RADIX:UVM_HEX BITS=1}
  SET_ATTR @4586 {TXH:274 NAME:transaction_id VALUE:223   RADIX:UVM_DEC BITS=32}
END @4586 {TXH:274 TIME=0}
FREE @4586 {TXH:274}
BEGIN @4586 {TXH:275 STREAM:6 NAME:req TIME=0  TYPE="Begin_End, Link" LABEL:"" DESC=""}
  LINK @4586 {TXH1:50 TXH2:275 RELATION=child}
  SET_ATTR @4606 {TXH:275 NAME:op_type VALUE:33603684309229924   RADIX:UVM_STRING BITS=56}
  SET_ATTR @4606 {TXH:275 NAME:addr VALUE:68   RADIX:UVM_HEX BITS=32}
  SET_ATTR @4606 {TXH:275 NAME:din VALUE:20   RADIX:UVM_HEX BITS=8}
  SET_ATTR @4606 {TXH:275 NAME:dout VALUE:66   RADIX:UVM_HEX BITS=8}
  SET_ATTR @4606 {TXH:275 NAME:valid_sb VALUE:0   RADIX:UVM_HEX BITS=1}
  SET_ATTR @4606 {TXH:275 NAME:transaction_id VALUE:224   RADIX:UVM_DEC BITS=32}
END @4606 {TXH:275 TIME=0}
FREE @4606 {TXH:275}
BEGIN @4606 {TXH:276 STREAM:6 NAME:req TIME=0  TYPE="Begin_End, Link" LABEL:"" DESC=""}
  LINK @4606 {TXH1:50 TXH2:276 RELATION=child}
  SET_ATTR @4626 {TXH:276 NAME:op_type VALUE:33603684309229924   RADIX:UVM_STRING BITS=56}
  SET_ATTR @4626 {TXH:276 NAME:addr VALUE:68   RADIX:UVM_HEX BITS=32}
  SET_ATTR @4626 {TXH:276 NAME:din VALUE:8   RADIX:UVM_HEX BITS=8}
  SET_ATTR @4626 {TXH:276 NAME:dout VALUE:66   RADIX:UVM_HEX BITS=8}
  SET_ATTR @4626 {TXH:276 NAME:valid_sb VALUE:0   RADIX:UVM_HEX BITS=1}
  SET_ATTR @4626 {TXH:276 NAME:transaction_id VALUE:225   RADIX:UVM_DEC BITS=32}
END @4626 {TXH:276 TIME=0}
FREE @4626 {TXH:276}
BEGIN @4626 {TXH:277 STREAM:6 NAME:req TIME=0  TYPE="Begin_End, Link" LABEL:"" DESC=""}
  LINK @4626 {TXH1:50 TXH2:277 RELATION=child}
  SET_ATTR @4646 {TXH:277 NAME:op_type VALUE:33603684309229924   RADIX:UVM_STRING BITS=56}
  SET_ATTR @4646 {TXH:277 NAME:addr VALUE:68   RADIX:UVM_HEX BITS=32}
  SET_ATTR @4646 {TXH:277 NAME:din VALUE:238   RADIX:UVM_HEX BITS=8}
  SET_ATTR @4646 {TXH:277 NAME:dout VALUE:66   RADIX:UVM_HEX BITS=8}
  SET_ATTR @4646 {TXH:277 NAME:valid_sb VALUE:0   RADIX:UVM_HEX BITS=1}
  SET_ATTR @4646 {TXH:277 NAME:transaction_id VALUE:226   RADIX:UVM_DEC BITS=32}
END @4646 {TXH:277 TIME=0}
FREE @4646 {TXH:277}
BEGIN @4646 {TXH:278 STREAM:6 NAME:req TIME=0  TYPE="Begin_End, Link" LABEL:"" DESC=""}
  LINK @4646 {TXH1:50 TXH2:278 RELATION=child}
  SET_ATTR @4666 {TXH:278 NAME:op_type VALUE:33603684309229924   RADIX:UVM_STRING BITS=56}
  SET_ATTR @4666 {TXH:278 NAME:addr VALUE:68   RADIX:UVM_HEX BITS=32}
  SET_ATTR @4666 {TXH:278 NAME:din VALUE:92   RADIX:UVM_HEX BITS=8}
  SET_ATTR @4666 {TXH:278 NAME:dout VALUE:66   RADIX:UVM_HEX BITS=8}
  SET_ATTR @4666 {TXH:278 NAME:valid_sb VALUE:0   RADIX:UVM_HEX BITS=1}
  SET_ATTR @4666 {TXH:278 NAME:transaction_id VALUE:227   RADIX:UVM_DEC BITS=32}
END @4666 {TXH:278 TIME=0}
FREE @4666 {TXH:278}
BEGIN @4666 {TXH:279 STREAM:6 NAME:req TIME=0  TYPE="Begin_End, Link" LABEL:"" DESC=""}
  LINK @4666 {TXH1:50 TXH2:279 RELATION=child}
  SET_ATTR @4686 {TXH:279 NAME:op_type VALUE:33603684309229924   RADIX:UVM_STRING BITS=56}
  SET_ATTR @4686 {TXH:279 NAME:addr VALUE:68   RADIX:UVM_HEX BITS=32}
  SET_ATTR @4686 {TXH:279 NAME:din VALUE:255   RADIX:UVM_HEX BITS=8}
  SET_ATTR @4686 {TXH:279 NAME:dout VALUE:66   RADIX:UVM_HEX BITS=8}
  SET_ATTR @4686 {TXH:279 NAME:valid_sb VALUE:0   RADIX:UVM_HEX BITS=1}
  SET_ATTR @4686 {TXH:279 NAME:transaction_id VALUE:228   RADIX:UVM_DEC BITS=32}
END @4686 {TXH:279 TIME=0}
FREE @4686 {TXH:279}
BEGIN @4686 {TXH:280 STREAM:6 NAME:req TIME=0  TYPE="Begin_End, Link" LABEL:"" DESC=""}
  LINK @4686 {TXH1:50 TXH2:280 RELATION=child}
  SET_ATTR @4706 {TXH:280 NAME:op_type VALUE:33603684309229924   RADIX:UVM_STRING BITS=56}
  SET_ATTR @4706 {TXH:280 NAME:addr VALUE:68   RADIX:UVM_HEX BITS=32}
  SET_ATTR @4706 {TXH:280 NAME:din VALUE:120   RADIX:UVM_HEX BITS=8}
  SET_ATTR @4706 {TXH:280 NAME:dout VALUE:66   RADIX:UVM_HEX BITS=8}
  SET_ATTR @4706 {TXH:280 NAME:valid_sb VALUE:0   RADIX:UVM_HEX BITS=1}
  SET_ATTR @4706 {TXH:280 NAME:transaction_id VALUE:229   RADIX:UVM_DEC BITS=32}
END @4706 {TXH:280 TIME=0}
FREE @4706 {TXH:280}
BEGIN @4706 {TXH:281 STREAM:6 NAME:req TIME=0  TYPE="Begin_End, Link" LABEL:"" DESC=""}
  LINK @4706 {TXH1:50 TXH2:281 RELATION=child}
  SET_ATTR @4726 {TXH:281 NAME:op_type VALUE:33603684309229924   RADIX:UVM_STRING BITS=56}
  SET_ATTR @4726 {TXH:281 NAME:addr VALUE:68   RADIX:UVM_HEX BITS=32}
  SET_ATTR @4726 {TXH:281 NAME:din VALUE:26   RADIX:UVM_HEX BITS=8}
  SET_ATTR @4726 {TXH:281 NAME:dout VALUE:66   RADIX:UVM_HEX BITS=8}
  SET_ATTR @4726 {TXH:281 NAME:valid_sb VALUE:0   RADIX:UVM_HEX BITS=1}
  SET_ATTR @4726 {TXH:281 NAME:transaction_id VALUE:230   RADIX:UVM_DEC BITS=32}
END @4726 {TXH:281 TIME=0}
FREE @4726 {TXH:281}
BEGIN @4726 {TXH:282 STREAM:6 NAME:req TIME=0  TYPE="Begin_End, Link" LABEL:"" DESC=""}
  LINK @4726 {TXH1:50 TXH2:282 RELATION=child}
  SET_ATTR @4746 {TXH:282 NAME:op_type VALUE:33603684309229924   RADIX:UVM_STRING BITS=56}
  SET_ATTR @4746 {TXH:282 NAME:addr VALUE:68   RADIX:UVM_HEX BITS=32}
  SET_ATTR @4746 {TXH:282 NAME:din VALUE:176   RADIX:UVM_HEX BITS=8}
  SET_ATTR @4746 {TXH:282 NAME:dout VALUE:66   RADIX:UVM_HEX BITS=8}
  SET_ATTR @4746 {TXH:282 NAME:valid_sb VALUE:0   RADIX:UVM_HEX BITS=1}
  SET_ATTR @4746 {TXH:282 NAME:transaction_id VALUE:231   RADIX:UVM_DEC BITS=32}
END @4746 {TXH:282 TIME=0}
FREE @4746 {TXH:282}
BEGIN @4746 {TXH:283 STREAM:6 NAME:req TIME=0  TYPE="Begin_End, Link" LABEL:"" DESC=""}
  LINK @4746 {TXH1:50 TXH2:283 RELATION=child}
  SET_ATTR @4766 {TXH:283 NAME:op_type VALUE:33603684309229924   RADIX:UVM_STRING BITS=56}
  SET_ATTR @4766 {TXH:283 NAME:addr VALUE:68   RADIX:UVM_HEX BITS=32}
  SET_ATTR @4766 {TXH:283 NAME:din VALUE:57   RADIX:UVM_HEX BITS=8}
  SET_ATTR @4766 {TXH:283 NAME:dout VALUE:66   RADIX:UVM_HEX BITS=8}
  SET_ATTR @4766 {TXH:283 NAME:valid_sb VALUE:0   RADIX:UVM_HEX BITS=1}
  SET_ATTR @4766 {TXH:283 NAME:transaction_id VALUE:232   RADIX:UVM_DEC BITS=32}
END @4766 {TXH:283 TIME=0}
FREE @4766 {TXH:283}
BEGIN @4766 {TXH:284 STREAM:6 NAME:req TIME=0  TYPE="Begin_End, Link" LABEL:"" DESC=""}
  LINK @4766 {TXH1:50 TXH2:284 RELATION=child}
  SET_ATTR @4786 {TXH:284 NAME:op_type VALUE:33603684309229924   RADIX:UVM_STRING BITS=56}
  SET_ATTR @4786 {TXH:284 NAME:addr VALUE:68   RADIX:UVM_HEX BITS=32}
  SET_ATTR @4786 {TXH:284 NAME:din VALUE:33   RADIX:UVM_HEX BITS=8}
  SET_ATTR @4786 {TXH:284 NAME:dout VALUE:66   RADIX:UVM_HEX BITS=8}
  SET_ATTR @4786 {TXH:284 NAME:valid_sb VALUE:0   RADIX:UVM_HEX BITS=1}
  SET_ATTR @4786 {TXH:284 NAME:transaction_id VALUE:233   RADIX:UVM_DEC BITS=32}
END @4786 {TXH:284 TIME=0}
FREE @4786 {TXH:284}
BEGIN @4786 {TXH:285 STREAM:6 NAME:req TIME=0  TYPE="Begin_End, Link" LABEL:"" DESC=""}
  LINK @4786 {TXH1:50 TXH2:285 RELATION=child}
  SET_ATTR @4806 {TXH:285 NAME:op_type VALUE:33603684309229924   RADIX:UVM_STRING BITS=56}
  SET_ATTR @4806 {TXH:285 NAME:addr VALUE:68   RADIX:UVM_HEX BITS=32}
  SET_ATTR @4806 {TXH:285 NAME:din VALUE:154   RADIX:UVM_HEX BITS=8}
  SET_ATTR @4806 {TXH:285 NAME:dout VALUE:66   RADIX:UVM_HEX BITS=8}
  SET_ATTR @4806 {TXH:285 NAME:valid_sb VALUE:0   RADIX:UVM_HEX BITS=1}
  SET_ATTR @4806 {TXH:285 NAME:transaction_id VALUE:234   RADIX:UVM_DEC BITS=32}
END @4806 {TXH:285 TIME=0}
FREE @4806 {TXH:285}
BEGIN @4806 {TXH:286 STREAM:6 NAME:req TIME=0  TYPE="Begin_End, Link" LABEL:"" DESC=""}
  LINK @4806 {TXH1:50 TXH2:286 RELATION=child}
  SET_ATTR @4826 {TXH:286 NAME:op_type VALUE:33603684309229924   RADIX:UVM_STRING BITS=56}
  SET_ATTR @4826 {TXH:286 NAME:addr VALUE:68   RADIX:UVM_HEX BITS=32}
  SET_ATTR @4826 {TXH:286 NAME:din VALUE:51   RADIX:UVM_HEX BITS=8}
  SET_ATTR @4826 {TXH:286 NAME:dout VALUE:66   RADIX:UVM_HEX BITS=8}
  SET_ATTR @4826 {TXH:286 NAME:valid_sb VALUE:0   RADIX:UVM_HEX BITS=1}
  SET_ATTR @4826 {TXH:286 NAME:transaction_id VALUE:235   RADIX:UVM_DEC BITS=32}
END @4826 {TXH:286 TIME=0}
FREE @4826 {TXH:286}
BEGIN @4826 {TXH:287 STREAM:6 NAME:req TIME=0  TYPE="Begin_End, Link" LABEL:"" DESC=""}
  LINK @4826 {TXH1:50 TXH2:287 RELATION=child}
  SET_ATTR @4846 {TXH:287 NAME:op_type VALUE:33603684309229924   RADIX:UVM_STRING BITS=56}
  SET_ATTR @4846 {TXH:287 NAME:addr VALUE:68   RADIX:UVM_HEX BITS=32}
  SET_ATTR @4846 {TXH:287 NAME:din VALUE:133   RADIX:UVM_HEX BITS=8}
  SET_ATTR @4846 {TXH:287 NAME:dout VALUE:66   RADIX:UVM_HEX BITS=8}
  SET_ATTR @4846 {TXH:287 NAME:valid_sb VALUE:0   RADIX:UVM_HEX BITS=1}
  SET_ATTR @4846 {TXH:287 NAME:transaction_id VALUE:236   RADIX:UVM_DEC BITS=32}
END @4846 {TXH:287 TIME=0}
FREE @4846 {TXH:287}
BEGIN @4846 {TXH:288 STREAM:6 NAME:req TIME=0  TYPE="Begin_End, Link" LABEL:"" DESC=""}
  LINK @4846 {TXH1:50 TXH2:288 RELATION=child}
  SET_ATTR @4866 {TXH:288 NAME:op_type VALUE:33603684309229924   RADIX:UVM_STRING BITS=56}
  SET_ATTR @4866 {TXH:288 NAME:addr VALUE:68   RADIX:UVM_HEX BITS=32}
  SET_ATTR @4866 {TXH:288 NAME:din VALUE:226   RADIX:UVM_HEX BITS=8}
  SET_ATTR @4866 {TXH:288 NAME:dout VALUE:66   RADIX:UVM_HEX BITS=8}
  SET_ATTR @4866 {TXH:288 NAME:valid_sb VALUE:0   RADIX:UVM_HEX BITS=1}
  SET_ATTR @4866 {TXH:288 NAME:transaction_id VALUE:237   RADIX:UVM_DEC BITS=32}
END @4866 {TXH:288 TIME=0}
FREE @4866 {TXH:288}
BEGIN @4866 {TXH:289 STREAM:6 NAME:req TIME=0  TYPE="Begin_End, Link" LABEL:"" DESC=""}
  LINK @4866 {TXH1:50 TXH2:289 RELATION=child}
  SET_ATTR @4886 {TXH:289 NAME:op_type VALUE:33603684309229924   RADIX:UVM_STRING BITS=56}
  SET_ATTR @4886 {TXH:289 NAME:addr VALUE:68   RADIX:UVM_HEX BITS=32}
  SET_ATTR @4886 {TXH:289 NAME:din VALUE:16   RADIX:UVM_HEX BITS=8}
  SET_ATTR @4886 {TXH:289 NAME:dout VALUE:66   RADIX:UVM_HEX BITS=8}
  SET_ATTR @4886 {TXH:289 NAME:valid_sb VALUE:0   RADIX:UVM_HEX BITS=1}
  SET_ATTR @4886 {TXH:289 NAME:transaction_id VALUE:238   RADIX:UVM_DEC BITS=32}
END @4886 {TXH:289 TIME=0}
FREE @4886 {TXH:289}
BEGIN @4886 {TXH:290 STREAM:6 NAME:req TIME=0  TYPE="Begin_End, Link" LABEL:"" DESC=""}
  LINK @4886 {TXH1:50 TXH2:290 RELATION=child}
  SET_ATTR @4906 {TXH:290 NAME:op_type VALUE:33603684309229924   RADIX:UVM_STRING BITS=56}
  SET_ATTR @4906 {TXH:290 NAME:addr VALUE:68   RADIX:UVM_HEX BITS=32}
  SET_ATTR @4906 {TXH:290 NAME:din VALUE:246   RADIX:UVM_HEX BITS=8}
  SET_ATTR @4906 {TXH:290 NAME:dout VALUE:66   RADIX:UVM_HEX BITS=8}
  SET_ATTR @4906 {TXH:290 NAME:valid_sb VALUE:0   RADIX:UVM_HEX BITS=1}
  SET_ATTR @4906 {TXH:290 NAME:transaction_id VALUE:239   RADIX:UVM_DEC BITS=32}
END @4906 {TXH:290 TIME=0}
FREE @4906 {TXH:290}
BEGIN @4906 {TXH:291 STREAM:6 NAME:req TIME=0  TYPE="Begin_End, Link" LABEL:"" DESC=""}
  LINK @4906 {TXH1:50 TXH2:291 RELATION=child}
  SET_ATTR @4926 {TXH:291 NAME:op_type VALUE:33603684309229924   RADIX:UVM_STRING BITS=56}
  SET_ATTR @4926 {TXH:291 NAME:addr VALUE:68   RADIX:UVM_HEX BITS=32}
  SET_ATTR @4926 {TXH:291 NAME:din VALUE:252   RADIX:UVM_HEX BITS=8}
  SET_ATTR @4926 {TXH:291 NAME:dout VALUE:66   RADIX:UVM_HEX BITS=8}
  SET_ATTR @4926 {TXH:291 NAME:valid_sb VALUE:0   RADIX:UVM_HEX BITS=1}
  SET_ATTR @4926 {TXH:291 NAME:transaction_id VALUE:240   RADIX:UVM_DEC BITS=32}
END @4926 {TXH:291 TIME=0}
FREE @4926 {TXH:291}
BEGIN @4926 {TXH:292 STREAM:6 NAME:req TIME=0  TYPE="Begin_End, Link" LABEL:"" DESC=""}
  LINK @4926 {TXH1:50 TXH2:292 RELATION=child}
  SET_ATTR @4946 {TXH:292 NAME:op_type VALUE:33603684309229924   RADIX:UVM_STRING BITS=56}
  SET_ATTR @4946 {TXH:292 NAME:addr VALUE:68   RADIX:UVM_HEX BITS=32}
  SET_ATTR @4946 {TXH:292 NAME:din VALUE:144   RADIX:UVM_HEX BITS=8}
  SET_ATTR @4946 {TXH:292 NAME:dout VALUE:66   RADIX:UVM_HEX BITS=8}
  SET_ATTR @4946 {TXH:292 NAME:valid_sb VALUE:0   RADIX:UVM_HEX BITS=1}
  SET_ATTR @4946 {TXH:292 NAME:transaction_id VALUE:241   RADIX:UVM_DEC BITS=32}
END @4946 {TXH:292 TIME=0}
FREE @4946 {TXH:292}
BEGIN @4946 {TXH:293 STREAM:6 NAME:req TIME=0  TYPE="Begin_End, Link" LABEL:"" DESC=""}
  LINK @4946 {TXH1:50 TXH2:293 RELATION=child}
  SET_ATTR @4966 {TXH:293 NAME:op_type VALUE:33603684309229924   RADIX:UVM_STRING BITS=56}
  SET_ATTR @4966 {TXH:293 NAME:addr VALUE:68   RADIX:UVM_HEX BITS=32}
  SET_ATTR @4966 {TXH:293 NAME:din VALUE:238   RADIX:UVM_HEX BITS=8}
  SET_ATTR @4966 {TXH:293 NAME:dout VALUE:66   RADIX:UVM_HEX BITS=8}
  SET_ATTR @4966 {TXH:293 NAME:valid_sb VALUE:0   RADIX:UVM_HEX BITS=1}
  SET_ATTR @4966 {TXH:293 NAME:transaction_id VALUE:242   RADIX:UVM_DEC BITS=32}
END @4966 {TXH:293 TIME=0}
FREE @4966 {TXH:293}
BEGIN @4966 {TXH:294 STREAM:6 NAME:req TIME=0  TYPE="Begin_End, Link" LABEL:"" DESC=""}
  LINK @4966 {TXH1:50 TXH2:294 RELATION=child}
  SET_ATTR @4986 {TXH:294 NAME:op_type VALUE:33603684309229924   RADIX:UVM_STRING BITS=56}
  SET_ATTR @4986 {TXH:294 NAME:addr VALUE:68   RADIX:UVM_HEX BITS=32}
  SET_ATTR @4986 {TXH:294 NAME:din VALUE:139   RADIX:UVM_HEX BITS=8}
  SET_ATTR @4986 {TXH:294 NAME:dout VALUE:66   RADIX:UVM_HEX BITS=8}
  SET_ATTR @4986 {TXH:294 NAME:valid_sb VALUE:0   RADIX:UVM_HEX BITS=1}
  SET_ATTR @4986 {TXH:294 NAME:transaction_id VALUE:243   RADIX:UVM_DEC BITS=32}
END @4986 {TXH:294 TIME=0}
FREE @4986 {TXH:294}
BEGIN @4986 {TXH:295 STREAM:6 NAME:req TIME=0  TYPE="Begin_End, Link" LABEL:"" DESC=""}
  LINK @4986 {TXH1:50 TXH2:295 RELATION=child}
  SET_ATTR @5006 {TXH:295 NAME:op_type VALUE:33603684309229924   RADIX:UVM_STRING BITS=56}
  SET_ATTR @5006 {TXH:295 NAME:addr VALUE:68   RADIX:UVM_HEX BITS=32}
  SET_ATTR @5006 {TXH:295 NAME:din VALUE:68   RADIX:UVM_HEX BITS=8}
  SET_ATTR @5006 {TXH:295 NAME:dout VALUE:66   RADIX:UVM_HEX BITS=8}
  SET_ATTR @5006 {TXH:295 NAME:valid_sb VALUE:0   RADIX:UVM_HEX BITS=1}
  SET_ATTR @5006 {TXH:295 NAME:transaction_id VALUE:244   RADIX:UVM_DEC BITS=32}
END @5006 {TXH:295 TIME=0}
FREE @5006 {TXH:295}
BEGIN @5006 {TXH:296 STREAM:6 NAME:req TIME=0  TYPE="Begin_End, Link" LABEL:"" DESC=""}
  LINK @5006 {TXH1:50 TXH2:296 RELATION=child}
  SET_ATTR @5026 {TXH:296 NAME:op_type VALUE:33603684309229924   RADIX:UVM_STRING BITS=56}
  SET_ATTR @5026 {TXH:296 NAME:addr VALUE:68   RADIX:UVM_HEX BITS=32}
  SET_ATTR @5026 {TXH:296 NAME:din VALUE:83   RADIX:UVM_HEX BITS=8}
  SET_ATTR @5026 {TXH:296 NAME:dout VALUE:66   RADIX:UVM_HEX BITS=8}
  SET_ATTR @5026 {TXH:296 NAME:valid_sb VALUE:0   RADIX:UVM_HEX BITS=1}
  SET_ATTR @5026 {TXH:296 NAME:transaction_id VALUE:245   RADIX:UVM_DEC BITS=32}
END @5026 {TXH:296 TIME=0}
FREE @5026 {TXH:296}
BEGIN @5026 {TXH:297 STREAM:6 NAME:req TIME=0  TYPE="Begin_End, Link" LABEL:"" DESC=""}
  LINK @5026 {TXH1:50 TXH2:297 RELATION=child}
  SET_ATTR @5046 {TXH:297 NAME:op_type VALUE:33603684309229924   RADIX:UVM_STRING BITS=56}
  SET_ATTR @5046 {TXH:297 NAME:addr VALUE:68   RADIX:UVM_HEX BITS=32}
  SET_ATTR @5046 {TXH:297 NAME:din VALUE:70   RADIX:UVM_HEX BITS=8}
  SET_ATTR @5046 {TXH:297 NAME:dout VALUE:66   RADIX:UVM_HEX BITS=8}
  SET_ATTR @5046 {TXH:297 NAME:valid_sb VALUE:0   RADIX:UVM_HEX BITS=1}
  SET_ATTR @5046 {TXH:297 NAME:transaction_id VALUE:246   RADIX:UVM_DEC BITS=32}
END @5046 {TXH:297 TIME=0}
FREE @5046 {TXH:297}
BEGIN @5046 {TXH:298 STREAM:6 NAME:req TIME=0  TYPE="Begin_End, Link" LABEL:"" DESC=""}
  LINK @5046 {TXH1:50 TXH2:298 RELATION=child}
  SET_ATTR @5066 {TXH:298 NAME:op_type VALUE:33603684309229924   RADIX:UVM_STRING BITS=56}
  SET_ATTR @5066 {TXH:298 NAME:addr VALUE:68   RADIX:UVM_HEX BITS=32}
  SET_ATTR @5066 {TXH:298 NAME:din VALUE:68   RADIX:UVM_HEX BITS=8}
  SET_ATTR @5066 {TXH:298 NAME:dout VALUE:66   RADIX:UVM_HEX BITS=8}
  SET_ATTR @5066 {TXH:298 NAME:valid_sb VALUE:0   RADIX:UVM_HEX BITS=1}
  SET_ATTR @5066 {TXH:298 NAME:transaction_id VALUE:247   RADIX:UVM_DEC BITS=32}
END @5066 {TXH:298 TIME=0}
FREE @5066 {TXH:298}
BEGIN @5066 {TXH:299 STREAM:6 NAME:req TIME=0  TYPE="Begin_End, Link" LABEL:"" DESC=""}
  LINK @5066 {TXH1:50 TXH2:299 RELATION=child}
  SET_ATTR @5086 {TXH:299 NAME:op_type VALUE:33603684309229924   RADIX:UVM_STRING BITS=56}
  SET_ATTR @5086 {TXH:299 NAME:addr VALUE:68   RADIX:UVM_HEX BITS=32}
  SET_ATTR @5086 {TXH:299 NAME:din VALUE:189   RADIX:UVM_HEX BITS=8}
  SET_ATTR @5086 {TXH:299 NAME:dout VALUE:66   RADIX:UVM_HEX BITS=8}
  SET_ATTR @5086 {TXH:299 NAME:valid_sb VALUE:0   RADIX:UVM_HEX BITS=1}
  SET_ATTR @5086 {TXH:299 NAME:transaction_id VALUE:248   RADIX:UVM_DEC BITS=32}
END @5086 {TXH:299 TIME=0}
FREE @5086 {TXH:299}
BEGIN @5086 {TXH:300 STREAM:6 NAME:req TIME=0  TYPE="Begin_End, Link" LABEL:"" DESC=""}
  LINK @5086 {TXH1:50 TXH2:300 RELATION=child}
  SET_ATTR @5106 {TXH:300 NAME:op_type VALUE:33603684309229924   RADIX:UVM_STRING BITS=56}
  SET_ATTR @5106 {TXH:300 NAME:addr VALUE:68   RADIX:UVM_HEX BITS=32}
  SET_ATTR @5106 {TXH:300 NAME:din VALUE:94   RADIX:UVM_HEX BITS=8}
  SET_ATTR @5106 {TXH:300 NAME:dout VALUE:66   RADIX:UVM_HEX BITS=8}
  SET_ATTR @5106 {TXH:300 NAME:valid_sb VALUE:0   RADIX:UVM_HEX BITS=1}
  SET_ATTR @5106 {TXH:300 NAME:transaction_id VALUE:249   RADIX:UVM_DEC BITS=32}
END @5106 {TXH:300 TIME=0}
FREE @5106 {TXH:300}
BEGIN @5106 {TXH:301 STREAM:6 NAME:req TIME=0  TYPE="Begin_End, Link" LABEL:"" DESC=""}
  LINK @5106 {TXH1:50 TXH2:301 RELATION=child}
  SET_ATTR @5126 {TXH:301 NAME:op_type VALUE:33603684309229924   RADIX:UVM_STRING BITS=56}
  SET_ATTR @5126 {TXH:301 NAME:addr VALUE:68   RADIX:UVM_HEX BITS=32}
  SET_ATTR @5126 {TXH:301 NAME:din VALUE:216   RADIX:UVM_HEX BITS=8}
  SET_ATTR @5126 {TXH:301 NAME:dout VALUE:66   RADIX:UVM_HEX BITS=8}
  SET_ATTR @5126 {TXH:301 NAME:valid_sb VALUE:0   RADIX:UVM_HEX BITS=1}
  SET_ATTR @5126 {TXH:301 NAME:transaction_id VALUE:250   RADIX:UVM_DEC BITS=32}
END @5126 {TXH:301 TIME=0}
FREE @5126 {TXH:301}
BEGIN @5126 {TXH:302 STREAM:6 NAME:req TIME=0  TYPE="Begin_End, Link" LABEL:"" DESC=""}
  LINK @5126 {TXH1:50 TXH2:302 RELATION=child}
  SET_ATTR @5146 {TXH:302 NAME:op_type VALUE:33603684309229924   RADIX:UVM_STRING BITS=56}
  SET_ATTR @5146 {TXH:302 NAME:addr VALUE:68   RADIX:UVM_HEX BITS=32}
  SET_ATTR @5146 {TXH:302 NAME:din VALUE:125   RADIX:UVM_HEX BITS=8}
  SET_ATTR @5146 {TXH:302 NAME:dout VALUE:66   RADIX:UVM_HEX BITS=8}
  SET_ATTR @5146 {TXH:302 NAME:valid_sb VALUE:0   RADIX:UVM_HEX BITS=1}
  SET_ATTR @5146 {TXH:302 NAME:transaction_id VALUE:251   RADIX:UVM_DEC BITS=32}
END @5146 {TXH:302 TIME=0}
FREE @5146 {TXH:302}
BEGIN @5146 {TXH:303 STREAM:6 NAME:req TIME=0  TYPE="Begin_End, Link" LABEL:"" DESC=""}
  LINK @5146 {TXH1:50 TXH2:303 RELATION=child}
  SET_ATTR @5166 {TXH:303 NAME:op_type VALUE:33603684309229924   RADIX:UVM_STRING BITS=56}
  SET_ATTR @5166 {TXH:303 NAME:addr VALUE:68   RADIX:UVM_HEX BITS=32}
  SET_ATTR @5166 {TXH:303 NAME:din VALUE:223   RADIX:UVM_HEX BITS=8}
  SET_ATTR @5166 {TXH:303 NAME:dout VALUE:66   RADIX:UVM_HEX BITS=8}
  SET_ATTR @5166 {TXH:303 NAME:valid_sb VALUE:0   RADIX:UVM_HEX BITS=1}
  SET_ATTR @5166 {TXH:303 NAME:transaction_id VALUE:252   RADIX:UVM_DEC BITS=32}
END @5166 {TXH:303 TIME=0}
FREE @5166 {TXH:303}
BEGIN @5166 {TXH:304 STREAM:6 NAME:req TIME=0  TYPE="Begin_End, Link" LABEL:"" DESC=""}
  LINK @5166 {TXH1:50 TXH2:304 RELATION=child}
  SET_ATTR @5186 {TXH:304 NAME:op_type VALUE:33603684309229924   RADIX:UVM_STRING BITS=56}
  SET_ATTR @5186 {TXH:304 NAME:addr VALUE:68   RADIX:UVM_HEX BITS=32}
  SET_ATTR @5186 {TXH:304 NAME:din VALUE:120   RADIX:UVM_HEX BITS=8}
  SET_ATTR @5186 {TXH:304 NAME:dout VALUE:66   RADIX:UVM_HEX BITS=8}
  SET_ATTR @5186 {TXH:304 NAME:valid_sb VALUE:0   RADIX:UVM_HEX BITS=1}
  SET_ATTR @5186 {TXH:304 NAME:transaction_id VALUE:253   RADIX:UVM_DEC BITS=32}
END @5186 {TXH:304 TIME=0}
FREE @5186 {TXH:304}
BEGIN @5186 {TXH:305 STREAM:6 NAME:req TIME=0  TYPE="Begin_End, Link" LABEL:"" DESC=""}
  LINK @5186 {TXH1:50 TXH2:305 RELATION=child}
  SET_ATTR @5206 {TXH:305 NAME:op_type VALUE:33603684309229924   RADIX:UVM_STRING BITS=56}
  SET_ATTR @5206 {TXH:305 NAME:addr VALUE:68   RADIX:UVM_HEX BITS=32}
  SET_ATTR @5206 {TXH:305 NAME:din VALUE:219   RADIX:UVM_HEX BITS=8}
  SET_ATTR @5206 {TXH:305 NAME:dout VALUE:66   RADIX:UVM_HEX BITS=8}
  SET_ATTR @5206 {TXH:305 NAME:valid_sb VALUE:0   RADIX:UVM_HEX BITS=1}
  SET_ATTR @5206 {TXH:305 NAME:transaction_id VALUE:254   RADIX:UVM_DEC BITS=32}
END @5206 {TXH:305 TIME=0}
FREE @5206 {TXH:305}
BEGIN @5206 {TXH:306 STREAM:6 NAME:req TIME=0  TYPE="Begin_End, Link" LABEL:"" DESC=""}
  LINK @5206 {TXH1:50 TXH2:306 RELATION=child}
  SET_ATTR @5226 {TXH:306 NAME:op_type VALUE:33603684309229924   RADIX:UVM_STRING BITS=56}
  SET_ATTR @5226 {TXH:306 NAME:addr VALUE:68   RADIX:UVM_HEX BITS=32}
  SET_ATTR @5226 {TXH:306 NAME:din VALUE:16   RADIX:UVM_HEX BITS=8}
  SET_ATTR @5226 {TXH:306 NAME:dout VALUE:66   RADIX:UVM_HEX BITS=8}
  SET_ATTR @5226 {TXH:306 NAME:valid_sb VALUE:0   RADIX:UVM_HEX BITS=1}
  SET_ATTR @5226 {TXH:306 NAME:transaction_id VALUE:255   RADIX:UVM_DEC BITS=32}
END @5226 {TXH:306 TIME=0}
FREE @5226 {TXH:306}
BEGIN @5226 {TXH:307 STREAM:6 NAME:req TIME=0  TYPE="Begin_End, Link" LABEL:"" DESC=""}
  LINK @5226 {TXH1:50 TXH2:307 RELATION=child}
  SET_ATTR @5246 {TXH:307 NAME:op_type VALUE:33603684309229924   RADIX:UVM_STRING BITS=56}
  SET_ATTR @5246 {TXH:307 NAME:addr VALUE:68   RADIX:UVM_HEX BITS=32}
  SET_ATTR @5246 {TXH:307 NAME:din VALUE:138   RADIX:UVM_HEX BITS=8}
  SET_ATTR @5246 {TXH:307 NAME:dout VALUE:66   RADIX:UVM_HEX BITS=8}
  SET_ATTR @5246 {TXH:307 NAME:valid_sb VALUE:0   RADIX:UVM_HEX BITS=1}
  SET_ATTR @5246 {TXH:307 NAME:transaction_id VALUE:256   RADIX:UVM_DEC BITS=32}
END @5246 {TXH:307 TIME=0}
FREE @5246 {TXH:307}
BEGIN @5246 {TXH:308 STREAM:6 NAME:req TIME=0  TYPE="Begin_End, Link" LABEL:"" DESC=""}
  LINK @5246 {TXH1:50 TXH2:308 RELATION=child}
  SET_ATTR @5266 {TXH:308 NAME:op_type VALUE:33603684309229924   RADIX:UVM_STRING BITS=56}
  SET_ATTR @5266 {TXH:308 NAME:addr VALUE:68   RADIX:UVM_HEX BITS=32}
  SET_ATTR @5266 {TXH:308 NAME:din VALUE:147   RADIX:UVM_HEX BITS=8}
  SET_ATTR @5266 {TXH:308 NAME:dout VALUE:66   RADIX:UVM_HEX BITS=8}
  SET_ATTR @5266 {TXH:308 NAME:valid_sb VALUE:0   RADIX:UVM_HEX BITS=1}
  SET_ATTR @5266 {TXH:308 NAME:transaction_id VALUE:257   RADIX:UVM_DEC BITS=32}
END @5266 {TXH:308 TIME=0}
FREE @5266 {TXH:308}
BEGIN @5266 {TXH:309 STREAM:6 NAME:req TIME=0  TYPE="Begin_End, Link" LABEL:"" DESC=""}
  LINK @5266 {TXH1:50 TXH2:309 RELATION=child}
  SET_ATTR @5286 {TXH:309 NAME:op_type VALUE:33603684309229924   RADIX:UVM_STRING BITS=56}
  SET_ATTR @5286 {TXH:309 NAME:addr VALUE:68   RADIX:UVM_HEX BITS=32}
  SET_ATTR @5286 {TXH:309 NAME:din VALUE:77   RADIX:UVM_HEX BITS=8}
  SET_ATTR @5286 {TXH:309 NAME:dout VALUE:66   RADIX:UVM_HEX BITS=8}
  SET_ATTR @5286 {TXH:309 NAME:valid_sb VALUE:0   RADIX:UVM_HEX BITS=1}
  SET_ATTR @5286 {TXH:309 NAME:transaction_id VALUE:258   RADIX:UVM_DEC BITS=32}
END @5286 {TXH:309 TIME=0}
FREE @5286 {TXH:309}
BEGIN @5286 {TXH:310 STREAM:6 NAME:req TIME=0  TYPE="Begin_End, Link" LABEL:"" DESC=""}
  LINK @5286 {TXH1:50 TXH2:310 RELATION=child}
  SET_ATTR @5306 {TXH:310 NAME:op_type VALUE:33603684309229924   RADIX:UVM_STRING BITS=56}
  SET_ATTR @5306 {TXH:310 NAME:addr VALUE:68   RADIX:UVM_HEX BITS=32}
  SET_ATTR @5306 {TXH:310 NAME:din VALUE:172   RADIX:UVM_HEX BITS=8}
  SET_ATTR @5306 {TXH:310 NAME:dout VALUE:66   RADIX:UVM_HEX BITS=8}
  SET_ATTR @5306 {TXH:310 NAME:valid_sb VALUE:0   RADIX:UVM_HEX BITS=1}
  SET_ATTR @5306 {TXH:310 NAME:transaction_id VALUE:259   RADIX:UVM_DEC BITS=32}
END @5306 {TXH:310 TIME=0}
FREE @5306 {TXH:310}
BEGIN @5306 {TXH:311 STREAM:6 NAME:req TIME=0  TYPE="Begin_End, Link" LABEL:"" DESC=""}
  LINK @5306 {TXH1:50 TXH2:311 RELATION=child}
  SET_ATTR @5326 {TXH:311 NAME:op_type VALUE:33603684309229924   RADIX:UVM_STRING BITS=56}
  SET_ATTR @5326 {TXH:311 NAME:addr VALUE:68   RADIX:UVM_HEX BITS=32}
  SET_ATTR @5326 {TXH:311 NAME:din VALUE:79   RADIX:UVM_HEX BITS=8}
  SET_ATTR @5326 {TXH:311 NAME:dout VALUE:66   RADIX:UVM_HEX BITS=8}
  SET_ATTR @5326 {TXH:311 NAME:valid_sb VALUE:0   RADIX:UVM_HEX BITS=1}
  SET_ATTR @5326 {TXH:311 NAME:transaction_id VALUE:260   RADIX:UVM_DEC BITS=32}
END @5326 {TXH:311 TIME=0}
FREE @5326 {TXH:311}
BEGIN @5326 {TXH:312 STREAM:6 NAME:req TIME=0  TYPE="Begin_End, Link" LABEL:"" DESC=""}
  LINK @5326 {TXH1:50 TXH2:312 RELATION=child}
  SET_ATTR @5346 {TXH:312 NAME:op_type VALUE:33603684309229924   RADIX:UVM_STRING BITS=56}
  SET_ATTR @5346 {TXH:312 NAME:addr VALUE:68   RADIX:UVM_HEX BITS=32}
  SET_ATTR @5346 {TXH:312 NAME:din VALUE:109   RADIX:UVM_HEX BITS=8}
  SET_ATTR @5346 {TXH:312 NAME:dout VALUE:66   RADIX:UVM_HEX BITS=8}
  SET_ATTR @5346 {TXH:312 NAME:valid_sb VALUE:0   RADIX:UVM_HEX BITS=1}
  SET_ATTR @5346 {TXH:312 NAME:transaction_id VALUE:261   RADIX:UVM_DEC BITS=32}
END @5346 {TXH:312 TIME=0}
FREE @5346 {TXH:312}
BEGIN @5346 {TXH:313 STREAM:6 NAME:req TIME=0  TYPE="Begin_End, Link" LABEL:"" DESC=""}
  LINK @5346 {TXH1:50 TXH2:313 RELATION=child}
  SET_ATTR @5366 {TXH:313 NAME:op_type VALUE:33603684309229924   RADIX:UVM_STRING BITS=56}
  SET_ATTR @5366 {TXH:313 NAME:addr VALUE:68   RADIX:UVM_HEX BITS=32}
  SET_ATTR @5366 {TXH:313 NAME:din VALUE:177   RADIX:UVM_HEX BITS=8}
  SET_ATTR @5366 {TXH:313 NAME:dout VALUE:66   RADIX:UVM_HEX BITS=8}
  SET_ATTR @5366 {TXH:313 NAME:valid_sb VALUE:0   RADIX:UVM_HEX BITS=1}
  SET_ATTR @5366 {TXH:313 NAME:transaction_id VALUE:262   RADIX:UVM_DEC BITS=32}
END @5366 {TXH:313 TIME=0}
FREE @5366 {TXH:313}
BEGIN @5366 {TXH:314 STREAM:6 NAME:req TIME=0  TYPE="Begin_End, Link" LABEL:"" DESC=""}
  LINK @5366 {TXH1:50 TXH2:314 RELATION=child}
  SET_ATTR @5386 {TXH:314 NAME:op_type VALUE:33603684309229924   RADIX:UVM_STRING BITS=56}
  SET_ATTR @5386 {TXH:314 NAME:addr VALUE:68   RADIX:UVM_HEX BITS=32}
  SET_ATTR @5386 {TXH:314 NAME:din VALUE:9   RADIX:UVM_HEX BITS=8}
  SET_ATTR @5386 {TXH:314 NAME:dout VALUE:66   RADIX:UVM_HEX BITS=8}
  SET_ATTR @5386 {TXH:314 NAME:valid_sb VALUE:0   RADIX:UVM_HEX BITS=1}
  SET_ATTR @5386 {TXH:314 NAME:transaction_id VALUE:263   RADIX:UVM_DEC BITS=32}
END @5386 {TXH:314 TIME=0}
FREE @5386 {TXH:314}
BEGIN @5386 {TXH:315 STREAM:6 NAME:req TIME=0  TYPE="Begin_End, Link" LABEL:"" DESC=""}
  LINK @5386 {TXH1:50 TXH2:315 RELATION=child}
  SET_ATTR @5406 {TXH:315 NAME:op_type VALUE:33603684309229924   RADIX:UVM_STRING BITS=56}
  SET_ATTR @5406 {TXH:315 NAME:addr VALUE:68   RADIX:UVM_HEX BITS=32}
  SET_ATTR @5406 {TXH:315 NAME:din VALUE:174   RADIX:UVM_HEX BITS=8}
  SET_ATTR @5406 {TXH:315 NAME:dout VALUE:66   RADIX:UVM_HEX BITS=8}
  SET_ATTR @5406 {TXH:315 NAME:valid_sb VALUE:0   RADIX:UVM_HEX BITS=1}
  SET_ATTR @5406 {TXH:315 NAME:transaction_id VALUE:264   RADIX:UVM_DEC BITS=32}
END @5406 {TXH:315 TIME=0}
FREE @5406 {TXH:315}
BEGIN @5406 {TXH:316 STREAM:6 NAME:req TIME=0  TYPE="Begin_End, Link" LABEL:"" DESC=""}
  LINK @5406 {TXH1:50 TXH2:316 RELATION=child}
  SET_ATTR @5426 {TXH:316 NAME:op_type VALUE:33603684309229924   RADIX:UVM_STRING BITS=56}
  SET_ATTR @5426 {TXH:316 NAME:addr VALUE:68   RADIX:UVM_HEX BITS=32}
  SET_ATTR @5426 {TXH:316 NAME:din VALUE:91   RADIX:UVM_HEX BITS=8}
  SET_ATTR @5426 {TXH:316 NAME:dout VALUE:66   RADIX:UVM_HEX BITS=8}
  SET_ATTR @5426 {TXH:316 NAME:valid_sb VALUE:0   RADIX:UVM_HEX BITS=1}
  SET_ATTR @5426 {TXH:316 NAME:transaction_id VALUE:265   RADIX:UVM_DEC BITS=32}
END @5426 {TXH:316 TIME=0}
FREE @5426 {TXH:316}
BEGIN @5426 {TXH:317 STREAM:6 NAME:req TIME=0  TYPE="Begin_End, Link" LABEL:"" DESC=""}
  LINK @5426 {TXH1:50 TXH2:317 RELATION=child}
  SET_ATTR @5446 {TXH:317 NAME:op_type VALUE:33603684309229924   RADIX:UVM_STRING BITS=56}
  SET_ATTR @5446 {TXH:317 NAME:addr VALUE:68   RADIX:UVM_HEX BITS=32}
  SET_ATTR @5446 {TXH:317 NAME:din VALUE:187   RADIX:UVM_HEX BITS=8}
  SET_ATTR @5446 {TXH:317 NAME:dout VALUE:66   RADIX:UVM_HEX BITS=8}
  SET_ATTR @5446 {TXH:317 NAME:valid_sb VALUE:0   RADIX:UVM_HEX BITS=1}
  SET_ATTR @5446 {TXH:317 NAME:transaction_id VALUE:266   RADIX:UVM_DEC BITS=32}
END @5446 {TXH:317 TIME=0}
FREE @5446 {TXH:317}
BEGIN @5446 {TXH:318 STREAM:6 NAME:req TIME=0  TYPE="Begin_End, Link" LABEL:"" DESC=""}
  LINK @5446 {TXH1:50 TXH2:318 RELATION=child}
  SET_ATTR @5466 {TXH:318 NAME:op_type VALUE:33603684309229924   RADIX:UVM_STRING BITS=56}
  SET_ATTR @5466 {TXH:318 NAME:addr VALUE:68   RADIX:UVM_HEX BITS=32}
  SET_ATTR @5466 {TXH:318 NAME:din VALUE:187   RADIX:UVM_HEX BITS=8}
  SET_ATTR @5466 {TXH:318 NAME:dout VALUE:66   RADIX:UVM_HEX BITS=8}
  SET_ATTR @5466 {TXH:318 NAME:valid_sb VALUE:0   RADIX:UVM_HEX BITS=1}
  SET_ATTR @5466 {TXH:318 NAME:transaction_id VALUE:267   RADIX:UVM_DEC BITS=32}
END @5466 {TXH:318 TIME=0}
FREE @5466 {TXH:318}
BEGIN @5466 {TXH:319 STREAM:6 NAME:req TIME=0  TYPE="Begin_End, Link" LABEL:"" DESC=""}
  LINK @5466 {TXH1:50 TXH2:319 RELATION=child}
  SET_ATTR @5486 {TXH:319 NAME:op_type VALUE:33603684309229924   RADIX:UVM_STRING BITS=56}
  SET_ATTR @5486 {TXH:319 NAME:addr VALUE:68   RADIX:UVM_HEX BITS=32}
  SET_ATTR @5486 {TXH:319 NAME:din VALUE:41   RADIX:UVM_HEX BITS=8}
  SET_ATTR @5486 {TXH:319 NAME:dout VALUE:66   RADIX:UVM_HEX BITS=8}
  SET_ATTR @5486 {TXH:319 NAME:valid_sb VALUE:0   RADIX:UVM_HEX BITS=1}
  SET_ATTR @5486 {TXH:319 NAME:transaction_id VALUE:268   RADIX:UVM_DEC BITS=32}
END @5486 {TXH:319 TIME=0}
FREE @5486 {TXH:319}
BEGIN @5486 {TXH:320 STREAM:6 NAME:req TIME=0  TYPE="Begin_End, Link" LABEL:"" DESC=""}
  LINK @5486 {TXH1:50 TXH2:320 RELATION=child}
  SET_ATTR @5506 {TXH:320 NAME:op_type VALUE:33603684309229924   RADIX:UVM_STRING BITS=56}
  SET_ATTR @5506 {TXH:320 NAME:addr VALUE:68   RADIX:UVM_HEX BITS=32}
  SET_ATTR @5506 {TXH:320 NAME:din VALUE:140   RADIX:UVM_HEX BITS=8}
  SET_ATTR @5506 {TXH:320 NAME:dout VALUE:66   RADIX:UVM_HEX BITS=8}
  SET_ATTR @5506 {TXH:320 NAME:valid_sb VALUE:0   RADIX:UVM_HEX BITS=1}
  SET_ATTR @5506 {TXH:320 NAME:transaction_id VALUE:269   RADIX:UVM_DEC BITS=32}
END @5506 {TXH:320 TIME=0}
FREE @5506 {TXH:320}
BEGIN @5506 {TXH:321 STREAM:6 NAME:req TIME=0  TYPE="Begin_End, Link" LABEL:"" DESC=""}
  LINK @5506 {TXH1:50 TXH2:321 RELATION=child}
  SET_ATTR @5526 {TXH:321 NAME:op_type VALUE:33603684309229924   RADIX:UVM_STRING BITS=56}
  SET_ATTR @5526 {TXH:321 NAME:addr VALUE:68   RADIX:UVM_HEX BITS=32}
  SET_ATTR @5526 {TXH:321 NAME:din VALUE:4   RADIX:UVM_HEX BITS=8}
  SET_ATTR @5526 {TXH:321 NAME:dout VALUE:66   RADIX:UVM_HEX BITS=8}
  SET_ATTR @5526 {TXH:321 NAME:valid_sb VALUE:0   RADIX:UVM_HEX BITS=1}
  SET_ATTR @5526 {TXH:321 NAME:transaction_id VALUE:270   RADIX:UVM_DEC BITS=32}
END @5526 {TXH:321 TIME=0}
FREE @5526 {TXH:321}
BEGIN @5526 {TXH:322 STREAM:6 NAME:req TIME=0  TYPE="Begin_End, Link" LABEL:"" DESC=""}
  LINK @5526 {TXH1:50 TXH2:322 RELATION=child}
  SET_ATTR @5546 {TXH:322 NAME:op_type VALUE:33603684309229924   RADIX:UVM_STRING BITS=56}
  SET_ATTR @5546 {TXH:322 NAME:addr VALUE:68   RADIX:UVM_HEX BITS=32}
  SET_ATTR @5546 {TXH:322 NAME:din VALUE:14   RADIX:UVM_HEX BITS=8}
  SET_ATTR @5546 {TXH:322 NAME:dout VALUE:66   RADIX:UVM_HEX BITS=8}
  SET_ATTR @5546 {TXH:322 NAME:valid_sb VALUE:0   RADIX:UVM_HEX BITS=1}
  SET_ATTR @5546 {TXH:322 NAME:transaction_id VALUE:271   RADIX:UVM_DEC BITS=32}
END @5546 {TXH:322 TIME=0}
FREE @5546 {TXH:322}
BEGIN @5546 {TXH:323 STREAM:6 NAME:req TIME=0  TYPE="Begin_End, Link" LABEL:"" DESC=""}
  LINK @5546 {TXH1:50 TXH2:323 RELATION=child}
  SET_ATTR @5566 {TXH:323 NAME:op_type VALUE:33603684309229924   RADIX:UVM_STRING BITS=56}
  SET_ATTR @5566 {TXH:323 NAME:addr VALUE:68   RADIX:UVM_HEX BITS=32}
  SET_ATTR @5566 {TXH:323 NAME:din VALUE:4   RADIX:UVM_HEX BITS=8}
  SET_ATTR @5566 {TXH:323 NAME:dout VALUE:66   RADIX:UVM_HEX BITS=8}
  SET_ATTR @5566 {TXH:323 NAME:valid_sb VALUE:0   RADIX:UVM_HEX BITS=1}
  SET_ATTR @5566 {TXH:323 NAME:transaction_id VALUE:272   RADIX:UVM_DEC BITS=32}
END @5566 {TXH:323 TIME=0}
FREE @5566 {TXH:323}
BEGIN @5566 {TXH:324 STREAM:6 NAME:req TIME=0  TYPE="Begin_End, Link" LABEL:"" DESC=""}
  LINK @5566 {TXH1:50 TXH2:324 RELATION=child}
  SET_ATTR @5586 {TXH:324 NAME:op_type VALUE:33603684309229924   RADIX:UVM_STRING BITS=56}
  SET_ATTR @5586 {TXH:324 NAME:addr VALUE:68   RADIX:UVM_HEX BITS=32}
  SET_ATTR @5586 {TXH:324 NAME:din VALUE:171   RADIX:UVM_HEX BITS=8}
  SET_ATTR @5586 {TXH:324 NAME:dout VALUE:66   RADIX:UVM_HEX BITS=8}
  SET_ATTR @5586 {TXH:324 NAME:valid_sb VALUE:0   RADIX:UVM_HEX BITS=1}
  SET_ATTR @5586 {TXH:324 NAME:transaction_id VALUE:273   RADIX:UVM_DEC BITS=32}
END @5586 {TXH:324 TIME=0}
FREE @5586 {TXH:324}
BEGIN @5586 {TXH:325 STREAM:6 NAME:req TIME=0  TYPE="Begin_End, Link" LABEL:"" DESC=""}
  LINK @5586 {TXH1:50 TXH2:325 RELATION=child}
  SET_ATTR @5606 {TXH:325 NAME:op_type VALUE:33603684309229924   RADIX:UVM_STRING BITS=56}
  SET_ATTR @5606 {TXH:325 NAME:addr VALUE:68   RADIX:UVM_HEX BITS=32}
  SET_ATTR @5606 {TXH:325 NAME:din VALUE:202   RADIX:UVM_HEX BITS=8}
  SET_ATTR @5606 {TXH:325 NAME:dout VALUE:66   RADIX:UVM_HEX BITS=8}
  SET_ATTR @5606 {TXH:325 NAME:valid_sb VALUE:0   RADIX:UVM_HEX BITS=1}
  SET_ATTR @5606 {TXH:325 NAME:transaction_id VALUE:274   RADIX:UVM_DEC BITS=32}
END @5606 {TXH:325 TIME=0}
FREE @5606 {TXH:325}
BEGIN @5606 {TXH:326 STREAM:6 NAME:req TIME=0  TYPE="Begin_End, Link" LABEL:"" DESC=""}
  LINK @5606 {TXH1:50 TXH2:326 RELATION=child}
  SET_ATTR @5626 {TXH:326 NAME:op_type VALUE:33603684309229924   RADIX:UVM_STRING BITS=56}
  SET_ATTR @5626 {TXH:326 NAME:addr VALUE:68   RADIX:UVM_HEX BITS=32}
  SET_ATTR @5626 {TXH:326 NAME:din VALUE:120   RADIX:UVM_HEX BITS=8}
  SET_ATTR @5626 {TXH:326 NAME:dout VALUE:66   RADIX:UVM_HEX BITS=8}
  SET_ATTR @5626 {TXH:326 NAME:valid_sb VALUE:0   RADIX:UVM_HEX BITS=1}
  SET_ATTR @5626 {TXH:326 NAME:transaction_id VALUE:275   RADIX:UVM_DEC BITS=32}
END @5626 {TXH:326 TIME=0}
FREE @5626 {TXH:326}
BEGIN @5626 {TXH:327 STREAM:6 NAME:req TIME=0  TYPE="Begin_End, Link" LABEL:"" DESC=""}
  LINK @5626 {TXH1:50 TXH2:327 RELATION=child}
  SET_ATTR @5646 {TXH:327 NAME:op_type VALUE:33603684309229924   RADIX:UVM_STRING BITS=56}
  SET_ATTR @5646 {TXH:327 NAME:addr VALUE:68   RADIX:UVM_HEX BITS=32}
  SET_ATTR @5646 {TXH:327 NAME:din VALUE:233   RADIX:UVM_HEX BITS=8}
  SET_ATTR @5646 {TXH:327 NAME:dout VALUE:66   RADIX:UVM_HEX BITS=8}
  SET_ATTR @5646 {TXH:327 NAME:valid_sb VALUE:0   RADIX:UVM_HEX BITS=1}
  SET_ATTR @5646 {TXH:327 NAME:transaction_id VALUE:276   RADIX:UVM_DEC BITS=32}
END @5646 {TXH:327 TIME=0}
FREE @5646 {TXH:327}
BEGIN @5646 {TXH:328 STREAM:6 NAME:req TIME=0  TYPE="Begin_End, Link" LABEL:"" DESC=""}
  LINK @5646 {TXH1:50 TXH2:328 RELATION=child}
  SET_ATTR @5666 {TXH:328 NAME:op_type VALUE:33603684309229924   RADIX:UVM_STRING BITS=56}
  SET_ATTR @5666 {TXH:328 NAME:addr VALUE:68   RADIX:UVM_HEX BITS=32}
  SET_ATTR @5666 {TXH:328 NAME:din VALUE:210   RADIX:UVM_HEX BITS=8}
  SET_ATTR @5666 {TXH:328 NAME:dout VALUE:66   RADIX:UVM_HEX BITS=8}
  SET_ATTR @5666 {TXH:328 NAME:valid_sb VALUE:0   RADIX:UVM_HEX BITS=1}
  SET_ATTR @5666 {TXH:328 NAME:transaction_id VALUE:277   RADIX:UVM_DEC BITS=32}
END @5666 {TXH:328 TIME=0}
FREE @5666 {TXH:328}
BEGIN @5666 {TXH:329 STREAM:6 NAME:req TIME=0  TYPE="Begin_End, Link" LABEL:"" DESC=""}
  LINK @5666 {TXH1:50 TXH2:329 RELATION=child}
  SET_ATTR @5686 {TXH:329 NAME:op_type VALUE:33603684309229924   RADIX:UVM_STRING BITS=56}
  SET_ATTR @5686 {TXH:329 NAME:addr VALUE:68   RADIX:UVM_HEX BITS=32}
  SET_ATTR @5686 {TXH:329 NAME:din VALUE:13   RADIX:UVM_HEX BITS=8}
  SET_ATTR @5686 {TXH:329 NAME:dout VALUE:66   RADIX:UVM_HEX BITS=8}
  SET_ATTR @5686 {TXH:329 NAME:valid_sb VALUE:0   RADIX:UVM_HEX BITS=1}
  SET_ATTR @5686 {TXH:329 NAME:transaction_id VALUE:278   RADIX:UVM_DEC BITS=32}
END @5686 {TXH:329 TIME=0}
FREE @5686 {TXH:329}
BEGIN @5686 {TXH:330 STREAM:6 NAME:req TIME=0  TYPE="Begin_End, Link" LABEL:"" DESC=""}
  LINK @5686 {TXH1:50 TXH2:330 RELATION=child}
  SET_ATTR @5706 {TXH:330 NAME:op_type VALUE:33603684309229924   RADIX:UVM_STRING BITS=56}
  SET_ATTR @5706 {TXH:330 NAME:addr VALUE:68   RADIX:UVM_HEX BITS=32}
  SET_ATTR @5706 {TXH:330 NAME:din VALUE:13   RADIX:UVM_HEX BITS=8}
  SET_ATTR @5706 {TXH:330 NAME:dout VALUE:66   RADIX:UVM_HEX BITS=8}
  SET_ATTR @5706 {TXH:330 NAME:valid_sb VALUE:0   RADIX:UVM_HEX BITS=1}
  SET_ATTR @5706 {TXH:330 NAME:transaction_id VALUE:279   RADIX:UVM_DEC BITS=32}
END @5706 {TXH:330 TIME=0}
FREE @5706 {TXH:330}
BEGIN @5706 {TXH:331 STREAM:6 NAME:req TIME=0  TYPE="Begin_End, Link" LABEL:"" DESC=""}
  LINK @5706 {TXH1:50 TXH2:331 RELATION=child}
  SET_ATTR @5726 {TXH:331 NAME:op_type VALUE:33603684309229924   RADIX:UVM_STRING BITS=56}
  SET_ATTR @5726 {TXH:331 NAME:addr VALUE:68   RADIX:UVM_HEX BITS=32}
  SET_ATTR @5726 {TXH:331 NAME:din VALUE:106   RADIX:UVM_HEX BITS=8}
  SET_ATTR @5726 {TXH:331 NAME:dout VALUE:66   RADIX:UVM_HEX BITS=8}
  SET_ATTR @5726 {TXH:331 NAME:valid_sb VALUE:0   RADIX:UVM_HEX BITS=1}
  SET_ATTR @5726 {TXH:331 NAME:transaction_id VALUE:280   RADIX:UVM_DEC BITS=32}
END @5726 {TXH:331 TIME=0}
FREE @5726 {TXH:331}
BEGIN @5726 {TXH:332 STREAM:6 NAME:req TIME=0  TYPE="Begin_End, Link" LABEL:"" DESC=""}
  LINK @5726 {TXH1:50 TXH2:332 RELATION=child}
  SET_ATTR @5746 {TXH:332 NAME:op_type VALUE:33603684309229924   RADIX:UVM_STRING BITS=56}
  SET_ATTR @5746 {TXH:332 NAME:addr VALUE:68   RADIX:UVM_HEX BITS=32}
  SET_ATTR @5746 {TXH:332 NAME:din VALUE:228   RADIX:UVM_HEX BITS=8}
  SET_ATTR @5746 {TXH:332 NAME:dout VALUE:66   RADIX:UVM_HEX BITS=8}
  SET_ATTR @5746 {TXH:332 NAME:valid_sb VALUE:0   RADIX:UVM_HEX BITS=1}
  SET_ATTR @5746 {TXH:332 NAME:transaction_id VALUE:281   RADIX:UVM_DEC BITS=32}
END @5746 {TXH:332 TIME=0}
FREE @5746 {TXH:332}
BEGIN @5746 {TXH:333 STREAM:6 NAME:req TIME=0  TYPE="Begin_End, Link" LABEL:"" DESC=""}
  LINK @5746 {TXH1:50 TXH2:333 RELATION=child}
  SET_ATTR @5766 {TXH:333 NAME:op_type VALUE:33603684309229924   RADIX:UVM_STRING BITS=56}
  SET_ATTR @5766 {TXH:333 NAME:addr VALUE:68   RADIX:UVM_HEX BITS=32}
  SET_ATTR @5766 {TXH:333 NAME:din VALUE:236   RADIX:UVM_HEX BITS=8}
  SET_ATTR @5766 {TXH:333 NAME:dout VALUE:66   RADIX:UVM_HEX BITS=8}
  SET_ATTR @5766 {TXH:333 NAME:valid_sb VALUE:0   RADIX:UVM_HEX BITS=1}
  SET_ATTR @5766 {TXH:333 NAME:transaction_id VALUE:282   RADIX:UVM_DEC BITS=32}
END @5766 {TXH:333 TIME=0}
FREE @5766 {TXH:333}
BEGIN @5766 {TXH:334 STREAM:6 NAME:req TIME=0  TYPE="Begin_End, Link" LABEL:"" DESC=""}
  LINK @5766 {TXH1:50 TXH2:334 RELATION=child}
  SET_ATTR @5786 {TXH:334 NAME:op_type VALUE:33603684309229924   RADIX:UVM_STRING BITS=56}
  SET_ATTR @5786 {TXH:334 NAME:addr VALUE:68   RADIX:UVM_HEX BITS=32}
  SET_ATTR @5786 {TXH:334 NAME:din VALUE:82   RADIX:UVM_HEX BITS=8}
  SET_ATTR @5786 {TXH:334 NAME:dout VALUE:66   RADIX:UVM_HEX BITS=8}
  SET_ATTR @5786 {TXH:334 NAME:valid_sb VALUE:0   RADIX:UVM_HEX BITS=1}
  SET_ATTR @5786 {TXH:334 NAME:transaction_id VALUE:283   RADIX:UVM_DEC BITS=32}
END @5786 {TXH:334 TIME=0}
FREE @5786 {TXH:334}
BEGIN @5786 {TXH:335 STREAM:6 NAME:req TIME=0  TYPE="Begin_End, Link" LABEL:"" DESC=""}
  LINK @5786 {TXH1:50 TXH2:335 RELATION=child}
  SET_ATTR @5806 {TXH:335 NAME:op_type VALUE:33603684309229924   RADIX:UVM_STRING BITS=56}
  SET_ATTR @5806 {TXH:335 NAME:addr VALUE:68   RADIX:UVM_HEX BITS=32}
  SET_ATTR @5806 {TXH:335 NAME:din VALUE:215   RADIX:UVM_HEX BITS=8}
  SET_ATTR @5806 {TXH:335 NAME:dout VALUE:66   RADIX:UVM_HEX BITS=8}
  SET_ATTR @5806 {TXH:335 NAME:valid_sb VALUE:0   RADIX:UVM_HEX BITS=1}
  SET_ATTR @5806 {TXH:335 NAME:transaction_id VALUE:284   RADIX:UVM_DEC BITS=32}
END @5806 {TXH:335 TIME=0}
FREE @5806 {TXH:335}
BEGIN @5806 {TXH:336 STREAM:6 NAME:req TIME=0  TYPE="Begin_End, Link" LABEL:"" DESC=""}
  LINK @5806 {TXH1:50 TXH2:336 RELATION=child}
  SET_ATTR @5826 {TXH:336 NAME:op_type VALUE:33603684309229924   RADIX:UVM_STRING BITS=56}
  SET_ATTR @5826 {TXH:336 NAME:addr VALUE:68   RADIX:UVM_HEX BITS=32}
  SET_ATTR @5826 {TXH:336 NAME:din VALUE:19   RADIX:UVM_HEX BITS=8}
  SET_ATTR @5826 {TXH:336 NAME:dout VALUE:66   RADIX:UVM_HEX BITS=8}
  SET_ATTR @5826 {TXH:336 NAME:valid_sb VALUE:0   RADIX:UVM_HEX BITS=1}
  SET_ATTR @5826 {TXH:336 NAME:transaction_id VALUE:285   RADIX:UVM_DEC BITS=32}
END @5826 {TXH:336 TIME=0}
FREE @5826 {TXH:336}
BEGIN @5826 {TXH:337 STREAM:6 NAME:req TIME=0  TYPE="Begin_End, Link" LABEL:"" DESC=""}
  LINK @5826 {TXH1:50 TXH2:337 RELATION=child}
  SET_ATTR @5846 {TXH:337 NAME:op_type VALUE:33603684309229924   RADIX:UVM_STRING BITS=56}
  SET_ATTR @5846 {TXH:337 NAME:addr VALUE:68   RADIX:UVM_HEX BITS=32}
  SET_ATTR @5846 {TXH:337 NAME:din VALUE:219   RADIX:UVM_HEX BITS=8}
  SET_ATTR @5846 {TXH:337 NAME:dout VALUE:66   RADIX:UVM_HEX BITS=8}
  SET_ATTR @5846 {TXH:337 NAME:valid_sb VALUE:0   RADIX:UVM_HEX BITS=1}
  SET_ATTR @5846 {TXH:337 NAME:transaction_id VALUE:286   RADIX:UVM_DEC BITS=32}
END @5846 {TXH:337 TIME=0}
FREE @5846 {TXH:337}
BEGIN @5846 {TXH:338 STREAM:6 NAME:req TIME=0  TYPE="Begin_End, Link" LABEL:"" DESC=""}
  LINK @5846 {TXH1:50 TXH2:338 RELATION=child}
  SET_ATTR @5866 {TXH:338 NAME:op_type VALUE:33603684309229924   RADIX:UVM_STRING BITS=56}
  SET_ATTR @5866 {TXH:338 NAME:addr VALUE:68   RADIX:UVM_HEX BITS=32}
  SET_ATTR @5866 {TXH:338 NAME:din VALUE:19   RADIX:UVM_HEX BITS=8}
  SET_ATTR @5866 {TXH:338 NAME:dout VALUE:66   RADIX:UVM_HEX BITS=8}
  SET_ATTR @5866 {TXH:338 NAME:valid_sb VALUE:0   RADIX:UVM_HEX BITS=1}
  SET_ATTR @5866 {TXH:338 NAME:transaction_id VALUE:287   RADIX:UVM_DEC BITS=32}
END @5866 {TXH:338 TIME=0}
FREE @5866 {TXH:338}
BEGIN @5866 {TXH:339 STREAM:6 NAME:req TIME=0  TYPE="Begin_End, Link" LABEL:"" DESC=""}
  LINK @5866 {TXH1:50 TXH2:339 RELATION=child}
  SET_ATTR @5886 {TXH:339 NAME:op_type VALUE:33603684309229924   RADIX:UVM_STRING BITS=56}
  SET_ATTR @5886 {TXH:339 NAME:addr VALUE:68   RADIX:UVM_HEX BITS=32}
  SET_ATTR @5886 {TXH:339 NAME:din VALUE:14   RADIX:UVM_HEX BITS=8}
  SET_ATTR @5886 {TXH:339 NAME:dout VALUE:66   RADIX:UVM_HEX BITS=8}
  SET_ATTR @5886 {TXH:339 NAME:valid_sb VALUE:0   RADIX:UVM_HEX BITS=1}
  SET_ATTR @5886 {TXH:339 NAME:transaction_id VALUE:288   RADIX:UVM_DEC BITS=32}
END @5886 {TXH:339 TIME=0}
FREE @5886 {TXH:339}
BEGIN @5886 {TXH:340 STREAM:6 NAME:req TIME=0  TYPE="Begin_End, Link" LABEL:"" DESC=""}
  LINK @5886 {TXH1:50 TXH2:340 RELATION=child}
  SET_ATTR @5906 {TXH:340 NAME:op_type VALUE:33603684309229924   RADIX:UVM_STRING BITS=56}
  SET_ATTR @5906 {TXH:340 NAME:addr VALUE:68   RADIX:UVM_HEX BITS=32}
  SET_ATTR @5906 {TXH:340 NAME:din VALUE:249   RADIX:UVM_HEX BITS=8}
  SET_ATTR @5906 {TXH:340 NAME:dout VALUE:66   RADIX:UVM_HEX BITS=8}
  SET_ATTR @5906 {TXH:340 NAME:valid_sb VALUE:0   RADIX:UVM_HEX BITS=1}
  SET_ATTR @5906 {TXH:340 NAME:transaction_id VALUE:289   RADIX:UVM_DEC BITS=32}
END @5906 {TXH:340 TIME=0}
FREE @5906 {TXH:340}
BEGIN @5906 {TXH:341 STREAM:6 NAME:req TIME=0  TYPE="Begin_End, Link" LABEL:"" DESC=""}
  LINK @5906 {TXH1:50 TXH2:341 RELATION=child}
  SET_ATTR @5926 {TXH:341 NAME:op_type VALUE:33603684309229924   RADIX:UVM_STRING BITS=56}
  SET_ATTR @5926 {TXH:341 NAME:addr VALUE:68   RADIX:UVM_HEX BITS=32}
  SET_ATTR @5926 {TXH:341 NAME:din VALUE:23   RADIX:UVM_HEX BITS=8}
  SET_ATTR @5926 {TXH:341 NAME:dout VALUE:66   RADIX:UVM_HEX BITS=8}
  SET_ATTR @5926 {TXH:341 NAME:valid_sb VALUE:0   RADIX:UVM_HEX BITS=1}
  SET_ATTR @5926 {TXH:341 NAME:transaction_id VALUE:290   RADIX:UVM_DEC BITS=32}
END @5926 {TXH:341 TIME=0}
FREE @5926 {TXH:341}
BEGIN @5926 {TXH:342 STREAM:6 NAME:req TIME=0  TYPE="Begin_End, Link" LABEL:"" DESC=""}
  LINK @5926 {TXH1:50 TXH2:342 RELATION=child}
  SET_ATTR @5946 {TXH:342 NAME:op_type VALUE:33603684309229924   RADIX:UVM_STRING BITS=56}
  SET_ATTR @5946 {TXH:342 NAME:addr VALUE:68   RADIX:UVM_HEX BITS=32}
  SET_ATTR @5946 {TXH:342 NAME:din VALUE:189   RADIX:UVM_HEX BITS=8}
  SET_ATTR @5946 {TXH:342 NAME:dout VALUE:66   RADIX:UVM_HEX BITS=8}
  SET_ATTR @5946 {TXH:342 NAME:valid_sb VALUE:0   RADIX:UVM_HEX BITS=1}
  SET_ATTR @5946 {TXH:342 NAME:transaction_id VALUE:291   RADIX:UVM_DEC BITS=32}
END @5946 {TXH:342 TIME=0}
FREE @5946 {TXH:342}
BEGIN @5946 {TXH:343 STREAM:6 NAME:req TIME=0  TYPE="Begin_End, Link" LABEL:"" DESC=""}
  LINK @5946 {TXH1:50 TXH2:343 RELATION=child}
  SET_ATTR @5966 {TXH:343 NAME:op_type VALUE:33603684309229924   RADIX:UVM_STRING BITS=56}
  SET_ATTR @5966 {TXH:343 NAME:addr VALUE:68   RADIX:UVM_HEX BITS=32}
  SET_ATTR @5966 {TXH:343 NAME:din VALUE:28   RADIX:UVM_HEX BITS=8}
  SET_ATTR @5966 {TXH:343 NAME:dout VALUE:66   RADIX:UVM_HEX BITS=8}
  SET_ATTR @5966 {TXH:343 NAME:valid_sb VALUE:0   RADIX:UVM_HEX BITS=1}
  SET_ATTR @5966 {TXH:343 NAME:transaction_id VALUE:292   RADIX:UVM_DEC BITS=32}
END @5966 {TXH:343 TIME=0}
FREE @5966 {TXH:343}
BEGIN @5966 {TXH:344 STREAM:6 NAME:req TIME=0  TYPE="Begin_End, Link" LABEL:"" DESC=""}
  LINK @5966 {TXH1:50 TXH2:344 RELATION=child}
  SET_ATTR @5986 {TXH:344 NAME:op_type VALUE:33603684309229924   RADIX:UVM_STRING BITS=56}
  SET_ATTR @5986 {TXH:344 NAME:addr VALUE:68   RADIX:UVM_HEX BITS=32}
  SET_ATTR @5986 {TXH:344 NAME:din VALUE:247   RADIX:UVM_HEX BITS=8}
  SET_ATTR @5986 {TXH:344 NAME:dout VALUE:66   RADIX:UVM_HEX BITS=8}
  SET_ATTR @5986 {TXH:344 NAME:valid_sb VALUE:0   RADIX:UVM_HEX BITS=1}
  SET_ATTR @5986 {TXH:344 NAME:transaction_id VALUE:293   RADIX:UVM_DEC BITS=32}
END @5986 {TXH:344 TIME=0}
FREE @5986 {TXH:344}
BEGIN @5986 {TXH:345 STREAM:6 NAME:req TIME=0  TYPE="Begin_End, Link" LABEL:"" DESC=""}
  LINK @5986 {TXH1:50 TXH2:345 RELATION=child}
  SET_ATTR @6006 {TXH:345 NAME:op_type VALUE:33603684309229924   RADIX:UVM_STRING BITS=56}
  SET_ATTR @6006 {TXH:345 NAME:addr VALUE:68   RADIX:UVM_HEX BITS=32}
  SET_ATTR @6006 {TXH:345 NAME:din VALUE:100   RADIX:UVM_HEX BITS=8}
  SET_ATTR @6006 {TXH:345 NAME:dout VALUE:66   RADIX:UVM_HEX BITS=8}
  SET_ATTR @6006 {TXH:345 NAME:valid_sb VALUE:0   RADIX:UVM_HEX BITS=1}
  SET_ATTR @6006 {TXH:345 NAME:transaction_id VALUE:294   RADIX:UVM_DEC BITS=32}
END @6006 {TXH:345 TIME=0}
FREE @6006 {TXH:345}
BEGIN @6006 {TXH:346 STREAM:6 NAME:req TIME=0  TYPE="Begin_End, Link" LABEL:"" DESC=""}
  LINK @6006 {TXH1:50 TXH2:346 RELATION=child}
  SET_ATTR @6026 {TXH:346 NAME:op_type VALUE:33603684309229924   RADIX:UVM_STRING BITS=56}
  SET_ATTR @6026 {TXH:346 NAME:addr VALUE:68   RADIX:UVM_HEX BITS=32}
  SET_ATTR @6026 {TXH:346 NAME:din VALUE:233   RADIX:UVM_HEX BITS=8}
  SET_ATTR @6026 {TXH:346 NAME:dout VALUE:66   RADIX:UVM_HEX BITS=8}
  SET_ATTR @6026 {TXH:346 NAME:valid_sb VALUE:0   RADIX:UVM_HEX BITS=1}
  SET_ATTR @6026 {TXH:346 NAME:transaction_id VALUE:295   RADIX:UVM_DEC BITS=32}
END @6026 {TXH:346 TIME=0}
FREE @6026 {TXH:346}
BEGIN @6026 {TXH:347 STREAM:6 NAME:req TIME=0  TYPE="Begin_End, Link" LABEL:"" DESC=""}
  LINK @6026 {TXH1:50 TXH2:347 RELATION=child}
  SET_ATTR @6046 {TXH:347 NAME:op_type VALUE:33603684309229924   RADIX:UVM_STRING BITS=56}
  SET_ATTR @6046 {TXH:347 NAME:addr VALUE:68   RADIX:UVM_HEX BITS=32}
  SET_ATTR @6046 {TXH:347 NAME:din VALUE:56   RADIX:UVM_HEX BITS=8}
  SET_ATTR @6046 {TXH:347 NAME:dout VALUE:66   RADIX:UVM_HEX BITS=8}
  SET_ATTR @6046 {TXH:347 NAME:valid_sb VALUE:0   RADIX:UVM_HEX BITS=1}
  SET_ATTR @6046 {TXH:347 NAME:transaction_id VALUE:296   RADIX:UVM_DEC BITS=32}
END @6046 {TXH:347 TIME=0}
FREE @6046 {TXH:347}
BEGIN @6046 {TXH:348 STREAM:6 NAME:req TIME=0  TYPE="Begin_End, Link" LABEL:"" DESC=""}
  LINK @6046 {TXH1:50 TXH2:348 RELATION=child}
  SET_ATTR @6066 {TXH:348 NAME:op_type VALUE:33603684309229924   RADIX:UVM_STRING BITS=56}
  SET_ATTR @6066 {TXH:348 NAME:addr VALUE:68   RADIX:UVM_HEX BITS=32}
  SET_ATTR @6066 {TXH:348 NAME:din VALUE:131   RADIX:UVM_HEX BITS=8}
  SET_ATTR @6066 {TXH:348 NAME:dout VALUE:66   RADIX:UVM_HEX BITS=8}
  SET_ATTR @6066 {TXH:348 NAME:valid_sb VALUE:0   RADIX:UVM_HEX BITS=1}
  SET_ATTR @6066 {TXH:348 NAME:transaction_id VALUE:297   RADIX:UVM_DEC BITS=32}
END @6066 {TXH:348 TIME=0}
FREE @6066 {TXH:348}
BEGIN @6066 {TXH:349 STREAM:6 NAME:req TIME=0  TYPE="Begin_End, Link" LABEL:"" DESC=""}
  LINK @6066 {TXH1:50 TXH2:349 RELATION=child}
  SET_ATTR @6086 {TXH:349 NAME:op_type VALUE:33603684309229924   RADIX:UVM_STRING BITS=56}
  SET_ATTR @6086 {TXH:349 NAME:addr VALUE:68   RADIX:UVM_HEX BITS=32}
  SET_ATTR @6086 {TXH:349 NAME:din VALUE:94   RADIX:UVM_HEX BITS=8}
  SET_ATTR @6086 {TXH:349 NAME:dout VALUE:66   RADIX:UVM_HEX BITS=8}
  SET_ATTR @6086 {TXH:349 NAME:valid_sb VALUE:0   RADIX:UVM_HEX BITS=1}
  SET_ATTR @6086 {TXH:349 NAME:transaction_id VALUE:298   RADIX:UVM_DEC BITS=32}
END @6086 {TXH:349 TIME=0}
FREE @6086 {TXH:349}
BEGIN @6086 {TXH:350 STREAM:6 NAME:req TIME=0  TYPE="Begin_End, Link" LABEL:"" DESC=""}
  LINK @6086 {TXH1:50 TXH2:350 RELATION=child}
  SET_ATTR @6106 {TXH:350 NAME:op_type VALUE:33603684309229924   RADIX:UVM_STRING BITS=56}
  SET_ATTR @6106 {TXH:350 NAME:addr VALUE:68   RADIX:UVM_HEX BITS=32}
  SET_ATTR @6106 {TXH:350 NAME:din VALUE:254   RADIX:UVM_HEX BITS=8}
  SET_ATTR @6106 {TXH:350 NAME:dout VALUE:66   RADIX:UVM_HEX BITS=8}
  SET_ATTR @6106 {TXH:350 NAME:valid_sb VALUE:0   RADIX:UVM_HEX BITS=1}
  SET_ATTR @6106 {TXH:350 NAME:transaction_id VALUE:299   RADIX:UVM_DEC BITS=32}
END @6106 {TXH:350 TIME=0}
FREE @6106 {TXH:350}
BEGIN @6106 {TXH:351 STREAM:6 NAME:req TIME=0  TYPE="Begin_End, Link" LABEL:"" DESC=""}
  LINK @6106 {TXH1:50 TXH2:351 RELATION=child}
  SET_ATTR @6126 {TXH:351 NAME:op_type VALUE:33603684309229924   RADIX:UVM_STRING BITS=56}
  SET_ATTR @6126 {TXH:351 NAME:addr VALUE:68   RADIX:UVM_HEX BITS=32}
  SET_ATTR @6126 {TXH:351 NAME:din VALUE:72   RADIX:UVM_HEX BITS=8}
  SET_ATTR @6126 {TXH:351 NAME:dout VALUE:66   RADIX:UVM_HEX BITS=8}
  SET_ATTR @6126 {TXH:351 NAME:valid_sb VALUE:0   RADIX:UVM_HEX BITS=1}
  SET_ATTR @6126 {TXH:351 NAME:transaction_id VALUE:300   RADIX:UVM_DEC BITS=32}
END @6126 {TXH:351 TIME=0}
FREE @6126 {TXH:351}
BEGIN @6126 {TXH:352 STREAM:6 NAME:req TIME=0  TYPE="Begin_End, Link" LABEL:"" DESC=""}
  LINK @6126 {TXH1:50 TXH2:352 RELATION=child}
  SET_ATTR @6146 {TXH:352 NAME:op_type VALUE:33603684309229924   RADIX:UVM_STRING BITS=56}
  SET_ATTR @6146 {TXH:352 NAME:addr VALUE:68   RADIX:UVM_HEX BITS=32}
  SET_ATTR @6146 {TXH:352 NAME:din VALUE:180   RADIX:UVM_HEX BITS=8}
  SET_ATTR @6146 {TXH:352 NAME:dout VALUE:66   RADIX:UVM_HEX BITS=8}
  SET_ATTR @6146 {TXH:352 NAME:valid_sb VALUE:0   RADIX:UVM_HEX BITS=1}
  SET_ATTR @6146 {TXH:352 NAME:transaction_id VALUE:301   RADIX:UVM_DEC BITS=32}
END @6146 {TXH:352 TIME=0}
FREE @6146 {TXH:352}
BEGIN @6146 {TXH:353 STREAM:6 NAME:req TIME=0  TYPE="Begin_End, Link" LABEL:"" DESC=""}
  LINK @6146 {TXH1:50 TXH2:353 RELATION=child}
  SET_ATTR @6166 {TXH:353 NAME:op_type VALUE:33603684309229924   RADIX:UVM_STRING BITS=56}
  SET_ATTR @6166 {TXH:353 NAME:addr VALUE:68   RADIX:UVM_HEX BITS=32}
  SET_ATTR @6166 {TXH:353 NAME:din VALUE:225   RADIX:UVM_HEX BITS=8}
  SET_ATTR @6166 {TXH:353 NAME:dout VALUE:66   RADIX:UVM_HEX BITS=8}
  SET_ATTR @6166 {TXH:353 NAME:valid_sb VALUE:0   RADIX:UVM_HEX BITS=1}
  SET_ATTR @6166 {TXH:353 NAME:transaction_id VALUE:302   RADIX:UVM_DEC BITS=32}
END @6166 {TXH:353 TIME=0}
FREE @6166 {TXH:353}
BEGIN @6166 {TXH:354 STREAM:6 NAME:req TIME=0  TYPE="Begin_End, Link" LABEL:"" DESC=""}
  LINK @6166 {TXH1:50 TXH2:354 RELATION=child}
  SET_ATTR @6186 {TXH:354 NAME:op_type VALUE:33603684309229924   RADIX:UVM_STRING BITS=56}
  SET_ATTR @6186 {TXH:354 NAME:addr VALUE:68   RADIX:UVM_HEX BITS=32}
  SET_ATTR @6186 {TXH:354 NAME:din VALUE:181   RADIX:UVM_HEX BITS=8}
  SET_ATTR @6186 {TXH:354 NAME:dout VALUE:66   RADIX:UVM_HEX BITS=8}
  SET_ATTR @6186 {TXH:354 NAME:valid_sb VALUE:0   RADIX:UVM_HEX BITS=1}
  SET_ATTR @6186 {TXH:354 NAME:transaction_id VALUE:303   RADIX:UVM_DEC BITS=32}
END @6186 {TXH:354 TIME=0}
FREE @6186 {TXH:354}
BEGIN @6186 {TXH:355 STREAM:6 NAME:req TIME=0  TYPE="Begin_End, Link" LABEL:"" DESC=""}
  LINK @6186 {TXH1:50 TXH2:355 RELATION=child}
  SET_ATTR @6206 {TXH:355 NAME:op_type VALUE:33603684309229924   RADIX:UVM_STRING BITS=56}
  SET_ATTR @6206 {TXH:355 NAME:addr VALUE:68   RADIX:UVM_HEX BITS=32}
  SET_ATTR @6206 {TXH:355 NAME:din VALUE:57   RADIX:UVM_HEX BITS=8}
  SET_ATTR @6206 {TXH:355 NAME:dout VALUE:66   RADIX:UVM_HEX BITS=8}
  SET_ATTR @6206 {TXH:355 NAME:valid_sb VALUE:0   RADIX:UVM_HEX BITS=1}
  SET_ATTR @6206 {TXH:355 NAME:transaction_id VALUE:304   RADIX:UVM_DEC BITS=32}
END @6206 {TXH:355 TIME=0}
FREE @6206 {TXH:355}
BEGIN @6206 {TXH:356 STREAM:6 NAME:req TIME=0  TYPE="Begin_End, Link" LABEL:"" DESC=""}
  LINK @6206 {TXH1:50 TXH2:356 RELATION=child}
  SET_ATTR @6226 {TXH:356 NAME:op_type VALUE:33603684309229924   RADIX:UVM_STRING BITS=56}
  SET_ATTR @6226 {TXH:356 NAME:addr VALUE:68   RADIX:UVM_HEX BITS=32}
  SET_ATTR @6226 {TXH:356 NAME:din VALUE:113   RADIX:UVM_HEX BITS=8}
  SET_ATTR @6226 {TXH:356 NAME:dout VALUE:66   RADIX:UVM_HEX BITS=8}
  SET_ATTR @6226 {TXH:356 NAME:valid_sb VALUE:0   RADIX:UVM_HEX BITS=1}
  SET_ATTR @6226 {TXH:356 NAME:transaction_id VALUE:305   RADIX:UVM_DEC BITS=32}
END @6226 {TXH:356 TIME=0}
FREE @6226 {TXH:356}
BEGIN @6226 {TXH:357 STREAM:6 NAME:req TIME=0  TYPE="Begin_End, Link" LABEL:"" DESC=""}
  LINK @6226 {TXH1:50 TXH2:357 RELATION=child}
  SET_ATTR @6246 {TXH:357 NAME:op_type VALUE:33603684309229924   RADIX:UVM_STRING BITS=56}
  SET_ATTR @6246 {TXH:357 NAME:addr VALUE:68   RADIX:UVM_HEX BITS=32}
  SET_ATTR @6246 {TXH:357 NAME:din VALUE:45   RADIX:UVM_HEX BITS=8}
  SET_ATTR @6246 {TXH:357 NAME:dout VALUE:66   RADIX:UVM_HEX BITS=8}
  SET_ATTR @6246 {TXH:357 NAME:valid_sb VALUE:0   RADIX:UVM_HEX BITS=1}
  SET_ATTR @6246 {TXH:357 NAME:transaction_id VALUE:306   RADIX:UVM_DEC BITS=32}
END @6246 {TXH:357 TIME=0}
FREE @6246 {TXH:357}
BEGIN @6246 {TXH:358 STREAM:6 NAME:req TIME=0  TYPE="Begin_End, Link" LABEL:"" DESC=""}
  LINK @6246 {TXH1:50 TXH2:358 RELATION=child}
  SET_ATTR @6266 {TXH:358 NAME:op_type VALUE:33603684309229924   RADIX:UVM_STRING BITS=56}
  SET_ATTR @6266 {TXH:358 NAME:addr VALUE:68   RADIX:UVM_HEX BITS=32}
  SET_ATTR @6266 {TXH:358 NAME:din VALUE:115   RADIX:UVM_HEX BITS=8}
  SET_ATTR @6266 {TXH:358 NAME:dout VALUE:66   RADIX:UVM_HEX BITS=8}
  SET_ATTR @6266 {TXH:358 NAME:valid_sb VALUE:0   RADIX:UVM_HEX BITS=1}
  SET_ATTR @6266 {TXH:358 NAME:transaction_id VALUE:307   RADIX:UVM_DEC BITS=32}
END @6266 {TXH:358 TIME=0}
FREE @6266 {TXH:358}
BEGIN @6266 {TXH:359 STREAM:6 NAME:req TIME=0  TYPE="Begin_End, Link" LABEL:"" DESC=""}
  LINK @6266 {TXH1:50 TXH2:359 RELATION=child}
  SET_ATTR @6286 {TXH:359 NAME:op_type VALUE:33603684309229924   RADIX:UVM_STRING BITS=56}
  SET_ATTR @6286 {TXH:359 NAME:addr VALUE:68   RADIX:UVM_HEX BITS=32}
  SET_ATTR @6286 {TXH:359 NAME:din VALUE:250   RADIX:UVM_HEX BITS=8}
  SET_ATTR @6286 {TXH:359 NAME:dout VALUE:66   RADIX:UVM_HEX BITS=8}
  SET_ATTR @6286 {TXH:359 NAME:valid_sb VALUE:0   RADIX:UVM_HEX BITS=1}
  SET_ATTR @6286 {TXH:359 NAME:transaction_id VALUE:308   RADIX:UVM_DEC BITS=32}
END @6286 {TXH:359 TIME=0}
FREE @6286 {TXH:359}
BEGIN @6286 {TXH:360 STREAM:6 NAME:req TIME=0  TYPE="Begin_End, Link" LABEL:"" DESC=""}
  LINK @6286 {TXH1:50 TXH2:360 RELATION=child}
  SET_ATTR @6306 {TXH:360 NAME:op_type VALUE:33603684309229924   RADIX:UVM_STRING BITS=56}
  SET_ATTR @6306 {TXH:360 NAME:addr VALUE:68   RADIX:UVM_HEX BITS=32}
  SET_ATTR @6306 {TXH:360 NAME:din VALUE:237   RADIX:UVM_HEX BITS=8}
  SET_ATTR @6306 {TXH:360 NAME:dout VALUE:66   RADIX:UVM_HEX BITS=8}
  SET_ATTR @6306 {TXH:360 NAME:valid_sb VALUE:0   RADIX:UVM_HEX BITS=1}
  SET_ATTR @6306 {TXH:360 NAME:transaction_id VALUE:309   RADIX:UVM_DEC BITS=32}
END @6306 {TXH:360 TIME=0}
FREE @6306 {TXH:360}
BEGIN @6306 {TXH:361 STREAM:6 NAME:req TIME=0  TYPE="Begin_End, Link" LABEL:"" DESC=""}
  LINK @6306 {TXH1:50 TXH2:361 RELATION=child}
  SET_ATTR @6326 {TXH:361 NAME:op_type VALUE:33603684309229924   RADIX:UVM_STRING BITS=56}
  SET_ATTR @6326 {TXH:361 NAME:addr VALUE:68   RADIX:UVM_HEX BITS=32}
  SET_ATTR @6326 {TXH:361 NAME:din VALUE:146   RADIX:UVM_HEX BITS=8}
  SET_ATTR @6326 {TXH:361 NAME:dout VALUE:66   RADIX:UVM_HEX BITS=8}
  SET_ATTR @6326 {TXH:361 NAME:valid_sb VALUE:0   RADIX:UVM_HEX BITS=1}
  SET_ATTR @6326 {TXH:361 NAME:transaction_id VALUE:310   RADIX:UVM_DEC BITS=32}
END @6326 {TXH:361 TIME=0}
FREE @6326 {TXH:361}
BEGIN @6326 {TXH:362 STREAM:6 NAME:req TIME=0  TYPE="Begin_End, Link" LABEL:"" DESC=""}
  LINK @6326 {TXH1:50 TXH2:362 RELATION=child}
  SET_ATTR @6346 {TXH:362 NAME:op_type VALUE:33603684309229924   RADIX:UVM_STRING BITS=56}
  SET_ATTR @6346 {TXH:362 NAME:addr VALUE:68   RADIX:UVM_HEX BITS=32}
  SET_ATTR @6346 {TXH:362 NAME:din VALUE:133   RADIX:UVM_HEX BITS=8}
  SET_ATTR @6346 {TXH:362 NAME:dout VALUE:66   RADIX:UVM_HEX BITS=8}
  SET_ATTR @6346 {TXH:362 NAME:valid_sb VALUE:0   RADIX:UVM_HEX BITS=1}
  SET_ATTR @6346 {TXH:362 NAME:transaction_id VALUE:311   RADIX:UVM_DEC BITS=32}
END @6346 {TXH:362 TIME=0}
FREE @6346 {TXH:362}
BEGIN @6346 {TXH:363 STREAM:6 NAME:req TIME=0  TYPE="Begin_End, Link" LABEL:"" DESC=""}
  LINK @6346 {TXH1:50 TXH2:363 RELATION=child}
  SET_ATTR @6366 {TXH:363 NAME:op_type VALUE:33603684309229924   RADIX:UVM_STRING BITS=56}
  SET_ATTR @6366 {TXH:363 NAME:addr VALUE:68   RADIX:UVM_HEX BITS=32}
  SET_ATTR @6366 {TXH:363 NAME:din VALUE:169   RADIX:UVM_HEX BITS=8}
  SET_ATTR @6366 {TXH:363 NAME:dout VALUE:66   RADIX:UVM_HEX BITS=8}
  SET_ATTR @6366 {TXH:363 NAME:valid_sb VALUE:0   RADIX:UVM_HEX BITS=1}
  SET_ATTR @6366 {TXH:363 NAME:transaction_id VALUE:312   RADIX:UVM_DEC BITS=32}
END @6366 {TXH:363 TIME=0}
FREE @6366 {TXH:363}
BEGIN @6366 {TXH:364 STREAM:6 NAME:req TIME=0  TYPE="Begin_End, Link" LABEL:"" DESC=""}
  LINK @6366 {TXH1:50 TXH2:364 RELATION=child}
  SET_ATTR @6386 {TXH:364 NAME:op_type VALUE:33603684309229924   RADIX:UVM_STRING BITS=56}
  SET_ATTR @6386 {TXH:364 NAME:addr VALUE:68   RADIX:UVM_HEX BITS=32}
  SET_ATTR @6386 {TXH:364 NAME:din VALUE:92   RADIX:UVM_HEX BITS=8}
  SET_ATTR @6386 {TXH:364 NAME:dout VALUE:66   RADIX:UVM_HEX BITS=8}
  SET_ATTR @6386 {TXH:364 NAME:valid_sb VALUE:0   RADIX:UVM_HEX BITS=1}
  SET_ATTR @6386 {TXH:364 NAME:transaction_id VALUE:313   RADIX:UVM_DEC BITS=32}
END @6386 {TXH:364 TIME=0}
FREE @6386 {TXH:364}
BEGIN @6386 {TXH:365 STREAM:6 NAME:req TIME=0  TYPE="Begin_End, Link" LABEL:"" DESC=""}
  LINK @6386 {TXH1:50 TXH2:365 RELATION=child}
  SET_ATTR @6406 {TXH:365 NAME:op_type VALUE:33603684309229924   RADIX:UVM_STRING BITS=56}
  SET_ATTR @6406 {TXH:365 NAME:addr VALUE:68   RADIX:UVM_HEX BITS=32}
  SET_ATTR @6406 {TXH:365 NAME:din VALUE:135   RADIX:UVM_HEX BITS=8}
  SET_ATTR @6406 {TXH:365 NAME:dout VALUE:66   RADIX:UVM_HEX BITS=8}
  SET_ATTR @6406 {TXH:365 NAME:valid_sb VALUE:0   RADIX:UVM_HEX BITS=1}
  SET_ATTR @6406 {TXH:365 NAME:transaction_id VALUE:314   RADIX:UVM_DEC BITS=32}
END @6406 {TXH:365 TIME=0}
FREE @6406 {TXH:365}
BEGIN @6406 {TXH:366 STREAM:6 NAME:req TIME=0  TYPE="Begin_End, Link" LABEL:"" DESC=""}
  LINK @6406 {TXH1:50 TXH2:366 RELATION=child}
  SET_ATTR @6426 {TXH:366 NAME:op_type VALUE:33603684309229924   RADIX:UVM_STRING BITS=56}
  SET_ATTR @6426 {TXH:366 NAME:addr VALUE:68   RADIX:UVM_HEX BITS=32}
  SET_ATTR @6426 {TXH:366 NAME:din VALUE:37   RADIX:UVM_HEX BITS=8}
  SET_ATTR @6426 {TXH:366 NAME:dout VALUE:66   RADIX:UVM_HEX BITS=8}
  SET_ATTR @6426 {TXH:366 NAME:valid_sb VALUE:0   RADIX:UVM_HEX BITS=1}
  SET_ATTR @6426 {TXH:366 NAME:transaction_id VALUE:315   RADIX:UVM_DEC BITS=32}
END @6426 {TXH:366 TIME=0}
FREE @6426 {TXH:366}
BEGIN @6426 {TXH:367 STREAM:6 NAME:req TIME=0  TYPE="Begin_End, Link" LABEL:"" DESC=""}
  LINK @6426 {TXH1:50 TXH2:367 RELATION=child}
  SET_ATTR @6446 {TXH:367 NAME:op_type VALUE:33603684309229924   RADIX:UVM_STRING BITS=56}
  SET_ATTR @6446 {TXH:367 NAME:addr VALUE:68   RADIX:UVM_HEX BITS=32}
  SET_ATTR @6446 {TXH:367 NAME:din VALUE:159   RADIX:UVM_HEX BITS=8}
  SET_ATTR @6446 {TXH:367 NAME:dout VALUE:66   RADIX:UVM_HEX BITS=8}
  SET_ATTR @6446 {TXH:367 NAME:valid_sb VALUE:0   RADIX:UVM_HEX BITS=1}
  SET_ATTR @6446 {TXH:367 NAME:transaction_id VALUE:316   RADIX:UVM_DEC BITS=32}
END @6446 {TXH:367 TIME=0}
FREE @6446 {TXH:367}
BEGIN @6446 {TXH:368 STREAM:6 NAME:req TIME=0  TYPE="Begin_End, Link" LABEL:"" DESC=""}
  LINK @6446 {TXH1:50 TXH2:368 RELATION=child}
  SET_ATTR @6466 {TXH:368 NAME:op_type VALUE:33603684309229924   RADIX:UVM_STRING BITS=56}
  SET_ATTR @6466 {TXH:368 NAME:addr VALUE:68   RADIX:UVM_HEX BITS=32}
  SET_ATTR @6466 {TXH:368 NAME:din VALUE:138   RADIX:UVM_HEX BITS=8}
  SET_ATTR @6466 {TXH:368 NAME:dout VALUE:66   RADIX:UVM_HEX BITS=8}
  SET_ATTR @6466 {TXH:368 NAME:valid_sb VALUE:0   RADIX:UVM_HEX BITS=1}
  SET_ATTR @6466 {TXH:368 NAME:transaction_id VALUE:317   RADIX:UVM_DEC BITS=32}
END @6466 {TXH:368 TIME=0}
FREE @6466 {TXH:368}
BEGIN @6466 {TXH:369 STREAM:6 NAME:req TIME=0  TYPE="Begin_End, Link" LABEL:"" DESC=""}
  LINK @6466 {TXH1:50 TXH2:369 RELATION=child}
  SET_ATTR @6486 {TXH:369 NAME:op_type VALUE:33603684309229924   RADIX:UVM_STRING BITS=56}
  SET_ATTR @6486 {TXH:369 NAME:addr VALUE:68   RADIX:UVM_HEX BITS=32}
  SET_ATTR @6486 {TXH:369 NAME:din VALUE:225   RADIX:UVM_HEX BITS=8}
  SET_ATTR @6486 {TXH:369 NAME:dout VALUE:66   RADIX:UVM_HEX BITS=8}
  SET_ATTR @6486 {TXH:369 NAME:valid_sb VALUE:0   RADIX:UVM_HEX BITS=1}
  SET_ATTR @6486 {TXH:369 NAME:transaction_id VALUE:318   RADIX:UVM_DEC BITS=32}
END @6486 {TXH:369 TIME=0}
FREE @6486 {TXH:369}
BEGIN @6486 {TXH:370 STREAM:6 NAME:req TIME=0  TYPE="Begin_End, Link" LABEL:"" DESC=""}
  LINK @6486 {TXH1:50 TXH2:370 RELATION=child}
  SET_ATTR @6506 {TXH:370 NAME:op_type VALUE:33603684309229924   RADIX:UVM_STRING BITS=56}
  SET_ATTR @6506 {TXH:370 NAME:addr VALUE:68   RADIX:UVM_HEX BITS=32}
  SET_ATTR @6506 {TXH:370 NAME:din VALUE:61   RADIX:UVM_HEX BITS=8}
  SET_ATTR @6506 {TXH:370 NAME:dout VALUE:66   RADIX:UVM_HEX BITS=8}
  SET_ATTR @6506 {TXH:370 NAME:valid_sb VALUE:0   RADIX:UVM_HEX BITS=1}
  SET_ATTR @6506 {TXH:370 NAME:transaction_id VALUE:319   RADIX:UVM_DEC BITS=32}
END @6506 {TXH:370 TIME=0}
FREE @6506 {TXH:370}
BEGIN @6506 {TXH:371 STREAM:6 NAME:req TIME=0  TYPE="Begin_End, Link" LABEL:"" DESC=""}
  LINK @6506 {TXH1:50 TXH2:371 RELATION=child}
  SET_ATTR @6526 {TXH:371 NAME:op_type VALUE:33603684309229924   RADIX:UVM_STRING BITS=56}
  SET_ATTR @6526 {TXH:371 NAME:addr VALUE:68   RADIX:UVM_HEX BITS=32}
  SET_ATTR @6526 {TXH:371 NAME:din VALUE:66   RADIX:UVM_HEX BITS=8}
  SET_ATTR @6526 {TXH:371 NAME:dout VALUE:66   RADIX:UVM_HEX BITS=8}
  SET_ATTR @6526 {TXH:371 NAME:valid_sb VALUE:0   RADIX:UVM_HEX BITS=1}
  SET_ATTR @6526 {TXH:371 NAME:transaction_id VALUE:320   RADIX:UVM_DEC BITS=32}
END @6526 {TXH:371 TIME=0}
FREE @6526 {TXH:371}
BEGIN @6526 {TXH:372 STREAM:6 NAME:req TIME=0  TYPE="Begin_End, Link" LABEL:"" DESC=""}
  LINK @6526 {TXH1:50 TXH2:372 RELATION=child}
  SET_ATTR @6546 {TXH:372 NAME:op_type VALUE:33603684309229924   RADIX:UVM_STRING BITS=56}
  SET_ATTR @6546 {TXH:372 NAME:addr VALUE:68   RADIX:UVM_HEX BITS=32}
  SET_ATTR @6546 {TXH:372 NAME:din VALUE:220   RADIX:UVM_HEX BITS=8}
  SET_ATTR @6546 {TXH:372 NAME:dout VALUE:66   RADIX:UVM_HEX BITS=8}
  SET_ATTR @6546 {TXH:372 NAME:valid_sb VALUE:0   RADIX:UVM_HEX BITS=1}
  SET_ATTR @6546 {TXH:372 NAME:transaction_id VALUE:321   RADIX:UVM_DEC BITS=32}
END @6546 {TXH:372 TIME=0}
FREE @6546 {TXH:372}
BEGIN @6546 {TXH:373 STREAM:6 NAME:req TIME=0  TYPE="Begin_End, Link" LABEL:"" DESC=""}
  LINK @6546 {TXH1:50 TXH2:373 RELATION=child}
  SET_ATTR @6566 {TXH:373 NAME:op_type VALUE:33603684309229924   RADIX:UVM_STRING BITS=56}
  SET_ATTR @6566 {TXH:373 NAME:addr VALUE:68   RADIX:UVM_HEX BITS=32}
  SET_ATTR @6566 {TXH:373 NAME:din VALUE:62   RADIX:UVM_HEX BITS=8}
  SET_ATTR @6566 {TXH:373 NAME:dout VALUE:66   RADIX:UVM_HEX BITS=8}
  SET_ATTR @6566 {TXH:373 NAME:valid_sb VALUE:0   RADIX:UVM_HEX BITS=1}
  SET_ATTR @6566 {TXH:373 NAME:transaction_id VALUE:322   RADIX:UVM_DEC BITS=32}
END @6566 {TXH:373 TIME=0}
FREE @6566 {TXH:373}
BEGIN @6566 {TXH:374 STREAM:6 NAME:req TIME=0  TYPE="Begin_End, Link" LABEL:"" DESC=""}
  LINK @6566 {TXH1:50 TXH2:374 RELATION=child}
  SET_ATTR @6586 {TXH:374 NAME:op_type VALUE:33603684309229924   RADIX:UVM_STRING BITS=56}
  SET_ATTR @6586 {TXH:374 NAME:addr VALUE:68   RADIX:UVM_HEX BITS=32}
  SET_ATTR @6586 {TXH:374 NAME:din VALUE:65   RADIX:UVM_HEX BITS=8}
  SET_ATTR @6586 {TXH:374 NAME:dout VALUE:66   RADIX:UVM_HEX BITS=8}
  SET_ATTR @6586 {TXH:374 NAME:valid_sb VALUE:0   RADIX:UVM_HEX BITS=1}
  SET_ATTR @6586 {TXH:374 NAME:transaction_id VALUE:323   RADIX:UVM_DEC BITS=32}
END @6586 {TXH:374 TIME=0}
FREE @6586 {TXH:374}
BEGIN @6586 {TXH:375 STREAM:6 NAME:req TIME=0  TYPE="Begin_End, Link" LABEL:"" DESC=""}
  LINK @6586 {TXH1:50 TXH2:375 RELATION=child}
  SET_ATTR @6606 {TXH:375 NAME:op_type VALUE:33603684309229924   RADIX:UVM_STRING BITS=56}
  SET_ATTR @6606 {TXH:375 NAME:addr VALUE:68   RADIX:UVM_HEX BITS=32}
  SET_ATTR @6606 {TXH:375 NAME:din VALUE:108   RADIX:UVM_HEX BITS=8}
  SET_ATTR @6606 {TXH:375 NAME:dout VALUE:66   RADIX:UVM_HEX BITS=8}
  SET_ATTR @6606 {TXH:375 NAME:valid_sb VALUE:0   RADIX:UVM_HEX BITS=1}
  SET_ATTR @6606 {TXH:375 NAME:transaction_id VALUE:324   RADIX:UVM_DEC BITS=32}
END @6606 {TXH:375 TIME=0}
FREE @6606 {TXH:375}
BEGIN @6606 {TXH:376 STREAM:6 NAME:req TIME=0  TYPE="Begin_End, Link" LABEL:"" DESC=""}
  LINK @6606 {TXH1:50 TXH2:376 RELATION=child}
  SET_ATTR @6626 {TXH:376 NAME:op_type VALUE:33603684309229924   RADIX:UVM_STRING BITS=56}
  SET_ATTR @6626 {TXH:376 NAME:addr VALUE:68   RADIX:UVM_HEX BITS=32}
  SET_ATTR @6626 {TXH:376 NAME:din VALUE:34   RADIX:UVM_HEX BITS=8}
  SET_ATTR @6626 {TXH:376 NAME:dout VALUE:66   RADIX:UVM_HEX BITS=8}
  SET_ATTR @6626 {TXH:376 NAME:valid_sb VALUE:0   RADIX:UVM_HEX BITS=1}
  SET_ATTR @6626 {TXH:376 NAME:transaction_id VALUE:325   RADIX:UVM_DEC BITS=32}
END @6626 {TXH:376 TIME=0}
FREE @6626 {TXH:376}
BEGIN @6626 {TXH:377 STREAM:6 NAME:req TIME=0  TYPE="Begin_End, Link" LABEL:"" DESC=""}
  LINK @6626 {TXH1:50 TXH2:377 RELATION=child}
  SET_ATTR @6646 {TXH:377 NAME:op_type VALUE:33603684309229924   RADIX:UVM_STRING BITS=56}
  SET_ATTR @6646 {TXH:377 NAME:addr VALUE:68   RADIX:UVM_HEX BITS=32}
  SET_ATTR @6646 {TXH:377 NAME:din VALUE:4   RADIX:UVM_HEX BITS=8}
  SET_ATTR @6646 {TXH:377 NAME:dout VALUE:66   RADIX:UVM_HEX BITS=8}
  SET_ATTR @6646 {TXH:377 NAME:valid_sb VALUE:0   RADIX:UVM_HEX BITS=1}
  SET_ATTR @6646 {TXH:377 NAME:transaction_id VALUE:326   RADIX:UVM_DEC BITS=32}
END @6646 {TXH:377 TIME=0}
FREE @6646 {TXH:377}
BEGIN @6646 {TXH:378 STREAM:6 NAME:req TIME=0  TYPE="Begin_End, Link" LABEL:"" DESC=""}
  LINK @6646 {TXH1:50 TXH2:378 RELATION=child}
  SET_ATTR @6666 {TXH:378 NAME:op_type VALUE:33603684309229924   RADIX:UVM_STRING BITS=56}
  SET_ATTR @6666 {TXH:378 NAME:addr VALUE:68   RADIX:UVM_HEX BITS=32}
  SET_ATTR @6666 {TXH:378 NAME:din VALUE:50   RADIX:UVM_HEX BITS=8}
  SET_ATTR @6666 {TXH:378 NAME:dout VALUE:66   RADIX:UVM_HEX BITS=8}
  SET_ATTR @6666 {TXH:378 NAME:valid_sb VALUE:0   RADIX:UVM_HEX BITS=1}
  SET_ATTR @6666 {TXH:378 NAME:transaction_id VALUE:327   RADIX:UVM_DEC BITS=32}
END @6666 {TXH:378 TIME=0}
FREE @6666 {TXH:378}
BEGIN @6666 {TXH:379 STREAM:6 NAME:req TIME=0  TYPE="Begin_End, Link" LABEL:"" DESC=""}
  LINK @6666 {TXH1:50 TXH2:379 RELATION=child}
  SET_ATTR @6686 {TXH:379 NAME:op_type VALUE:33603684309229924   RADIX:UVM_STRING BITS=56}
  SET_ATTR @6686 {TXH:379 NAME:addr VALUE:68   RADIX:UVM_HEX BITS=32}
  SET_ATTR @6686 {TXH:379 NAME:din VALUE:181   RADIX:UVM_HEX BITS=8}
  SET_ATTR @6686 {TXH:379 NAME:dout VALUE:66   RADIX:UVM_HEX BITS=8}
  SET_ATTR @6686 {TXH:379 NAME:valid_sb VALUE:0   RADIX:UVM_HEX BITS=1}
  SET_ATTR @6686 {TXH:379 NAME:transaction_id VALUE:328   RADIX:UVM_DEC BITS=32}
END @6686 {TXH:379 TIME=0}
FREE @6686 {TXH:379}
BEGIN @6686 {TXH:380 STREAM:6 NAME:req TIME=0  TYPE="Begin_End, Link" LABEL:"" DESC=""}
  LINK @6686 {TXH1:50 TXH2:380 RELATION=child}
  SET_ATTR @6706 {TXH:380 NAME:op_type VALUE:33603684309229924   RADIX:UVM_STRING BITS=56}
  SET_ATTR @6706 {TXH:380 NAME:addr VALUE:68   RADIX:UVM_HEX BITS=32}
  SET_ATTR @6706 {TXH:380 NAME:din VALUE:238   RADIX:UVM_HEX BITS=8}
  SET_ATTR @6706 {TXH:380 NAME:dout VALUE:66   RADIX:UVM_HEX BITS=8}
  SET_ATTR @6706 {TXH:380 NAME:valid_sb VALUE:0   RADIX:UVM_HEX BITS=1}
  SET_ATTR @6706 {TXH:380 NAME:transaction_id VALUE:329   RADIX:UVM_DEC BITS=32}
END @6706 {TXH:380 TIME=0}
FREE @6706 {TXH:380}
BEGIN @6706 {TXH:381 STREAM:6 NAME:req TIME=0  TYPE="Begin_End, Link" LABEL:"" DESC=""}
  LINK @6706 {TXH1:50 TXH2:381 RELATION=child}
  SET_ATTR @6726 {TXH:381 NAME:op_type VALUE:33603684309229924   RADIX:UVM_STRING BITS=56}
  SET_ATTR @6726 {TXH:381 NAME:addr VALUE:68   RADIX:UVM_HEX BITS=32}
  SET_ATTR @6726 {TXH:381 NAME:din VALUE:121   RADIX:UVM_HEX BITS=8}
  SET_ATTR @6726 {TXH:381 NAME:dout VALUE:66   RADIX:UVM_HEX BITS=8}
  SET_ATTR @6726 {TXH:381 NAME:valid_sb VALUE:0   RADIX:UVM_HEX BITS=1}
  SET_ATTR @6726 {TXH:381 NAME:transaction_id VALUE:330   RADIX:UVM_DEC BITS=32}
END @6726 {TXH:381 TIME=0}
FREE @6726 {TXH:381}
BEGIN @6726 {TXH:382 STREAM:6 NAME:req TIME=0  TYPE="Begin_End, Link" LABEL:"" DESC=""}
  LINK @6726 {TXH1:50 TXH2:382 RELATION=child}
  SET_ATTR @6746 {TXH:382 NAME:op_type VALUE:33603684309229924   RADIX:UVM_STRING BITS=56}
  SET_ATTR @6746 {TXH:382 NAME:addr VALUE:68   RADIX:UVM_HEX BITS=32}
  SET_ATTR @6746 {TXH:382 NAME:din VALUE:164   RADIX:UVM_HEX BITS=8}
  SET_ATTR @6746 {TXH:382 NAME:dout VALUE:66   RADIX:UVM_HEX BITS=8}
  SET_ATTR @6746 {TXH:382 NAME:valid_sb VALUE:0   RADIX:UVM_HEX BITS=1}
  SET_ATTR @6746 {TXH:382 NAME:transaction_id VALUE:331   RADIX:UVM_DEC BITS=32}
END @6746 {TXH:382 TIME=0}
FREE @6746 {TXH:382}
BEGIN @6746 {TXH:383 STREAM:6 NAME:req TIME=0  TYPE="Begin_End, Link" LABEL:"" DESC=""}
  LINK @6746 {TXH1:50 TXH2:383 RELATION=child}
  SET_ATTR @6766 {TXH:383 NAME:op_type VALUE:33603684309229924   RADIX:UVM_STRING BITS=56}
  SET_ATTR @6766 {TXH:383 NAME:addr VALUE:68   RADIX:UVM_HEX BITS=32}
  SET_ATTR @6766 {TXH:383 NAME:din VALUE:42   RADIX:UVM_HEX BITS=8}
  SET_ATTR @6766 {TXH:383 NAME:dout VALUE:66   RADIX:UVM_HEX BITS=8}
  SET_ATTR @6766 {TXH:383 NAME:valid_sb VALUE:0   RADIX:UVM_HEX BITS=1}
  SET_ATTR @6766 {TXH:383 NAME:transaction_id VALUE:332   RADIX:UVM_DEC BITS=32}
END @6766 {TXH:383 TIME=0}
FREE @6766 {TXH:383}
BEGIN @6766 {TXH:384 STREAM:6 NAME:req TIME=0  TYPE="Begin_End, Link" LABEL:"" DESC=""}
  LINK @6766 {TXH1:50 TXH2:384 RELATION=child}
  SET_ATTR @6786 {TXH:384 NAME:op_type VALUE:33603684309229924   RADIX:UVM_STRING BITS=56}
  SET_ATTR @6786 {TXH:384 NAME:addr VALUE:68   RADIX:UVM_HEX BITS=32}
  SET_ATTR @6786 {TXH:384 NAME:din VALUE:163   RADIX:UVM_HEX BITS=8}
  SET_ATTR @6786 {TXH:384 NAME:dout VALUE:66   RADIX:UVM_HEX BITS=8}
  SET_ATTR @6786 {TXH:384 NAME:valid_sb VALUE:0   RADIX:UVM_HEX BITS=1}
  SET_ATTR @6786 {TXH:384 NAME:transaction_id VALUE:333   RADIX:UVM_DEC BITS=32}
END @6786 {TXH:384 TIME=0}
FREE @6786 {TXH:384}
BEGIN @6786 {TXH:385 STREAM:6 NAME:req TIME=0  TYPE="Begin_End, Link" LABEL:"" DESC=""}
  LINK @6786 {TXH1:50 TXH2:385 RELATION=child}
  SET_ATTR @6806 {TXH:385 NAME:op_type VALUE:33603684309229924   RADIX:UVM_STRING BITS=56}
  SET_ATTR @6806 {TXH:385 NAME:addr VALUE:68   RADIX:UVM_HEX BITS=32}
  SET_ATTR @6806 {TXH:385 NAME:din VALUE:15   RADIX:UVM_HEX BITS=8}
  SET_ATTR @6806 {TXH:385 NAME:dout VALUE:66   RADIX:UVM_HEX BITS=8}
  SET_ATTR @6806 {TXH:385 NAME:valid_sb VALUE:0   RADIX:UVM_HEX BITS=1}
  SET_ATTR @6806 {TXH:385 NAME:transaction_id VALUE:334   RADIX:UVM_DEC BITS=32}
END @6806 {TXH:385 TIME=0}
FREE @6806 {TXH:385}
BEGIN @6806 {TXH:386 STREAM:6 NAME:req TIME=0  TYPE="Begin_End, Link" LABEL:"" DESC=""}
  LINK @6806 {TXH1:50 TXH2:386 RELATION=child}
  SET_ATTR @6826 {TXH:386 NAME:op_type VALUE:33603684309229924   RADIX:UVM_STRING BITS=56}
  SET_ATTR @6826 {TXH:386 NAME:addr VALUE:68   RADIX:UVM_HEX BITS=32}
  SET_ATTR @6826 {TXH:386 NAME:din VALUE:239   RADIX:UVM_HEX BITS=8}
  SET_ATTR @6826 {TXH:386 NAME:dout VALUE:66   RADIX:UVM_HEX BITS=8}
  SET_ATTR @6826 {TXH:386 NAME:valid_sb VALUE:0   RADIX:UVM_HEX BITS=1}
  SET_ATTR @6826 {TXH:386 NAME:transaction_id VALUE:335   RADIX:UVM_DEC BITS=32}
END @6826 {TXH:386 TIME=0}
FREE @6826 {TXH:386}
BEGIN @6826 {TXH:387 STREAM:6 NAME:req TIME=0  TYPE="Begin_End, Link" LABEL:"" DESC=""}
  LINK @6826 {TXH1:50 TXH2:387 RELATION=child}
  SET_ATTR @6846 {TXH:387 NAME:op_type VALUE:33603684309229924   RADIX:UVM_STRING BITS=56}
  SET_ATTR @6846 {TXH:387 NAME:addr VALUE:68   RADIX:UVM_HEX BITS=32}
  SET_ATTR @6846 {TXH:387 NAME:din VALUE:157   RADIX:UVM_HEX BITS=8}
  SET_ATTR @6846 {TXH:387 NAME:dout VALUE:66   RADIX:UVM_HEX BITS=8}
  SET_ATTR @6846 {TXH:387 NAME:valid_sb VALUE:0   RADIX:UVM_HEX BITS=1}
  SET_ATTR @6846 {TXH:387 NAME:transaction_id VALUE:336   RADIX:UVM_DEC BITS=32}
END @6846 {TXH:387 TIME=0}
FREE @6846 {TXH:387}
BEGIN @6846 {TXH:388 STREAM:6 NAME:req TIME=0  TYPE="Begin_End, Link" LABEL:"" DESC=""}
  LINK @6846 {TXH1:50 TXH2:388 RELATION=child}
  SET_ATTR @6866 {TXH:388 NAME:op_type VALUE:33603684309229924   RADIX:UVM_STRING BITS=56}
  SET_ATTR @6866 {TXH:388 NAME:addr VALUE:68   RADIX:UVM_HEX BITS=32}
  SET_ATTR @6866 {TXH:388 NAME:din VALUE:34   RADIX:UVM_HEX BITS=8}
  SET_ATTR @6866 {TXH:388 NAME:dout VALUE:66   RADIX:UVM_HEX BITS=8}
  SET_ATTR @6866 {TXH:388 NAME:valid_sb VALUE:0   RADIX:UVM_HEX BITS=1}
  SET_ATTR @6866 {TXH:388 NAME:transaction_id VALUE:337   RADIX:UVM_DEC BITS=32}
END @6866 {TXH:388 TIME=0}
FREE @6866 {TXH:388}
BEGIN @6866 {TXH:389 STREAM:6 NAME:req TIME=0  TYPE="Begin_End, Link" LABEL:"" DESC=""}
  LINK @6866 {TXH1:50 TXH2:389 RELATION=child}
  SET_ATTR @6886 {TXH:389 NAME:op_type VALUE:33603684309229924   RADIX:UVM_STRING BITS=56}
  SET_ATTR @6886 {TXH:389 NAME:addr VALUE:68   RADIX:UVM_HEX BITS=32}
  SET_ATTR @6886 {TXH:389 NAME:din VALUE:100   RADIX:UVM_HEX BITS=8}
  SET_ATTR @6886 {TXH:389 NAME:dout VALUE:66   RADIX:UVM_HEX BITS=8}
  SET_ATTR @6886 {TXH:389 NAME:valid_sb VALUE:0   RADIX:UVM_HEX BITS=1}
  SET_ATTR @6886 {TXH:389 NAME:transaction_id VALUE:338   RADIX:UVM_DEC BITS=32}
END @6886 {TXH:389 TIME=0}
FREE @6886 {TXH:389}
BEGIN @6886 {TXH:390 STREAM:6 NAME:req TIME=0  TYPE="Begin_End, Link" LABEL:"" DESC=""}
  LINK @6886 {TXH1:50 TXH2:390 RELATION=child}
  SET_ATTR @6906 {TXH:390 NAME:op_type VALUE:33603684309229924   RADIX:UVM_STRING BITS=56}
  SET_ATTR @6906 {TXH:390 NAME:addr VALUE:68   RADIX:UVM_HEX BITS=32}
  SET_ATTR @6906 {TXH:390 NAME:din VALUE:125   RADIX:UVM_HEX BITS=8}
  SET_ATTR @6906 {TXH:390 NAME:dout VALUE:66   RADIX:UVM_HEX BITS=8}
  SET_ATTR @6906 {TXH:390 NAME:valid_sb VALUE:0   RADIX:UVM_HEX BITS=1}
  SET_ATTR @6906 {TXH:390 NAME:transaction_id VALUE:339   RADIX:UVM_DEC BITS=32}
END @6906 {TXH:390 TIME=0}
FREE @6906 {TXH:390}
BEGIN @6906 {TXH:391 STREAM:6 NAME:req TIME=0  TYPE="Begin_End, Link" LABEL:"" DESC=""}
  LINK @6906 {TXH1:50 TXH2:391 RELATION=child}
  SET_ATTR @6926 {TXH:391 NAME:op_type VALUE:33603684309229924   RADIX:UVM_STRING BITS=56}
  SET_ATTR @6926 {TXH:391 NAME:addr VALUE:68   RADIX:UVM_HEX BITS=32}
  SET_ATTR @6926 {TXH:391 NAME:din VALUE:215   RADIX:UVM_HEX BITS=8}
  SET_ATTR @6926 {TXH:391 NAME:dout VALUE:66   RADIX:UVM_HEX BITS=8}
  SET_ATTR @6926 {TXH:391 NAME:valid_sb VALUE:0   RADIX:UVM_HEX BITS=1}
  SET_ATTR @6926 {TXH:391 NAME:transaction_id VALUE:340   RADIX:UVM_DEC BITS=32}
END @6926 {TXH:391 TIME=0}
FREE @6926 {TXH:391}
BEGIN @6926 {TXH:392 STREAM:6 NAME:req TIME=0  TYPE="Begin_End, Link" LABEL:"" DESC=""}
  LINK @6926 {TXH1:50 TXH2:392 RELATION=child}
  SET_ATTR @6946 {TXH:392 NAME:op_type VALUE:33603684309229924   RADIX:UVM_STRING BITS=56}
  SET_ATTR @6946 {TXH:392 NAME:addr VALUE:68   RADIX:UVM_HEX BITS=32}
  SET_ATTR @6946 {TXH:392 NAME:din VALUE:151   RADIX:UVM_HEX BITS=8}
  SET_ATTR @6946 {TXH:392 NAME:dout VALUE:66   RADIX:UVM_HEX BITS=8}
  SET_ATTR @6946 {TXH:392 NAME:valid_sb VALUE:0   RADIX:UVM_HEX BITS=1}
  SET_ATTR @6946 {TXH:392 NAME:transaction_id VALUE:341   RADIX:UVM_DEC BITS=32}
END @6946 {TXH:392 TIME=0}
FREE @6946 {TXH:392}
BEGIN @6946 {TXH:393 STREAM:6 NAME:req TIME=0  TYPE="Begin_End, Link" LABEL:"" DESC=""}
  LINK @6946 {TXH1:50 TXH2:393 RELATION=child}
  SET_ATTR @6966 {TXH:393 NAME:op_type VALUE:33603684309229924   RADIX:UVM_STRING BITS=56}
  SET_ATTR @6966 {TXH:393 NAME:addr VALUE:68   RADIX:UVM_HEX BITS=32}
  SET_ATTR @6966 {TXH:393 NAME:din VALUE:215   RADIX:UVM_HEX BITS=8}
  SET_ATTR @6966 {TXH:393 NAME:dout VALUE:66   RADIX:UVM_HEX BITS=8}
  SET_ATTR @6966 {TXH:393 NAME:valid_sb VALUE:0   RADIX:UVM_HEX BITS=1}
  SET_ATTR @6966 {TXH:393 NAME:transaction_id VALUE:342   RADIX:UVM_DEC BITS=32}
END @6966 {TXH:393 TIME=0}
FREE @6966 {TXH:393}
BEGIN @6966 {TXH:394 STREAM:6 NAME:req TIME=0  TYPE="Begin_End, Link" LABEL:"" DESC=""}
  LINK @6966 {TXH1:50 TXH2:394 RELATION=child}
  SET_ATTR @6986 {TXH:394 NAME:op_type VALUE:33603684309229924   RADIX:UVM_STRING BITS=56}
  SET_ATTR @6986 {TXH:394 NAME:addr VALUE:68   RADIX:UVM_HEX BITS=32}
  SET_ATTR @6986 {TXH:394 NAME:din VALUE:4   RADIX:UVM_HEX BITS=8}
  SET_ATTR @6986 {TXH:394 NAME:dout VALUE:66   RADIX:UVM_HEX BITS=8}
  SET_ATTR @6986 {TXH:394 NAME:valid_sb VALUE:0   RADIX:UVM_HEX BITS=1}
  SET_ATTR @6986 {TXH:394 NAME:transaction_id VALUE:343   RADIX:UVM_DEC BITS=32}
END @6986 {TXH:394 TIME=0}
FREE @6986 {TXH:394}
BEGIN @6986 {TXH:395 STREAM:6 NAME:req TIME=0  TYPE="Begin_End, Link" LABEL:"" DESC=""}
  LINK @6986 {TXH1:50 TXH2:395 RELATION=child}
  SET_ATTR @7006 {TXH:395 NAME:op_type VALUE:33603684309229924   RADIX:UVM_STRING BITS=56}
  SET_ATTR @7006 {TXH:395 NAME:addr VALUE:68   RADIX:UVM_HEX BITS=32}
  SET_ATTR @7006 {TXH:395 NAME:din VALUE:48   RADIX:UVM_HEX BITS=8}
  SET_ATTR @7006 {TXH:395 NAME:dout VALUE:66   RADIX:UVM_HEX BITS=8}
  SET_ATTR @7006 {TXH:395 NAME:valid_sb VALUE:0   RADIX:UVM_HEX BITS=1}
  SET_ATTR @7006 {TXH:395 NAME:transaction_id VALUE:344   RADIX:UVM_DEC BITS=32}
END @7006 {TXH:395 TIME=0}
FREE @7006 {TXH:395}
BEGIN @7006 {TXH:396 STREAM:6 NAME:req TIME=0  TYPE="Begin_End, Link" LABEL:"" DESC=""}
  LINK @7006 {TXH1:50 TXH2:396 RELATION=child}
  SET_ATTR @7026 {TXH:396 NAME:op_type VALUE:33603684309229924   RADIX:UVM_STRING BITS=56}
  SET_ATTR @7026 {TXH:396 NAME:addr VALUE:68   RADIX:UVM_HEX BITS=32}
  SET_ATTR @7026 {TXH:396 NAME:din VALUE:101   RADIX:UVM_HEX BITS=8}
  SET_ATTR @7026 {TXH:396 NAME:dout VALUE:66   RADIX:UVM_HEX BITS=8}
  SET_ATTR @7026 {TXH:396 NAME:valid_sb VALUE:0   RADIX:UVM_HEX BITS=1}
  SET_ATTR @7026 {TXH:396 NAME:transaction_id VALUE:345   RADIX:UVM_DEC BITS=32}
END @7026 {TXH:396 TIME=0}
FREE @7026 {TXH:396}
BEGIN @7026 {TXH:397 STREAM:6 NAME:req TIME=0  TYPE="Begin_End, Link" LABEL:"" DESC=""}
  LINK @7026 {TXH1:50 TXH2:397 RELATION=child}
  SET_ATTR @7046 {TXH:397 NAME:op_type VALUE:33603684309229924   RADIX:UVM_STRING BITS=56}
  SET_ATTR @7046 {TXH:397 NAME:addr VALUE:68   RADIX:UVM_HEX BITS=32}
  SET_ATTR @7046 {TXH:397 NAME:din VALUE:63   RADIX:UVM_HEX BITS=8}
  SET_ATTR @7046 {TXH:397 NAME:dout VALUE:66   RADIX:UVM_HEX BITS=8}
  SET_ATTR @7046 {TXH:397 NAME:valid_sb VALUE:0   RADIX:UVM_HEX BITS=1}
  SET_ATTR @7046 {TXH:397 NAME:transaction_id VALUE:346   RADIX:UVM_DEC BITS=32}
END @7046 {TXH:397 TIME=0}
FREE @7046 {TXH:397}
BEGIN @7046 {TXH:398 STREAM:6 NAME:req TIME=0  TYPE="Begin_End, Link" LABEL:"" DESC=""}
  LINK @7046 {TXH1:50 TXH2:398 RELATION=child}
  SET_ATTR @7066 {TXH:398 NAME:op_type VALUE:33603684309229924   RADIX:UVM_STRING BITS=56}
  SET_ATTR @7066 {TXH:398 NAME:addr VALUE:68   RADIX:UVM_HEX BITS=32}
  SET_ATTR @7066 {TXH:398 NAME:din VALUE:220   RADIX:UVM_HEX BITS=8}
  SET_ATTR @7066 {TXH:398 NAME:dout VALUE:66   RADIX:UVM_HEX BITS=8}
  SET_ATTR @7066 {TXH:398 NAME:valid_sb VALUE:0   RADIX:UVM_HEX BITS=1}
  SET_ATTR @7066 {TXH:398 NAME:transaction_id VALUE:347   RADIX:UVM_DEC BITS=32}
END @7066 {TXH:398 TIME=0}
FREE @7066 {TXH:398}
BEGIN @7066 {TXH:399 STREAM:6 NAME:req TIME=0  TYPE="Begin_End, Link" LABEL:"" DESC=""}
  LINK @7066 {TXH1:50 TXH2:399 RELATION=child}
  SET_ATTR @7086 {TXH:399 NAME:op_type VALUE:33603684309229924   RADIX:UVM_STRING BITS=56}
  SET_ATTR @7086 {TXH:399 NAME:addr VALUE:68   RADIX:UVM_HEX BITS=32}
  SET_ATTR @7086 {TXH:399 NAME:din VALUE:226   RADIX:UVM_HEX BITS=8}
  SET_ATTR @7086 {TXH:399 NAME:dout VALUE:66   RADIX:UVM_HEX BITS=8}
  SET_ATTR @7086 {TXH:399 NAME:valid_sb VALUE:0   RADIX:UVM_HEX BITS=1}
  SET_ATTR @7086 {TXH:399 NAME:transaction_id VALUE:348   RADIX:UVM_DEC BITS=32}
END @7086 {TXH:399 TIME=0}
FREE @7086 {TXH:399}
BEGIN @7086 {TXH:400 STREAM:6 NAME:req TIME=0  TYPE="Begin_End, Link" LABEL:"" DESC=""}
  LINK @7086 {TXH1:50 TXH2:400 RELATION=child}
  SET_ATTR @7106 {TXH:400 NAME:op_type VALUE:33603684309229924   RADIX:UVM_STRING BITS=56}
  SET_ATTR @7106 {TXH:400 NAME:addr VALUE:68   RADIX:UVM_HEX BITS=32}
  SET_ATTR @7106 {TXH:400 NAME:din VALUE:223   RADIX:UVM_HEX BITS=8}
  SET_ATTR @7106 {TXH:400 NAME:dout VALUE:66   RADIX:UVM_HEX BITS=8}
  SET_ATTR @7106 {TXH:400 NAME:valid_sb VALUE:0   RADIX:UVM_HEX BITS=1}
  SET_ATTR @7106 {TXH:400 NAME:transaction_id VALUE:349   RADIX:UVM_DEC BITS=32}
END @7106 {TXH:400 TIME=0}
FREE @7106 {TXH:400}
BEGIN @7106 {TXH:401 STREAM:6 NAME:req TIME=0  TYPE="Begin_End, Link" LABEL:"" DESC=""}
  LINK @7106 {TXH1:50 TXH2:401 RELATION=child}
  SET_ATTR @7126 {TXH:401 NAME:op_type VALUE:33603684309229924   RADIX:UVM_STRING BITS=56}
  SET_ATTR @7126 {TXH:401 NAME:addr VALUE:68   RADIX:UVM_HEX BITS=32}
  SET_ATTR @7126 {TXH:401 NAME:din VALUE:161   RADIX:UVM_HEX BITS=8}
  SET_ATTR @7126 {TXH:401 NAME:dout VALUE:66   RADIX:UVM_HEX BITS=8}
  SET_ATTR @7126 {TXH:401 NAME:valid_sb VALUE:0   RADIX:UVM_HEX BITS=1}
  SET_ATTR @7126 {TXH:401 NAME:transaction_id VALUE:350   RADIX:UVM_DEC BITS=32}
END @7126 {TXH:401 TIME=0}
FREE @7126 {TXH:401}
BEGIN @7126 {TXH:402 STREAM:6 NAME:req TIME=0  TYPE="Begin_End, Link" LABEL:"" DESC=""}
  LINK @7126 {TXH1:50 TXH2:402 RELATION=child}
  SET_ATTR @7146 {TXH:402 NAME:op_type VALUE:33603684309229924   RADIX:UVM_STRING BITS=56}
  SET_ATTR @7146 {TXH:402 NAME:addr VALUE:68   RADIX:UVM_HEX BITS=32}
  SET_ATTR @7146 {TXH:402 NAME:din VALUE:67   RADIX:UVM_HEX BITS=8}
  SET_ATTR @7146 {TXH:402 NAME:dout VALUE:66   RADIX:UVM_HEX BITS=8}
  SET_ATTR @7146 {TXH:402 NAME:valid_sb VALUE:0   RADIX:UVM_HEX BITS=1}
  SET_ATTR @7146 {TXH:402 NAME:transaction_id VALUE:351   RADIX:UVM_DEC BITS=32}
END @7146 {TXH:402 TIME=0}
FREE @7146 {TXH:402}
BEGIN @7146 {TXH:403 STREAM:6 NAME:req TIME=0  TYPE="Begin_End, Link" LABEL:"" DESC=""}
  LINK @7146 {TXH1:50 TXH2:403 RELATION=child}
  SET_ATTR @7166 {TXH:403 NAME:op_type VALUE:33603684309229924   RADIX:UVM_STRING BITS=56}
  SET_ATTR @7166 {TXH:403 NAME:addr VALUE:68   RADIX:UVM_HEX BITS=32}
  SET_ATTR @7166 {TXH:403 NAME:din VALUE:70   RADIX:UVM_HEX BITS=8}
  SET_ATTR @7166 {TXH:403 NAME:dout VALUE:66   RADIX:UVM_HEX BITS=8}
  SET_ATTR @7166 {TXH:403 NAME:valid_sb VALUE:0   RADIX:UVM_HEX BITS=1}
  SET_ATTR @7166 {TXH:403 NAME:transaction_id VALUE:352   RADIX:UVM_DEC BITS=32}
END @7166 {TXH:403 TIME=0}
FREE @7166 {TXH:403}
BEGIN @7166 {TXH:404 STREAM:6 NAME:req TIME=0  TYPE="Begin_End, Link" LABEL:"" DESC=""}
  LINK @7166 {TXH1:50 TXH2:404 RELATION=child}
  SET_ATTR @7186 {TXH:404 NAME:op_type VALUE:33603684309229924   RADIX:UVM_STRING BITS=56}
  SET_ATTR @7186 {TXH:404 NAME:addr VALUE:68   RADIX:UVM_HEX BITS=32}
  SET_ATTR @7186 {TXH:404 NAME:din VALUE:23   RADIX:UVM_HEX BITS=8}
  SET_ATTR @7186 {TXH:404 NAME:dout VALUE:66   RADIX:UVM_HEX BITS=8}
  SET_ATTR @7186 {TXH:404 NAME:valid_sb VALUE:0   RADIX:UVM_HEX BITS=1}
  SET_ATTR @7186 {TXH:404 NAME:transaction_id VALUE:353   RADIX:UVM_DEC BITS=32}
END @7186 {TXH:404 TIME=0}
FREE @7186 {TXH:404}
BEGIN @7186 {TXH:405 STREAM:6 NAME:req TIME=0  TYPE="Begin_End, Link" LABEL:"" DESC=""}
  LINK @7186 {TXH1:50 TXH2:405 RELATION=child}
  SET_ATTR @7206 {TXH:405 NAME:op_type VALUE:33603684309229924   RADIX:UVM_STRING BITS=56}
  SET_ATTR @7206 {TXH:405 NAME:addr VALUE:68   RADIX:UVM_HEX BITS=32}
  SET_ATTR @7206 {TXH:405 NAME:din VALUE:217   RADIX:UVM_HEX BITS=8}
  SET_ATTR @7206 {TXH:405 NAME:dout VALUE:66   RADIX:UVM_HEX BITS=8}
  SET_ATTR @7206 {TXH:405 NAME:valid_sb VALUE:0   RADIX:UVM_HEX BITS=1}
  SET_ATTR @7206 {TXH:405 NAME:transaction_id VALUE:354   RADIX:UVM_DEC BITS=32}
END @7206 {TXH:405 TIME=0}
FREE @7206 {TXH:405}
BEGIN @7206 {TXH:406 STREAM:6 NAME:req TIME=0  TYPE="Begin_End, Link" LABEL:"" DESC=""}
  LINK @7206 {TXH1:50 TXH2:406 RELATION=child}
  SET_ATTR @7226 {TXH:406 NAME:op_type VALUE:33603684309229924   RADIX:UVM_STRING BITS=56}
  SET_ATTR @7226 {TXH:406 NAME:addr VALUE:68   RADIX:UVM_HEX BITS=32}
  SET_ATTR @7226 {TXH:406 NAME:din VALUE:57   RADIX:UVM_HEX BITS=8}
  SET_ATTR @7226 {TXH:406 NAME:dout VALUE:66   RADIX:UVM_HEX BITS=8}
  SET_ATTR @7226 {TXH:406 NAME:valid_sb VALUE:0   RADIX:UVM_HEX BITS=1}
  SET_ATTR @7226 {TXH:406 NAME:transaction_id VALUE:355   RADIX:UVM_DEC BITS=32}
END @7226 {TXH:406 TIME=0}
FREE @7226 {TXH:406}
BEGIN @7226 {TXH:407 STREAM:6 NAME:req TIME=0  TYPE="Begin_End, Link" LABEL:"" DESC=""}
  LINK @7226 {TXH1:50 TXH2:407 RELATION=child}
  SET_ATTR @7246 {TXH:407 NAME:op_type VALUE:33603684309229924   RADIX:UVM_STRING BITS=56}
  SET_ATTR @7246 {TXH:407 NAME:addr VALUE:68   RADIX:UVM_HEX BITS=32}
  SET_ATTR @7246 {TXH:407 NAME:din VALUE:57   RADIX:UVM_HEX BITS=8}
  SET_ATTR @7246 {TXH:407 NAME:dout VALUE:66   RADIX:UVM_HEX BITS=8}
  SET_ATTR @7246 {TXH:407 NAME:valid_sb VALUE:0   RADIX:UVM_HEX BITS=1}
  SET_ATTR @7246 {TXH:407 NAME:transaction_id VALUE:356   RADIX:UVM_DEC BITS=32}
END @7246 {TXH:407 TIME=0}
FREE @7246 {TXH:407}
BEGIN @7246 {TXH:408 STREAM:6 NAME:req TIME=0  TYPE="Begin_End, Link" LABEL:"" DESC=""}
  LINK @7246 {TXH1:50 TXH2:408 RELATION=child}
  SET_ATTR @7266 {TXH:408 NAME:op_type VALUE:33603684309229924   RADIX:UVM_STRING BITS=56}
  SET_ATTR @7266 {TXH:408 NAME:addr VALUE:68   RADIX:UVM_HEX BITS=32}
  SET_ATTR @7266 {TXH:408 NAME:din VALUE:154   RADIX:UVM_HEX BITS=8}
  SET_ATTR @7266 {TXH:408 NAME:dout VALUE:66   RADIX:UVM_HEX BITS=8}
  SET_ATTR @7266 {TXH:408 NAME:valid_sb VALUE:0   RADIX:UVM_HEX BITS=1}
  SET_ATTR @7266 {TXH:408 NAME:transaction_id VALUE:357   RADIX:UVM_DEC BITS=32}
END @7266 {TXH:408 TIME=0}
FREE @7266 {TXH:408}
BEGIN @7266 {TXH:409 STREAM:6 NAME:req TIME=0  TYPE="Begin_End, Link" LABEL:"" DESC=""}
  LINK @7266 {TXH1:50 TXH2:409 RELATION=child}
  SET_ATTR @7286 {TXH:409 NAME:op_type VALUE:33603684309229924   RADIX:UVM_STRING BITS=56}
  SET_ATTR @7286 {TXH:409 NAME:addr VALUE:68   RADIX:UVM_HEX BITS=32}
  SET_ATTR @7286 {TXH:409 NAME:din VALUE:124   RADIX:UVM_HEX BITS=8}
  SET_ATTR @7286 {TXH:409 NAME:dout VALUE:66   RADIX:UVM_HEX BITS=8}
  SET_ATTR @7286 {TXH:409 NAME:valid_sb VALUE:0   RADIX:UVM_HEX BITS=1}
  SET_ATTR @7286 {TXH:409 NAME:transaction_id VALUE:358   RADIX:UVM_DEC BITS=32}
END @7286 {TXH:409 TIME=0}
FREE @7286 {TXH:409}
BEGIN @7286 {TXH:410 STREAM:6 NAME:req TIME=0  TYPE="Begin_End, Link" LABEL:"" DESC=""}
  LINK @7286 {TXH1:50 TXH2:410 RELATION=child}
  SET_ATTR @7306 {TXH:410 NAME:op_type VALUE:33603684309229924   RADIX:UVM_STRING BITS=56}
  SET_ATTR @7306 {TXH:410 NAME:addr VALUE:68   RADIX:UVM_HEX BITS=32}
  SET_ATTR @7306 {TXH:410 NAME:din VALUE:18   RADIX:UVM_HEX BITS=8}
  SET_ATTR @7306 {TXH:410 NAME:dout VALUE:66   RADIX:UVM_HEX BITS=8}
  SET_ATTR @7306 {TXH:410 NAME:valid_sb VALUE:0   RADIX:UVM_HEX BITS=1}
  SET_ATTR @7306 {TXH:410 NAME:transaction_id VALUE:359   RADIX:UVM_DEC BITS=32}
END @7306 {TXH:410 TIME=0}
FREE @7306 {TXH:410}
BEGIN @7306 {TXH:411 STREAM:6 NAME:req TIME=0  TYPE="Begin_End, Link" LABEL:"" DESC=""}
  LINK @7306 {TXH1:50 TXH2:411 RELATION=child}
  SET_ATTR @7326 {TXH:411 NAME:op_type VALUE:33603684309229924   RADIX:UVM_STRING BITS=56}
  SET_ATTR @7326 {TXH:411 NAME:addr VALUE:68   RADIX:UVM_HEX BITS=32}
  SET_ATTR @7326 {TXH:411 NAME:din VALUE:73   RADIX:UVM_HEX BITS=8}
  SET_ATTR @7326 {TXH:411 NAME:dout VALUE:66   RADIX:UVM_HEX BITS=8}
  SET_ATTR @7326 {TXH:411 NAME:valid_sb VALUE:0   RADIX:UVM_HEX BITS=1}
  SET_ATTR @7326 {TXH:411 NAME:transaction_id VALUE:360   RADIX:UVM_DEC BITS=32}
END @7326 {TXH:411 TIME=0}
FREE @7326 {TXH:411}
BEGIN @7326 {TXH:412 STREAM:6 NAME:req TIME=0  TYPE="Begin_End, Link" LABEL:"" DESC=""}
  LINK @7326 {TXH1:50 TXH2:412 RELATION=child}
  SET_ATTR @7346 {TXH:412 NAME:op_type VALUE:33603684309229924   RADIX:UVM_STRING BITS=56}
  SET_ATTR @7346 {TXH:412 NAME:addr VALUE:68   RADIX:UVM_HEX BITS=32}
  SET_ATTR @7346 {TXH:412 NAME:din VALUE:176   RADIX:UVM_HEX BITS=8}
  SET_ATTR @7346 {TXH:412 NAME:dout VALUE:66   RADIX:UVM_HEX BITS=8}
  SET_ATTR @7346 {TXH:412 NAME:valid_sb VALUE:0   RADIX:UVM_HEX BITS=1}
  SET_ATTR @7346 {TXH:412 NAME:transaction_id VALUE:361   RADIX:UVM_DEC BITS=32}
END @7346 {TXH:412 TIME=0}
FREE @7346 {TXH:412}
BEGIN @7346 {TXH:413 STREAM:6 NAME:req TIME=0  TYPE="Begin_End, Link" LABEL:"" DESC=""}
  LINK @7346 {TXH1:50 TXH2:413 RELATION=child}
  SET_ATTR @7366 {TXH:413 NAME:op_type VALUE:33603684309229924   RADIX:UVM_STRING BITS=56}
  SET_ATTR @7366 {TXH:413 NAME:addr VALUE:68   RADIX:UVM_HEX BITS=32}
  SET_ATTR @7366 {TXH:413 NAME:din VALUE:108   RADIX:UVM_HEX BITS=8}
  SET_ATTR @7366 {TXH:413 NAME:dout VALUE:66   RADIX:UVM_HEX BITS=8}
  SET_ATTR @7366 {TXH:413 NAME:valid_sb VALUE:0   RADIX:UVM_HEX BITS=1}
  SET_ATTR @7366 {TXH:413 NAME:transaction_id VALUE:362   RADIX:UVM_DEC BITS=32}
END @7366 {TXH:413 TIME=0}
FREE @7366 {TXH:413}
BEGIN @7366 {TXH:414 STREAM:6 NAME:req TIME=0  TYPE="Begin_End, Link" LABEL:"" DESC=""}
  LINK @7366 {TXH1:50 TXH2:414 RELATION=child}
  SET_ATTR @7386 {TXH:414 NAME:op_type VALUE:33603684309229924   RADIX:UVM_STRING BITS=56}
  SET_ATTR @7386 {TXH:414 NAME:addr VALUE:68   RADIX:UVM_HEX BITS=32}
  SET_ATTR @7386 {TXH:414 NAME:din VALUE:190   RADIX:UVM_HEX BITS=8}
  SET_ATTR @7386 {TXH:414 NAME:dout VALUE:66   RADIX:UVM_HEX BITS=8}
  SET_ATTR @7386 {TXH:414 NAME:valid_sb VALUE:0   RADIX:UVM_HEX BITS=1}
  SET_ATTR @7386 {TXH:414 NAME:transaction_id VALUE:363   RADIX:UVM_DEC BITS=32}
END @7386 {TXH:414 TIME=0}
FREE @7386 {TXH:414}
BEGIN @7386 {TXH:415 STREAM:6 NAME:req TIME=0  TYPE="Begin_End, Link" LABEL:"" DESC=""}
  LINK @7386 {TXH1:50 TXH2:415 RELATION=child}
  SET_ATTR @7406 {TXH:415 NAME:op_type VALUE:33603684309229924   RADIX:UVM_STRING BITS=56}
  SET_ATTR @7406 {TXH:415 NAME:addr VALUE:68   RADIX:UVM_HEX BITS=32}
  SET_ATTR @7406 {TXH:415 NAME:din VALUE:211   RADIX:UVM_HEX BITS=8}
  SET_ATTR @7406 {TXH:415 NAME:dout VALUE:66   RADIX:UVM_HEX BITS=8}
  SET_ATTR @7406 {TXH:415 NAME:valid_sb VALUE:0   RADIX:UVM_HEX BITS=1}
  SET_ATTR @7406 {TXH:415 NAME:transaction_id VALUE:364   RADIX:UVM_DEC BITS=32}
END @7406 {TXH:415 TIME=0}
FREE @7406 {TXH:415}
BEGIN @7406 {TXH:416 STREAM:6 NAME:req TIME=0  TYPE="Begin_End, Link" LABEL:"" DESC=""}
  LINK @7406 {TXH1:50 TXH2:416 RELATION=child}
  SET_ATTR @7426 {TXH:416 NAME:op_type VALUE:33603684309229924   RADIX:UVM_STRING BITS=56}
  SET_ATTR @7426 {TXH:416 NAME:addr VALUE:68   RADIX:UVM_HEX BITS=32}
  SET_ATTR @7426 {TXH:416 NAME:din VALUE:223   RADIX:UVM_HEX BITS=8}
  SET_ATTR @7426 {TXH:416 NAME:dout VALUE:66   RADIX:UVM_HEX BITS=8}
  SET_ATTR @7426 {TXH:416 NAME:valid_sb VALUE:0   RADIX:UVM_HEX BITS=1}
  SET_ATTR @7426 {TXH:416 NAME:transaction_id VALUE:365   RADIX:UVM_DEC BITS=32}
END @7426 {TXH:416 TIME=0}
FREE @7426 {TXH:416}
BEGIN @7426 {TXH:417 STREAM:6 NAME:req TIME=0  TYPE="Begin_End, Link" LABEL:"" DESC=""}
  LINK @7426 {TXH1:50 TXH2:417 RELATION=child}
  SET_ATTR @7446 {TXH:417 NAME:op_type VALUE:33603684309229924   RADIX:UVM_STRING BITS=56}
  SET_ATTR @7446 {TXH:417 NAME:addr VALUE:68   RADIX:UVM_HEX BITS=32}
  SET_ATTR @7446 {TXH:417 NAME:din VALUE:20   RADIX:UVM_HEX BITS=8}
  SET_ATTR @7446 {TXH:417 NAME:dout VALUE:66   RADIX:UVM_HEX BITS=8}
  SET_ATTR @7446 {TXH:417 NAME:valid_sb VALUE:0   RADIX:UVM_HEX BITS=1}
  SET_ATTR @7446 {TXH:417 NAME:transaction_id VALUE:366   RADIX:UVM_DEC BITS=32}
END @7446 {TXH:417 TIME=0}
FREE @7446 {TXH:417}
BEGIN @7446 {TXH:418 STREAM:6 NAME:req TIME=0  TYPE="Begin_End, Link" LABEL:"" DESC=""}
  LINK @7446 {TXH1:50 TXH2:418 RELATION=child}
  SET_ATTR @7466 {TXH:418 NAME:op_type VALUE:33603684309229924   RADIX:UVM_STRING BITS=56}
  SET_ATTR @7466 {TXH:418 NAME:addr VALUE:68   RADIX:UVM_HEX BITS=32}
  SET_ATTR @7466 {TXH:418 NAME:din VALUE:82   RADIX:UVM_HEX BITS=8}
  SET_ATTR @7466 {TXH:418 NAME:dout VALUE:66   RADIX:UVM_HEX BITS=8}
  SET_ATTR @7466 {TXH:418 NAME:valid_sb VALUE:0   RADIX:UVM_HEX BITS=1}
  SET_ATTR @7466 {TXH:418 NAME:transaction_id VALUE:367   RADIX:UVM_DEC BITS=32}
END @7466 {TXH:418 TIME=0}
FREE @7466 {TXH:418}
BEGIN @7466 {TXH:419 STREAM:6 NAME:req TIME=0  TYPE="Begin_End, Link" LABEL:"" DESC=""}
  LINK @7466 {TXH1:50 TXH2:419 RELATION=child}
  SET_ATTR @7486 {TXH:419 NAME:op_type VALUE:33603684309229924   RADIX:UVM_STRING BITS=56}
  SET_ATTR @7486 {TXH:419 NAME:addr VALUE:68   RADIX:UVM_HEX BITS=32}
  SET_ATTR @7486 {TXH:419 NAME:din VALUE:240   RADIX:UVM_HEX BITS=8}
  SET_ATTR @7486 {TXH:419 NAME:dout VALUE:66   RADIX:UVM_HEX BITS=8}
  SET_ATTR @7486 {TXH:419 NAME:valid_sb VALUE:0   RADIX:UVM_HEX BITS=1}
  SET_ATTR @7486 {TXH:419 NAME:transaction_id VALUE:368   RADIX:UVM_DEC BITS=32}
END @7486 {TXH:419 TIME=0}
FREE @7486 {TXH:419}
BEGIN @7486 {TXH:420 STREAM:6 NAME:req TIME=0  TYPE="Begin_End, Link" LABEL:"" DESC=""}
  LINK @7486 {TXH1:50 TXH2:420 RELATION=child}
  SET_ATTR @7506 {TXH:420 NAME:op_type VALUE:33603684309229924   RADIX:UVM_STRING BITS=56}
  SET_ATTR @7506 {TXH:420 NAME:addr VALUE:68   RADIX:UVM_HEX BITS=32}
  SET_ATTR @7506 {TXH:420 NAME:din VALUE:52   RADIX:UVM_HEX BITS=8}
  SET_ATTR @7506 {TXH:420 NAME:dout VALUE:66   RADIX:UVM_HEX BITS=8}
  SET_ATTR @7506 {TXH:420 NAME:valid_sb VALUE:0   RADIX:UVM_HEX BITS=1}
  SET_ATTR @7506 {TXH:420 NAME:transaction_id VALUE:369   RADIX:UVM_DEC BITS=32}
END @7506 {TXH:420 TIME=0}
FREE @7506 {TXH:420}
BEGIN @7506 {TXH:421 STREAM:6 NAME:req TIME=0  TYPE="Begin_End, Link" LABEL:"" DESC=""}
  LINK @7506 {TXH1:50 TXH2:421 RELATION=child}
  SET_ATTR @7526 {TXH:421 NAME:op_type VALUE:33603684309229924   RADIX:UVM_STRING BITS=56}
  SET_ATTR @7526 {TXH:421 NAME:addr VALUE:68   RADIX:UVM_HEX BITS=32}
  SET_ATTR @7526 {TXH:421 NAME:din VALUE:21   RADIX:UVM_HEX BITS=8}
  SET_ATTR @7526 {TXH:421 NAME:dout VALUE:66   RADIX:UVM_HEX BITS=8}
  SET_ATTR @7526 {TXH:421 NAME:valid_sb VALUE:0   RADIX:UVM_HEX BITS=1}
  SET_ATTR @7526 {TXH:421 NAME:transaction_id VALUE:370   RADIX:UVM_DEC BITS=32}
END @7526 {TXH:421 TIME=0}
FREE @7526 {TXH:421}
BEGIN @7526 {TXH:422 STREAM:6 NAME:req TIME=0  TYPE="Begin_End, Link" LABEL:"" DESC=""}
  LINK @7526 {TXH1:50 TXH2:422 RELATION=child}
  SET_ATTR @7546 {TXH:422 NAME:op_type VALUE:33603684309229924   RADIX:UVM_STRING BITS=56}
  SET_ATTR @7546 {TXH:422 NAME:addr VALUE:68   RADIX:UVM_HEX BITS=32}
  SET_ATTR @7546 {TXH:422 NAME:din VALUE:27   RADIX:UVM_HEX BITS=8}
  SET_ATTR @7546 {TXH:422 NAME:dout VALUE:66   RADIX:UVM_HEX BITS=8}
  SET_ATTR @7546 {TXH:422 NAME:valid_sb VALUE:0   RADIX:UVM_HEX BITS=1}
  SET_ATTR @7546 {TXH:422 NAME:transaction_id VALUE:371   RADIX:UVM_DEC BITS=32}
END @7546 {TXH:422 TIME=0}
FREE @7546 {TXH:422}
BEGIN @7546 {TXH:423 STREAM:6 NAME:req TIME=0  TYPE="Begin_End, Link" LABEL:"" DESC=""}
  LINK @7546 {TXH1:50 TXH2:423 RELATION=child}
  SET_ATTR @7566 {TXH:423 NAME:op_type VALUE:33603684309229924   RADIX:UVM_STRING BITS=56}
  SET_ATTR @7566 {TXH:423 NAME:addr VALUE:68   RADIX:UVM_HEX BITS=32}
  SET_ATTR @7566 {TXH:423 NAME:din VALUE:241   RADIX:UVM_HEX BITS=8}
  SET_ATTR @7566 {TXH:423 NAME:dout VALUE:66   RADIX:UVM_HEX BITS=8}
  SET_ATTR @7566 {TXH:423 NAME:valid_sb VALUE:0   RADIX:UVM_HEX BITS=1}
  SET_ATTR @7566 {TXH:423 NAME:transaction_id VALUE:372   RADIX:UVM_DEC BITS=32}
END @7566 {TXH:423 TIME=0}
FREE @7566 {TXH:423}
BEGIN @7566 {TXH:424 STREAM:6 NAME:req TIME=0  TYPE="Begin_End, Link" LABEL:"" DESC=""}
  LINK @7566 {TXH1:50 TXH2:424 RELATION=child}
  SET_ATTR @7586 {TXH:424 NAME:op_type VALUE:33603684309229924   RADIX:UVM_STRING BITS=56}
  SET_ATTR @7586 {TXH:424 NAME:addr VALUE:68   RADIX:UVM_HEX BITS=32}
  SET_ATTR @7586 {TXH:424 NAME:din VALUE:207   RADIX:UVM_HEX BITS=8}
  SET_ATTR @7586 {TXH:424 NAME:dout VALUE:66   RADIX:UVM_HEX BITS=8}
  SET_ATTR @7586 {TXH:424 NAME:valid_sb VALUE:0   RADIX:UVM_HEX BITS=1}
  SET_ATTR @7586 {TXH:424 NAME:transaction_id VALUE:373   RADIX:UVM_DEC BITS=32}
END @7586 {TXH:424 TIME=0}
FREE @7586 {TXH:424}
BEGIN @7586 {TXH:425 STREAM:6 NAME:req TIME=0  TYPE="Begin_End, Link" LABEL:"" DESC=""}
  LINK @7586 {TXH1:50 TXH2:425 RELATION=child}
  SET_ATTR @7606 {TXH:425 NAME:op_type VALUE:33603684309229924   RADIX:UVM_STRING BITS=56}
  SET_ATTR @7606 {TXH:425 NAME:addr VALUE:68   RADIX:UVM_HEX BITS=32}
  SET_ATTR @7606 {TXH:425 NAME:din VALUE:235   RADIX:UVM_HEX BITS=8}
  SET_ATTR @7606 {TXH:425 NAME:dout VALUE:66   RADIX:UVM_HEX BITS=8}
  SET_ATTR @7606 {TXH:425 NAME:valid_sb VALUE:0   RADIX:UVM_HEX BITS=1}
  SET_ATTR @7606 {TXH:425 NAME:transaction_id VALUE:374   RADIX:UVM_DEC BITS=32}
END @7606 {TXH:425 TIME=0}
FREE @7606 {TXH:425}
BEGIN @7606 {TXH:426 STREAM:6 NAME:req TIME=0  TYPE="Begin_End, Link" LABEL:"" DESC=""}
  LINK @7606 {TXH1:50 TXH2:426 RELATION=child}
  SET_ATTR @7626 {TXH:426 NAME:op_type VALUE:33603684309229924   RADIX:UVM_STRING BITS=56}
  SET_ATTR @7626 {TXH:426 NAME:addr VALUE:68   RADIX:UVM_HEX BITS=32}
  SET_ATTR @7626 {TXH:426 NAME:din VALUE:131   RADIX:UVM_HEX BITS=8}
  SET_ATTR @7626 {TXH:426 NAME:dout VALUE:66   RADIX:UVM_HEX BITS=8}
  SET_ATTR @7626 {TXH:426 NAME:valid_sb VALUE:0   RADIX:UVM_HEX BITS=1}
  SET_ATTR @7626 {TXH:426 NAME:transaction_id VALUE:375   RADIX:UVM_DEC BITS=32}
END @7626 {TXH:426 TIME=0}
FREE @7626 {TXH:426}
BEGIN @7626 {TXH:427 STREAM:6 NAME:req TIME=0  TYPE="Begin_End, Link" LABEL:"" DESC=""}
  LINK @7626 {TXH1:50 TXH2:427 RELATION=child}
  SET_ATTR @7646 {TXH:427 NAME:op_type VALUE:33603684309229924   RADIX:UVM_STRING BITS=56}
  SET_ATTR @7646 {TXH:427 NAME:addr VALUE:68   RADIX:UVM_HEX BITS=32}
  SET_ATTR @7646 {TXH:427 NAME:din VALUE:12   RADIX:UVM_HEX BITS=8}
  SET_ATTR @7646 {TXH:427 NAME:dout VALUE:66   RADIX:UVM_HEX BITS=8}
  SET_ATTR @7646 {TXH:427 NAME:valid_sb VALUE:0   RADIX:UVM_HEX BITS=1}
  SET_ATTR @7646 {TXH:427 NAME:transaction_id VALUE:376   RADIX:UVM_DEC BITS=32}
END @7646 {TXH:427 TIME=0}
FREE @7646 {TXH:427}
BEGIN @7646 {TXH:428 STREAM:6 NAME:req TIME=0  TYPE="Begin_End, Link" LABEL:"" DESC=""}
  LINK @7646 {TXH1:50 TXH2:428 RELATION=child}
  SET_ATTR @7666 {TXH:428 NAME:op_type VALUE:33603684309229924   RADIX:UVM_STRING BITS=56}
  SET_ATTR @7666 {TXH:428 NAME:addr VALUE:68   RADIX:UVM_HEX BITS=32}
  SET_ATTR @7666 {TXH:428 NAME:din VALUE:57   RADIX:UVM_HEX BITS=8}
  SET_ATTR @7666 {TXH:428 NAME:dout VALUE:66   RADIX:UVM_HEX BITS=8}
  SET_ATTR @7666 {TXH:428 NAME:valid_sb VALUE:0   RADIX:UVM_HEX BITS=1}
  SET_ATTR @7666 {TXH:428 NAME:transaction_id VALUE:377   RADIX:UVM_DEC BITS=32}
END @7666 {TXH:428 TIME=0}
FREE @7666 {TXH:428}
BEGIN @7666 {TXH:429 STREAM:6 NAME:req TIME=0  TYPE="Begin_End, Link" LABEL:"" DESC=""}
  LINK @7666 {TXH1:50 TXH2:429 RELATION=child}
  SET_ATTR @7686 {TXH:429 NAME:op_type VALUE:33603684309229924   RADIX:UVM_STRING BITS=56}
  SET_ATTR @7686 {TXH:429 NAME:addr VALUE:68   RADIX:UVM_HEX BITS=32}
  SET_ATTR @7686 {TXH:429 NAME:din VALUE:111   RADIX:UVM_HEX BITS=8}
  SET_ATTR @7686 {TXH:429 NAME:dout VALUE:66   RADIX:UVM_HEX BITS=8}
  SET_ATTR @7686 {TXH:429 NAME:valid_sb VALUE:0   RADIX:UVM_HEX BITS=1}
  SET_ATTR @7686 {TXH:429 NAME:transaction_id VALUE:378   RADIX:UVM_DEC BITS=32}
END @7686 {TXH:429 TIME=0}
FREE @7686 {TXH:429}
BEGIN @7686 {TXH:430 STREAM:6 NAME:req TIME=0  TYPE="Begin_End, Link" LABEL:"" DESC=""}
  LINK @7686 {TXH1:50 TXH2:430 RELATION=child}
  SET_ATTR @7706 {TXH:430 NAME:op_type VALUE:33603684309229924   RADIX:UVM_STRING BITS=56}
  SET_ATTR @7706 {TXH:430 NAME:addr VALUE:68   RADIX:UVM_HEX BITS=32}
  SET_ATTR @7706 {TXH:430 NAME:din VALUE:249   RADIX:UVM_HEX BITS=8}
  SET_ATTR @7706 {TXH:430 NAME:dout VALUE:66   RADIX:UVM_HEX BITS=8}
  SET_ATTR @7706 {TXH:430 NAME:valid_sb VALUE:0   RADIX:UVM_HEX BITS=1}
  SET_ATTR @7706 {TXH:430 NAME:transaction_id VALUE:379   RADIX:UVM_DEC BITS=32}
END @7706 {TXH:430 TIME=0}
FREE @7706 {TXH:430}
BEGIN @7706 {TXH:431 STREAM:6 NAME:req TIME=0  TYPE="Begin_End, Link" LABEL:"" DESC=""}
  LINK @7706 {TXH1:50 TXH2:431 RELATION=child}
  SET_ATTR @7726 {TXH:431 NAME:op_type VALUE:33603684309229924   RADIX:UVM_STRING BITS=56}
  SET_ATTR @7726 {TXH:431 NAME:addr VALUE:68   RADIX:UVM_HEX BITS=32}
  SET_ATTR @7726 {TXH:431 NAME:din VALUE:69   RADIX:UVM_HEX BITS=8}
  SET_ATTR @7726 {TXH:431 NAME:dout VALUE:66   RADIX:UVM_HEX BITS=8}
  SET_ATTR @7726 {TXH:431 NAME:valid_sb VALUE:0   RADIX:UVM_HEX BITS=1}
  SET_ATTR @7726 {TXH:431 NAME:transaction_id VALUE:380   RADIX:UVM_DEC BITS=32}
END @7726 {TXH:431 TIME=0}
FREE @7726 {TXH:431}
BEGIN @7726 {TXH:432 STREAM:6 NAME:req TIME=0  TYPE="Begin_End, Link" LABEL:"" DESC=""}
  LINK @7726 {TXH1:50 TXH2:432 RELATION=child}
  SET_ATTR @7746 {TXH:432 NAME:op_type VALUE:33603684309229924   RADIX:UVM_STRING BITS=56}
  SET_ATTR @7746 {TXH:432 NAME:addr VALUE:68   RADIX:UVM_HEX BITS=32}
  SET_ATTR @7746 {TXH:432 NAME:din VALUE:218   RADIX:UVM_HEX BITS=8}
  SET_ATTR @7746 {TXH:432 NAME:dout VALUE:66   RADIX:UVM_HEX BITS=8}
  SET_ATTR @7746 {TXH:432 NAME:valid_sb VALUE:0   RADIX:UVM_HEX BITS=1}
  SET_ATTR @7746 {TXH:432 NAME:transaction_id VALUE:381   RADIX:UVM_DEC BITS=32}
END @7746 {TXH:432 TIME=0}
FREE @7746 {TXH:432}
BEGIN @7746 {TXH:433 STREAM:6 NAME:req TIME=0  TYPE="Begin_End, Link" LABEL:"" DESC=""}
  LINK @7746 {TXH1:50 TXH2:433 RELATION=child}
  SET_ATTR @7766 {TXH:433 NAME:op_type VALUE:33603684309229924   RADIX:UVM_STRING BITS=56}
  SET_ATTR @7766 {TXH:433 NAME:addr VALUE:68   RADIX:UVM_HEX BITS=32}
  SET_ATTR @7766 {TXH:433 NAME:din VALUE:85   RADIX:UVM_HEX BITS=8}
  SET_ATTR @7766 {TXH:433 NAME:dout VALUE:66   RADIX:UVM_HEX BITS=8}
  SET_ATTR @7766 {TXH:433 NAME:valid_sb VALUE:0   RADIX:UVM_HEX BITS=1}
  SET_ATTR @7766 {TXH:433 NAME:transaction_id VALUE:382   RADIX:UVM_DEC BITS=32}
END @7766 {TXH:433 TIME=0}
FREE @7766 {TXH:433}
BEGIN @7766 {TXH:434 STREAM:6 NAME:req TIME=0  TYPE="Begin_End, Link" LABEL:"" DESC=""}
  LINK @7766 {TXH1:50 TXH2:434 RELATION=child}
  SET_ATTR @7786 {TXH:434 NAME:op_type VALUE:33603684309229924   RADIX:UVM_STRING BITS=56}
  SET_ATTR @7786 {TXH:434 NAME:addr VALUE:68   RADIX:UVM_HEX BITS=32}
  SET_ATTR @7786 {TXH:434 NAME:din VALUE:178   RADIX:UVM_HEX BITS=8}
  SET_ATTR @7786 {TXH:434 NAME:dout VALUE:66   RADIX:UVM_HEX BITS=8}
  SET_ATTR @7786 {TXH:434 NAME:valid_sb VALUE:0   RADIX:UVM_HEX BITS=1}
  SET_ATTR @7786 {TXH:434 NAME:transaction_id VALUE:383   RADIX:UVM_DEC BITS=32}
END @7786 {TXH:434 TIME=0}
FREE @7786 {TXH:434}
BEGIN @7786 {TXH:435 STREAM:6 NAME:req TIME=0  TYPE="Begin_End, Link" LABEL:"" DESC=""}
  LINK @7786 {TXH1:50 TXH2:435 RELATION=child}
  SET_ATTR @7806 {TXH:435 NAME:op_type VALUE:33603684309229924   RADIX:UVM_STRING BITS=56}
  SET_ATTR @7806 {TXH:435 NAME:addr VALUE:68   RADIX:UVM_HEX BITS=32}
  SET_ATTR @7806 {TXH:435 NAME:din VALUE:250   RADIX:UVM_HEX BITS=8}
  SET_ATTR @7806 {TXH:435 NAME:dout VALUE:66   RADIX:UVM_HEX BITS=8}
  SET_ATTR @7806 {TXH:435 NAME:valid_sb VALUE:0   RADIX:UVM_HEX BITS=1}
  SET_ATTR @7806 {TXH:435 NAME:transaction_id VALUE:384   RADIX:UVM_DEC BITS=32}
END @7806 {TXH:435 TIME=0}
FREE @7806 {TXH:435}
BEGIN @7806 {TXH:436 STREAM:6 NAME:req TIME=0  TYPE="Begin_End, Link" LABEL:"" DESC=""}
  LINK @7806 {TXH1:50 TXH2:436 RELATION=child}
  SET_ATTR @7826 {TXH:436 NAME:op_type VALUE:33603684309229924   RADIX:UVM_STRING BITS=56}
  SET_ATTR @7826 {TXH:436 NAME:addr VALUE:68   RADIX:UVM_HEX BITS=32}
  SET_ATTR @7826 {TXH:436 NAME:din VALUE:214   RADIX:UVM_HEX BITS=8}
  SET_ATTR @7826 {TXH:436 NAME:dout VALUE:66   RADIX:UVM_HEX BITS=8}
  SET_ATTR @7826 {TXH:436 NAME:valid_sb VALUE:0   RADIX:UVM_HEX BITS=1}
  SET_ATTR @7826 {TXH:436 NAME:transaction_id VALUE:385   RADIX:UVM_DEC BITS=32}
END @7826 {TXH:436 TIME=0}
FREE @7826 {TXH:436}
BEGIN @7826 {TXH:437 STREAM:6 NAME:req TIME=0  TYPE="Begin_End, Link" LABEL:"" DESC=""}
  LINK @7826 {TXH1:50 TXH2:437 RELATION=child}
  SET_ATTR @7846 {TXH:437 NAME:op_type VALUE:33603684309229924   RADIX:UVM_STRING BITS=56}
  SET_ATTR @7846 {TXH:437 NAME:addr VALUE:68   RADIX:UVM_HEX BITS=32}
  SET_ATTR @7846 {TXH:437 NAME:din VALUE:190   RADIX:UVM_HEX BITS=8}
  SET_ATTR @7846 {TXH:437 NAME:dout VALUE:66   RADIX:UVM_HEX BITS=8}
  SET_ATTR @7846 {TXH:437 NAME:valid_sb VALUE:0   RADIX:UVM_HEX BITS=1}
  SET_ATTR @7846 {TXH:437 NAME:transaction_id VALUE:386   RADIX:UVM_DEC BITS=32}
END @7846 {TXH:437 TIME=0}
FREE @7846 {TXH:437}
BEGIN @7846 {TXH:438 STREAM:6 NAME:req TIME=0  TYPE="Begin_End, Link" LABEL:"" DESC=""}
  LINK @7846 {TXH1:50 TXH2:438 RELATION=child}
  SET_ATTR @7866 {TXH:438 NAME:op_type VALUE:33603684309229924   RADIX:UVM_STRING BITS=56}
  SET_ATTR @7866 {TXH:438 NAME:addr VALUE:68   RADIX:UVM_HEX BITS=32}
  SET_ATTR @7866 {TXH:438 NAME:din VALUE:235   RADIX:UVM_HEX BITS=8}
  SET_ATTR @7866 {TXH:438 NAME:dout VALUE:66   RADIX:UVM_HEX BITS=8}
  SET_ATTR @7866 {TXH:438 NAME:valid_sb VALUE:0   RADIX:UVM_HEX BITS=1}
  SET_ATTR @7866 {TXH:438 NAME:transaction_id VALUE:387   RADIX:UVM_DEC BITS=32}
END @7866 {TXH:438 TIME=0}
FREE @7866 {TXH:438}
BEGIN @7866 {TXH:439 STREAM:6 NAME:req TIME=0  TYPE="Begin_End, Link" LABEL:"" DESC=""}
  LINK @7866 {TXH1:50 TXH2:439 RELATION=child}
  SET_ATTR @7886 {TXH:439 NAME:op_type VALUE:33603684309229924   RADIX:UVM_STRING BITS=56}
  SET_ATTR @7886 {TXH:439 NAME:addr VALUE:68   RADIX:UVM_HEX BITS=32}
  SET_ATTR @7886 {TXH:439 NAME:din VALUE:200   RADIX:UVM_HEX BITS=8}
  SET_ATTR @7886 {TXH:439 NAME:dout VALUE:66   RADIX:UVM_HEX BITS=8}
  SET_ATTR @7886 {TXH:439 NAME:valid_sb VALUE:0   RADIX:UVM_HEX BITS=1}
  SET_ATTR @7886 {TXH:439 NAME:transaction_id VALUE:388   RADIX:UVM_DEC BITS=32}
END @7886 {TXH:439 TIME=0}
FREE @7886 {TXH:439}
BEGIN @7886 {TXH:440 STREAM:6 NAME:req TIME=0  TYPE="Begin_End, Link" LABEL:"" DESC=""}
  LINK @7886 {TXH1:50 TXH2:440 RELATION=child}
  SET_ATTR @7906 {TXH:440 NAME:op_type VALUE:33603684309229924   RADIX:UVM_STRING BITS=56}
  SET_ATTR @7906 {TXH:440 NAME:addr VALUE:68   RADIX:UVM_HEX BITS=32}
  SET_ATTR @7906 {TXH:440 NAME:din VALUE:57   RADIX:UVM_HEX BITS=8}
  SET_ATTR @7906 {TXH:440 NAME:dout VALUE:66   RADIX:UVM_HEX BITS=8}
  SET_ATTR @7906 {TXH:440 NAME:valid_sb VALUE:0   RADIX:UVM_HEX BITS=1}
  SET_ATTR @7906 {TXH:440 NAME:transaction_id VALUE:389   RADIX:UVM_DEC BITS=32}
END @7906 {TXH:440 TIME=0}
FREE @7906 {TXH:440}
BEGIN @7906 {TXH:441 STREAM:6 NAME:req TIME=0  TYPE="Begin_End, Link" LABEL:"" DESC=""}
  LINK @7906 {TXH1:50 TXH2:441 RELATION=child}
  SET_ATTR @7926 {TXH:441 NAME:op_type VALUE:33603684309229924   RADIX:UVM_STRING BITS=56}
  SET_ATTR @7926 {TXH:441 NAME:addr VALUE:68   RADIX:UVM_HEX BITS=32}
  SET_ATTR @7926 {TXH:441 NAME:din VALUE:203   RADIX:UVM_HEX BITS=8}
  SET_ATTR @7926 {TXH:441 NAME:dout VALUE:66   RADIX:UVM_HEX BITS=8}
  SET_ATTR @7926 {TXH:441 NAME:valid_sb VALUE:0   RADIX:UVM_HEX BITS=1}
  SET_ATTR @7926 {TXH:441 NAME:transaction_id VALUE:390   RADIX:UVM_DEC BITS=32}
END @7926 {TXH:441 TIME=0}
FREE @7926 {TXH:441}
BEGIN @7926 {TXH:442 STREAM:6 NAME:req TIME=0  TYPE="Begin_End, Link" LABEL:"" DESC=""}
  LINK @7926 {TXH1:50 TXH2:442 RELATION=child}
  SET_ATTR @7946 {TXH:442 NAME:op_type VALUE:33603684309229924   RADIX:UVM_STRING BITS=56}
  SET_ATTR @7946 {TXH:442 NAME:addr VALUE:68   RADIX:UVM_HEX BITS=32}
  SET_ATTR @7946 {TXH:442 NAME:din VALUE:62   RADIX:UVM_HEX BITS=8}
  SET_ATTR @7946 {TXH:442 NAME:dout VALUE:66   RADIX:UVM_HEX BITS=8}
  SET_ATTR @7946 {TXH:442 NAME:valid_sb VALUE:0   RADIX:UVM_HEX BITS=1}
  SET_ATTR @7946 {TXH:442 NAME:transaction_id VALUE:391   RADIX:UVM_DEC BITS=32}
END @7946 {TXH:442 TIME=0}
FREE @7946 {TXH:442}
BEGIN @7946 {TXH:443 STREAM:6 NAME:req TIME=0  TYPE="Begin_End, Link" LABEL:"" DESC=""}
  LINK @7946 {TXH1:50 TXH2:443 RELATION=child}
  SET_ATTR @7966 {TXH:443 NAME:op_type VALUE:33603684309229924   RADIX:UVM_STRING BITS=56}
  SET_ATTR @7966 {TXH:443 NAME:addr VALUE:68   RADIX:UVM_HEX BITS=32}
  SET_ATTR @7966 {TXH:443 NAME:din VALUE:124   RADIX:UVM_HEX BITS=8}
  SET_ATTR @7966 {TXH:443 NAME:dout VALUE:66   RADIX:UVM_HEX BITS=8}
  SET_ATTR @7966 {TXH:443 NAME:valid_sb VALUE:0   RADIX:UVM_HEX BITS=1}
  SET_ATTR @7966 {TXH:443 NAME:transaction_id VALUE:392   RADIX:UVM_DEC BITS=32}
END @7966 {TXH:443